{"type":"FeatureCollection","features":[{"type":"Feature","geometry":{"type":"MultiPolygon","coordinates":[[[[137.9167,-1.4985],[137.8926,-1.468],[137.9165,-1.4617],[137.9327,-1.5037],[137.9638,-1.5211],[137.9548,-1.5354],[137.9455,-1.5279],[137.9501,-1.5409],[137.9803,-1.5335],[138.0637,-1.6017],[138.1851,-1.6353],[138.3204,-1.7057],[138.6644,-1.7951],[138.7331,-1.853],[138.7505,-1.8468],[138.7548,-1.8816],[138.7912,-1.9219],[138.865,-1.969],[138.9012,-1.9576],[138.9963,-1.9762],[139.2658,-2.1186],[139.435,-2.1831],[139.6169,-2.2862],[139.6189,-2.3071],[139.6356,-2.302],[139.6202,-2.289],[139.6499,-2.2943],[139.7661,-2.3637],[139.8572,-2.3785],[140.048,-2.3641],[140.1061,-2.3225],[140.1404,-2.3516],[140.1439,-2.326],[140.1507,-2.3743],[140.1846,-2.3829],[140.2243,-2.4198],[140.2428,-2.4032],[140.2923,-2.4246],[140.2951,-2.443],[140.3341,-2.4476],[140.3324,-2.4643],[140.3514,-2.447],[140.3673,-2.4565],[140.3677,-2.4225],[140.3405,-2.3979],[140.3734,-2.3987],[140.4937,-2.4439],[140.5203,-2.4285],[140.5399,-2.4487],[140.5912,-2.4551],[140.6079,-2.4411],[140.6351,-2.4674],[140.6271,-2.4898],[140.6416,-2.4646],[140.7242,-2.4976],[140.7437,-2.5365],[140.7277,-2.5158],[140.7051,-2.5403],[140.7158,-2.5452],[140.7109,-2.5915],[140.6924,-2.5739],[140.6841,-2.5945],[140.6999,-2.6282],[140.7298,-2.6262],[140.7052,-2.5964],[140.7579,-2.6287],[140.7789,-2.622],[140.7828,-2.5956],[140.9121,-2.6233],[141,-2.6003],[140.9998,-6.3139],[140.963,-6.3213],[140.962,-6.3461],[140.9778,-6.3587],[140.9445,-6.3763],[140.9837,-6.3834],[140.9445,-6.4061],[140.9557,-6.4255],[140.9181,-6.4221],[140.9393,-6.4391],[140.9277,-6.4586],[140.9491,-6.4592],[140.9601,-6.479],[140.9225,-6.4974],[140.9225,-6.5434],[140.9362,-6.5539],[140.8943,-6.5561],[140.8915,-6.5668],[140.9118,-6.5697],[140.8933,-6.5959],[140.8433,-6.6059],[140.877,-6.6172],[140.859,-6.636],[140.8736,-6.6459],[140.8682,-6.6753],[140.8488,-6.6774],[140.8494,-6.713],[140.9007,-6.7466],[140.8726,-6.7849],[140.8904,-6.8061],[140.9163,-6.8071],[140.8994,-6.8362],[140.914,-6.8645],[140.955,-6.8537],[140.9409,-6.8844],[140.9564,-6.9036],[140.9682,-6.8845],[141.0006,-6.8902],[141.0009,-9.1339],[140.8783,-9.0948],[140.823,-9.047],[140.7803,-8.982],[140.5913,-8.8091],[140.5103,-8.6868],[140.4828,-8.6171],[140.3514,-8.5036],[140.3455,-8.4756],[140.38,-8.4815],[140.3671,-8.452],[140.4094,-8.489],[140.4419,-8.4871],[140.4449,-8.458],[140.476,-8.4674],[140.4903,-8.437],[140.4746,-8.419],[140.5295,-8.4403],[140.5352,-8.4309],[140.5159,-8.4266],[140.5463,-8.3969],[140.5295,-8.387],[140.6123,-8.3529],[140.6273,-8.3609],[140.6427,-8.3389],[140.6301,-8.3313],[140.6638,-8.3344],[140.6631,-8.3488],[140.7052,-8.3417],[140.7049,-8.3202],[140.7044,-8.3392],[140.6631,-8.3468],[140.6643,-8.3322],[140.631,-8.3288],[140.6232,-8.3385],[140.6408,-8.3399],[140.6271,-8.3593],[140.6123,-8.3508],[140.5273,-8.3862],[140.544,-8.3954],[140.514,-8.425],[140.5301,-8.4379],[140.4748,-8.4156],[140.4701,-8.4307],[140.488,-8.4353],[140.4739,-8.4664],[140.4431,-8.4545],[140.4404,-8.4837],[140.4103,-8.486],[140.3716,-8.4468],[140.3606,-8.4597],[140.3751,-8.4822],[140.3507,-8.469],[140.3248,-8.4795],[140.2472,-8.4175],[140.2143,-8.3684],[140.2365,-8.3927],[140.2341,-8.363],[140.2606,-8.3759],[140.2768,-8.3302],[140.3081,-8.3045],[140.3384,-8.348],[140.378,-8.3057],[140.3692,-8.2828],[140.3999,-8.2905],[140.368,-8.2817],[140.3758,-8.3057],[140.3376,-8.3468],[140.3419,-8.3331],[140.3189,-8.3269],[140.3078,-8.3025],[140.2755,-8.3291],[140.2619,-8.3723],[140.2317,-8.3611],[140.2356,-8.3906],[140.2242,-8.3648],[140.167,-8.352],[140.041,-8.2623],[139.9481,-8.1563],[139.9461,-8.1304],[139.9974,-8.0943],[140.0428,-8.0945],[140.063,-8.076],[140.0657,-8.0399],[140.0439,-8.0012],[140.0652,-7.9115],[140.1231,-7.9329],[140.1329,-7.8854],[140.1829,-7.8913],[140.2092,-7.8733],[140.1701,-7.8381],[140.1763,-7.8198],[140.2037,-7.8255],[140.2007,-7.767],[140.218,-7.7584],[140.213,-7.742],[140.1829,-7.7564],[140.1864,-7.7067],[140.2083,-7.7143],[140.2154,-7.701],[140.2663,-7.7198],[140.2643,-7.6901],[140.2719,-7.7005],[140.2895,-7.6849],[140.267,-7.6563],[140.299,-7.6685],[140.3291,-7.6448],[140.3167,-7.6272],[140.3298,-7.6089],[140.3231,-7.5765],[140.2981,-7.5781],[140.2974,-7.59],[140.2532,-7.5666],[140.2976,-7.5915],[140.2985,-7.5792],[140.3223,-7.577],[140.328,-7.6078],[140.3145,-7.6279],[140.3281,-7.6443],[140.3016,-7.666],[140.2647,-7.6566],[140.288,-7.6856],[140.2707,-7.6994],[140.2647,-7.6855],[140.2653,-7.719],[140.2153,-7.6994],[140.2076,-7.7112],[140.1844,-7.705],[140.1806,-7.7565],[140.2109,-7.745],[140.2159,-7.759],[140.1983,-7.7669],[140.2033,-7.822],[140.1755,-7.8186],[140.1665,-7.8371],[140.2043,-7.8721],[140.1821,-7.8885],[140.1646,-7.8766],[140.1312,-7.8839],[140.123,-7.9282],[140.0769,-7.9051],[140.0575,-7.9126],[140.037,-8.0012],[140.0437,-8.0747],[139.998,-8.0776],[139.9559,-8.1068],[139.9079,-8.1163],[139.7068,-8.1035],[139.5818,-8.1347],[139.5802,-8.1481],[139.5058,-8.1844],[139.3277,-8.1915],[139.284,-8.1696],[139.238,-8.1127],[139.2371,-8.0732],[139.2627,-8.0282],[139.2373,-8.04],[139.2453,-7.9933],[139.2187,-8.0028],[139.2111,-7.9618],[139.249,-7.9595],[139.2665,-7.9908],[139.3036,-7.9696],[139.2975,-7.9903],[139.3103,-7.9966],[139.328,-7.9709],[139.3522,-7.9849],[139.3582,-7.9585],[139.3807,-7.9762],[139.3889,-7.9523],[139.4058,-7.9711],[139.4155,-7.913],[139.433,-7.9247],[139.4919,-7.8831],[139.506,-7.8848],[139.5182,-7.9278],[139.5263,-7.9139],[139.5348,-7.9253],[139.5734,-7.9109],[139.5833,-7.9226],[139.5713,-7.9097],[139.535,-7.9235],[139.5266,-7.9126],[139.5188,-7.9261],[139.5081,-7.8839],[139.492,-7.8811],[139.4326,-7.9224],[139.4128,-7.9129],[139.4085,-7.9681],[139.3878,-7.95],[139.3833,-7.9731],[139.3677,-7.9727],[139.3583,-7.9567],[139.3488,-7.9844],[139.3371,-7.9689],[139.3116,-7.9753],[139.3124,-7.995],[139.2993,-7.9904],[139.3007,-7.9675],[139.267,-7.9886],[139.2509,-7.9583],[139.2102,-7.9585],[139.2167,-8.0067],[139.2415,-7.9968],[139.2301,-8.0399],[139.2438,-8.0579],[139.2265,-8.0863],[139.076,-8.13],[139.0692,-8.1099],[139.0721,-8.1433],[138.9854,-8.1943],[138.9553,-8.1844],[138.9575,-8.1618],[138.9501,-8.1791],[138.9749,-8.2001],[138.9748,-8.2259],[138.9326,-8.2686],[138.9135,-8.2606],[138.8407,-8.1389],[138.8493,-8.0891],[138.929,-8.064],[138.9038,-8.0241],[138.9235,-7.9756],[138.9121,-7.9258],[139.0196,-7.856],[139.0153,-7.7645],[139.0561,-7.6936],[139.0644,-7.6432],[139.1076,-7.6034],[139.1146,-7.642],[139.1095,-7.5986],[139.1251,-7.5826],[139.1137,-7.5711],[139.1783,-7.4873],[139.1122,-7.5682],[139.0973,-7.5378],[139.058,-7.5188],[138.9741,-7.524],[138.8791,-7.3294],[138.673,-7.2232],[138.6755,-7.2005],[138.7889,-7.2107],[138.912,-7.1998],[139.0198,-7.2418],[139.1672,-7.2385],[139.1991,-7.2263],[139.244,-7.1506],[139.2536,-7.2094],[139.2739,-7.2317],[139.31,-7.2193],[139.3543,-7.2397],[139.4117,-7.2378],[139.4403,-7.2191],[139.4285,-7.1958],[139.408,-7.1888],[139.3886,-7.2048],[139.3558,-7.1687],[139.3796,-7.1351],[139.408,-7.1328],[139.4741,-7.1715],[139.462,-7.1988],[139.4686,-7.254],[139.5394,-7.2871],[139.5778,-7.2613],[139.5915,-7.1879],[139.6441,-7.1786],[139.6319,-7.2359],[139.6599,-7.2972],[139.6903,-7.287],[139.7479,-7.2165],[139.7683,-7.1788],[139.7611,-7.1305],[139.8004,-7.083],[139.8617,-7.1041],[139.888,-7.1286],[139.901,-7.1834],[139.9361,-7.1967],[139.9963,-7.1936],[140.0153,-7.1553],[140.058,-7.1466],[140.1325,-7.097],[140.1037,-7.0692],[140.096,-7.0006],[140.0956,-7.0605],[140.1291,-7.0995],[140.0846,-7.1123],[140.0537,-7.1457],[140.0106,-7.15],[139.9967,-7.1907],[139.9295,-7.1929],[139.9008,-7.1789],[139.8925,-7.1082],[139.8036,-7.0767],[139.7641,-7.1133],[139.7429,-7.2145],[139.6964,-7.2473],[139.6861,-7.2869],[139.6612,-7.2599],[139.6533,-7.1829],[139.6302,-7.1562],[139.5689,-7.1919],[139.5584,-7.2682],[139.503,-7.2643],[139.4706,-7.2346],[139.4833,-7.157],[139.4269,-7.1217],[139.3932,-7.119],[139.3469,-7.0441],[139.3152,-7.0486],[139.2607,-7.017],[139.2221,-7.0232],[139.2194,-6.9698],[139.2206,-6.9134],[139.28,-6.9039],[139.2958,-6.856],[139.3299,-6.8672],[139.324,-6.8906],[139.3592,-6.9305],[139.3686,-6.9045],[139.4271,-6.8969],[139.3948,-6.8629],[139.4144,-6.8435],[139.3937,-6.8245],[139.4042,-6.8036],[139.4318,-6.8157],[139.4156,-6.8261],[139.4196,-6.8449],[139.4591,-6.8508],[139.482,-6.7933],[139.5004,-6.7877],[139.4798,-6.7919],[139.4594,-6.8481],[139.4209,-6.8442],[139.4164,-6.8267],[139.4344,-6.8156],[139.4034,-6.7992],[139.3913,-6.8232],[139.4119,-6.844],[139.393,-6.8674],[139.4252,-6.8961],[139.3677,-6.9021],[139.3598,-6.9275],[139.3248,-6.8883],[139.3327,-6.8653],[139.2941,-6.8536],[139.2816,-6.8972],[139.2163,-6.9123],[139.2132,-6.9879],[139.1878,-6.9626],[139.1347,-6.9566],[138.955,-6.8296],[138.9319,-6.7864],[138.8748,-6.8],[138.8341,-6.7877],[138.8244,-6.699],[138.9422,-6.7591],[138.9687,-6.7524],[138.9654,-6.7231],[139.0047,-6.7243],[138.9957,-6.7095],[139.0088,-6.6949],[138.9931,-6.7093],[139.0033,-6.7235],[138.9636,-6.7214],[138.9669,-6.7524],[138.9409,-6.7573],[138.8308,-6.7025],[138.8508,-6.6686],[138.8209,-6.6979],[138.6649,-6.5883],[138.6926,-6.5535],[138.685,-6.5313],[138.7002,-6.5421],[138.7072,-6.5288],[138.7127,-6.5416],[138.7383,-6.533],[138.6847,-6.529],[138.6898,-6.5521],[138.6507,-6.5774],[138.5306,-6.445],[138.4427,-6.3762],[138.4219,-6.3395],[138.4562,-6.3253],[138.4603,-6.3381],[138.4852,-6.3112],[138.4924,-6.3243],[138.4991,-6.3102],[138.5511,-6.3158],[138.5638,-6.3391],[138.61,-6.341],[138.6164,-6.3256],[138.6356,-6.346],[138.6626,-6.3321],[138.6311,-6.3438],[138.6142,-6.3231],[138.6078,-6.3396],[138.5637,-6.3373],[138.5525,-6.3141],[138.5127,-6.3044],[138.4585,-6.335],[138.4283,-6.3236],[138.3946,-6.2486],[138.3876,-6.1802],[138.4555,-6.183],[138.4698,-6.2047],[138.4848,-6.1887],[138.4917,-6.2116],[138.5093,-6.2075],[138.4961,-6.1889],[138.5126,-6.1896],[138.4943,-6.1873],[138.5076,-6.2076],[138.4928,-6.209],[138.4857,-6.187],[138.4693,-6.2022],[138.4562,-6.1807],[138.4013,-6.1807],[138.3505,-6.0771],[138.3884,-6.0674],[138.4038,-6.0887],[138.4109,-6.0776],[138.4313,-6.0856],[138.4276,-6.0975],[138.4522,-6.0963],[138.4285,-6.0958],[138.433,-6.0845],[138.4102,-6.0755],[138.4046,-6.0867],[138.3872,-6.0646],[138.3452,-6.0686],[138.3149,-5.9882],[138.2608,-5.9237],[138.2528,-5.8773],[138.2642,-5.8611],[138.4046,-5.832],[138.429,-5.8555],[138.4451,-5.8474],[138.47,-5.8816],[138.4916,-5.8631],[138.5186,-5.8861],[138.5302,-5.8766],[138.5523,-5.8877],[138.5684,-5.9196],[138.5772,-5.8857],[138.5961,-5.8967],[138.6029,-5.8798],[138.6354,-5.9119],[138.6113,-5.9172],[138.6228,-5.9462],[138.6498,-5.9442],[138.6356,-5.9274],[138.66,-5.9101],[138.6339,-5.9275],[138.6506,-5.9422],[138.625,-5.9451],[138.6134,-5.9174],[138.634,-5.9225],[138.6375,-5.9108],[138.604,-5.878],[138.5954,-5.8945],[138.5757,-5.8851],[138.569,-5.9185],[138.5566,-5.8888],[138.532,-5.8756],[138.5186,-5.8837],[138.4895,-5.8613],[138.4707,-5.8795],[138.448,-5.8453],[138.4278,-5.853],[138.4093,-5.8301],[138.4086,-5.7329],[138.4249,-5.7293],[138.443,-5.7626],[138.4691,-5.7706],[138.4799,-5.7214],[138.5048,-5.6984],[138.5181,-5.7357],[138.5701,-5.7756],[138.6321,-5.7533],[138.6266,-5.7082],[138.6963,-5.6574],[138.7489,-5.6523],[138.7613,-5.7025],[138.8144,-5.7138],[138.8404,-5.7093],[138.8767,-5.6642],[138.9039,-5.6726],[138.9216,-5.654],[138.9813,-5.6878],[138.9732,-5.7096],[139.0125,-5.7612],[138.9885,-5.8152],[139.0137,-5.8592],[138.9408,-5.8202],[139.0729,-5.8908],[139.0171,-5.8585],[138.9926,-5.8206],[139.0136,-5.7552],[138.9751,-5.7083],[138.9832,-5.6866],[138.9248,-5.6512],[138.9034,-5.6699],[138.8747,-5.662],[138.8392,-5.7082],[138.8166,-5.7119],[138.7622,-5.6995],[138.7536,-5.6513],[138.6908,-5.6559],[138.6207,-5.7102],[138.6279,-5.7522],[138.5715,-5.7726],[138.5229,-5.7346],[138.5063,-5.6961],[138.4772,-5.7178],[138.4673,-5.7664],[138.4257,-5.725],[138.4009,-5.7354],[138.3841,-5.7239],[138.4608,-5.6979],[138.5087,-5.6588],[138.7377,-5.6313],[138.8098,-5.5866],[138.8645,-5.5773],[138.865,-5.5022],[138.9081,-5.4802],[139.0309,-5.5162],[139.1315,-5.5151],[139.1823,-5.5626],[139.1983,-5.5422],[139.2346,-5.5405],[139.2212,-5.5709],[139.2302,-5.6281],[139.3186,-5.7084],[139.3159,-5.7443],[139.3629,-5.7773],[139.3822,-5.7713],[139.4339,-5.8367],[139.4481,-5.8684],[139.4341,-5.9132],[139.456,-6.0003],[139.4356,-5.9067],[139.4507,-5.8672],[139.4357,-5.835],[139.3843,-5.7702],[139.3631,-5.775],[139.3181,-5.7427],[139.3166,-5.7018],[139.226,-5.6163],[139.2249,-5.5669],[139.2412,-5.5528],[139.2314,-5.5103],[139.2427,-5.5008],[139.259,-5.5203],[139.2759,-5.5022],[139.2562,-5.496],[139.2593,-5.4657],[139.2271,-5.4377],[139.2574,-5.4356],[139.2755,-5.3967],[139.2854,-5.4061],[139.291,-5.3877],[139.3108,-5.3848],[139.3112,-5.3521],[139.3322,-5.3771],[139.3593,-5.3412],[139.3808,-5.3722],[139.4403,-5.3725],[139.4596,-5.3503],[139.479,-5.3706],[139.5,-5.3602],[139.4776,-5.3669],[139.4618,-5.3465],[139.4408,-5.369],[139.4049,-5.3676],[139.4028,-5.334],[139.385,-5.3686],[139.3662,-5.3401],[139.3506,-5.3425],[139.3398,-5.3737],[139.322,-5.3483],[139.3053,-5.3511],[139.3085,-5.3834],[139.2846,-5.4023],[139.2732,-5.3948],[139.2547,-5.4354],[139.2238,-5.4367],[139.2565,-5.4663],[139.2519,-5.4973],[139.2714,-5.4954],[139.2682,-5.5105],[139.2364,-5.4992],[139.2264,-5.5339],[139.1966,-5.5392],[139.1833,-5.5594],[139.141,-5.5145],[139.0603,-5.5019],[139.03,-5.5119],[138.948,-5.4796],[138.8895,-5.4766],[138.8599,-5.5033],[138.8517,-5.577],[138.8076,-5.5811],[138.7281,-5.6268],[138.4673,-5.58],[138.468,-5.5463],[138.5292,-5.5442],[138.5114,-5.5086],[138.5384,-5.476],[138.5082,-5.5085],[138.5282,-5.5427],[138.4643,-5.546],[138.4652,-5.581],[138.4883,-5.5845],[138.4267,-5.652],[138.3224,-5.6605],[138.2274,-5.6883],[138.2253,-5.6707],[138.2525,-5.6672],[138.2445,-5.6125],[138.2815,-5.6047],[138.2897,-5.6188],[138.3117,-5.5978],[138.2873,-5.6173],[138.2804,-5.599],[138.2462,-5.5958],[138.2641,-5.566],[138.237,-5.5549],[138.2366,-5.5398],[138.3312,-5.5251],[138.2614,-5.5335],[138.2594,-5.5073],[138.3105,-5.5072],[138.2566,-5.5054],[138.2446,-5.4682],[138.2434,-5.4483],[138.28,-5.417],[138.2993,-5.3711],[138.3121,-5.3698],[138.3478,-5.4572],[138.3747,-5.4226],[138.4162,-5.4459],[138.4465,-5.4249],[138.4741,-5.4379],[138.5277,-5.4256],[138.5503,-5.383],[138.5932,-5.3689],[138.5952,-5.3481],[138.6401,-5.3675],[138.6368,-5.3339],[138.6859,-5.3431],[138.6869,-5.3146],[138.6846,-5.3412],[138.6349,-5.3322],[138.6384,-5.3656],[138.5947,-5.3457],[138.5918,-5.3679],[138.5495,-5.3807],[138.5285,-5.4231],[138.435,-5.4284],[138.4557,-5.3552],[138.5081,-5.2689],[138.4524,-5.3525],[138.4192,-5.4423],[138.371,-5.4195],[138.3443,-5.4546],[138.3052,-5.3651],[138.2763,-5.4134],[138.2014,-5.4817],[138.1859,-5.4404],[138.164,-5.4397],[138.1338,-5.4806],[138.1253,-5.5324],[138.0868,-5.5328],[138.0947,-5.5018],[138.0803,-5.4731],[138.089,-5.5196],[138.055,-5.5137],[138.0667,-5.4496],[138.058,-5.389],[138.1601,-5.3873],[138.1841,-5.3413],[138.247,-5.3226],[138.287,-5.2638],[138.2753,-5.1946],[138.3725,-5.1786],[138.3528,-5.2103],[138.3667,-5.2426],[138.4345,-5.2256],[138.4624,-5.2598],[138.4335,-5.2236],[138.3684,-5.2413],[138.3551,-5.2117],[138.3782,-5.1786],[138.4224,-5.151],[138.4344,-5.1718],[138.4815,-5.16],[138.5126,-5.125],[138.5025,-5.109],[138.5443,-5.0952],[138.5284,-5.0752],[138.5724,-5.0549],[138.5836,-5.0787],[138.6629,-5.0739],[138.6743,-5.0358],[138.6568,-5.0266],[138.6808,-5.0003],[138.6544,-5.0255],[138.6706,-5.0359],[138.6612,-5.072],[138.6289,-5.0812],[138.5838,-5.077],[138.5814,-5.0527],[138.5419,-5.03],[138.5511,-5.0028],[138.5388,-5.0309],[138.5673,-5.0543],[138.5253,-5.0732],[138.5396,-5.0956],[138.4994,-5.105],[138.5077,-5.1247],[138.4846,-5.1369],[138.4812,-5.1576],[138.4363,-5.1701],[138.4198,-5.148],[138.3814,-5.1724],[138.2736,-5.19],[138.2794,-5.2713],[138.2351,-5.3249],[138.1754,-5.3379],[138.1626,-5.3744],[138.1127,-5.3514],[138.1126,-5.3271],[138.1284,-5.2995],[138.1771,-5.2786],[138.1887,-5.2282],[138.1756,-5.2773],[138.1266,-5.2985],[138.1298,-5.3133],[138.1122,-5.321],[138.1266,-5.3766],[138.0487,-5.38],[138.0424,-5.4436],[137.9929,-5.3959],[137.9881,-5.373],[138.0462,-5.3749],[138.0847,-5.2842],[138.1492,-5.2718],[138.1412,-5.2003],[138.1837,-5.1825],[138.1857,-5.1508],[138.256,-5.1644],[138.299,-5.1416],[138.3071,-5.1095],[138.3538,-5.0892],[138.3904,-5.1],[138.3912,-5.0825],[138.3775,-5.0875],[138.3954,-5.0616],[138.3879,-5.0456],[138.418,-5.0216],[138.4026,-5.0003],[138.4142,-5.0205],[138.3948,-5.029],[138.4033,-5.0429],[138.3842,-5.0436],[138.3755,-5.0848],[138.391,-5.0856],[138.3873,-5.0991],[138.3542,-5.086],[138.3093,-5.105],[138.321,-5.0924],[138.3095,-5.0693],[138.3283,-5.0543],[138.3088,-5.032],[138.3257,-5.0546],[138.3071,-5.0687],[138.3183,-5.0923],[138.2936,-5.1424],[138.2544,-5.1613],[138.2249,-5.1555],[138.2501,-5.1416],[138.2166,-5.1254],[138.2388,-5.1069],[138.2307,-5.092],[138.2594,-5.0859],[138.2559,-5.0701],[138.2791,-5.0732],[138.2739,-5.0246],[138.2991,-5.0003],[138.2715,-5.0249],[138.2775,-5.0725],[138.2556,-5.0689],[138.255,-5.0868],[138.2298,-5.0882],[138.2352,-5.108],[138.2129,-5.1244],[138.2456,-5.1445],[138.1827,-5.1421],[138.1658,-5.1187],[138.1586,-5.1416],[138.0704,-5.152],[138.0703,-5.1381],[138.1026,-5.1353],[138.095,-5.1037],[138.1205,-5.1079],[138.1019,-5.0759],[138.1184,-5.1076],[138.0933,-5.1031],[138.1012,-5.1336],[138.0636,-5.1437],[138.0919,-5.1766],[138.041,-5.1945],[138.0573,-5.2366],[138.0181,-5.2502],[137.9877,-5.2876],[137.9611,-5.279],[137.9342,-5.2919],[137.8982,-5.3261],[137.879,-5.3205],[137.8856,-5.2927],[137.8753,-5.3053],[137.8347,-5.2863],[137.7317,-5.3725],[137.7165,-5.3476],[137.7712,-5.2796],[137.771,-5.2113],[137.7655,-5.2756],[137.7346,-5.2877],[137.68,-5.2371],[137.6848,-5.2007],[137.7151,-5.1853],[137.7135,-5.164],[137.6704,-5.2176],[137.5481,-5.1692],[137.5629,-5.1457],[137.6222,-5.1408],[137.6633,-5.1177],[137.6709,-5.0944],[137.6616,-5.1163],[137.6352,-5.1231],[137.6025,-5.098],[137.6511,-5.0515],[137.6707,-5.0691],[137.6829,-5.0546],[137.7009,-5.0622],[137.6829,-5.0523],[137.6701,-5.0671],[137.6526,-5.0459],[137.6815,-5.0115],[137.6333,-5.0725],[137.6032,-5.0813],[137.634,-5.0085],[137.6673,-5.0044],[137.6652,-4.9943],[137.635,-5.0065],[137.655,-4.9911],[137.6435,-4.9916],[137.7546,-4.7871],[137.803,-4.6494],[137.8126,-4.5933],[137.7415,-4.4837],[137.7267,-4.3972],[137.7916,-4.1786],[136.984,-4.1684],[137.0618,-3.7826],[137.0847,-3.5854],[137.1525,-3.3289],[137.1658,-3.175],[137.265,-3.1651],[137.3512,-3.0848],[137.4236,-3.0545],[137.5268,-3.0569],[137.5902,-3.0112],[137.6938,-3.0496],[137.7853,-3.0607],[138.2346,-3.0233],[138.3131,-2.9483],[138.4218,-2.9276],[138.4562,-2.8657],[138.4417,-2.7686],[138.3419,-2.6052],[138.2056,-2.4816],[138.1743,-2.4188],[138.0803,-2.3219],[138.0265,-2.3162],[137.9552,-2.2307],[137.9385,-2.1771],[137.8383,-2.0732],[137.8547,-1.9607],[137.9,-1.8652],[137.8829,-1.8141],[137.8902,-1.7255],[137.8728,-1.6672],[137.9167,-1.4985]],[[140.611,-2.6103],[140.6094,-2.589],[140.5635,-2.6002],[140.5405,-2.5794],[140.49,-2.6277],[140.4424,-2.6046],[140.4404,-2.5904],[140.4197,-2.5969],[140.4516,-2.5716],[140.4135,-2.5831],[140.4165,-2.5591],[140.384,-2.5969],[140.515,-2.6459],[140.5332,-2.6043],[140.561,-2.6401],[140.5809,-2.6115],[140.59,-2.6281],[140.5673,-2.671],[140.5756,-2.6868],[140.611,-2.6103]],[[140.9394,-6.9764],[140.9073,-6.9301],[140.8072,-6.902],[140.7317,-6.9572],[140.729,-6.9846],[140.7635,-6.9988],[140.7392,-7.0461],[140.7538,-7.0603],[140.817,-7.0421],[140.8321,-6.9887],[140.8894,-6.9907],[140.8959,-7.0039],[140.8622,-7.0307],[140.8676,-7.0575],[140.8174,-7.1043],[140.8122,-7.1507],[140.8334,-7.1917],[140.848,-7.1848],[140.8463,-7.1632],[140.8799,-7.179],[140.9545,-7.068],[140.9594,-7.0339],[140.9394,-6.9764]]],[[[138.5639,-8.277],[138.4882,-8.3172],[138.4676,-8.3475],[138.3675,-8.3724],[138.32,-8.3691],[138.3195,-8.3267],[138.3236,-8.3596],[138.2975,-8.391],[137.8727,-8.3777],[137.7004,-8.4182],[137.6612,-8.4452],[137.6451,-8.4275],[137.7012,-8.2215],[137.789,-8.0577],[137.8231,-8.0442],[137.8681,-8.0537],[137.8968,-8.0953],[137.9989,-8.1356],[138.0151,-8.1676],[137.9926,-8.188],[138.0177,-8.1678],[138.0028,-8.1359],[137.8946,-8.0913],[137.8776,-8.0406],[137.9978,-8.0345],[138.1662,-8.0774],[137.9974,-8.0328],[137.859,-8.0491],[137.8045,-8.029],[137.8402,-7.9178],[137.9154,-7.7856],[137.9629,-7.7447],[137.9892,-7.743],[137.9995,-7.7598],[137.9925,-7.7405],[137.9704,-7.7369],[137.971,-7.717],[138.0361,-7.6219],[138.0817,-7.5846],[138.1023,-7.6004],[138.1038,-7.6245],[138.1306,-7.6325],[138.105,-7.6215],[138.0866,-7.5765],[138.2496,-7.465],[138.3807,-7.417],[138.6155,-7.3743],[138.7615,-7.3735],[138.7995,-7.3861],[138.8683,-7.4363],[138.9252,-7.5379],[139.0887,-7.5736],[139.0421,-7.6287],[139.0353,-7.6868],[138.9929,-7.7568],[138.9962,-7.8485],[138.9188,-7.8849],[138.8918,-7.9182],[138.9023,-7.9896],[138.8876,-8.0212],[138.9146,-8.0684],[138.8377,-8.0655],[138.7957,-8.1334],[138.6763,-8.1461],[138.6512,-8.2051],[138.5639,-8.277]]],[[[139.0474,-7.2073],[138.9559,-7.1649],[138.8536,-7.1589],[138.7682,-7.125],[138.5838,-6.9905],[138.5539,-6.9442],[138.5638,-6.9169],[138.6241,-6.8815],[138.7176,-6.9074],[138.7986,-6.8527],[138.9267,-6.8417],[139.1203,-6.962],[139.1894,-6.9733],[139.2273,-6.9992],[139.2205,-7.0248],[139.2625,-7.0225],[139.3151,-7.0542],[139.3466,-7.0478],[139.3823,-7.1157],[139.3408,-7.178],[139.3855,-7.2148],[139.4226,-7.2095],[139.4287,-7.2228],[139.3626,-7.2314],[139.3201,-7.2075],[139.2761,-7.2201],[139.2637,-7.1564],[139.2369,-7.1411],[139.2073,-7.1536],[139.1815,-7.213],[139.0474,-7.2073]]],[[[138.5801,-8.2943],[138.6652,-8.224],[138.6822,-8.1623],[138.7528,-8.1587],[138.8192,-8.1321],[138.8457,-8.1732],[138.8488,-8.2567],[138.921,-8.293],[138.9246,-8.3617],[138.9062,-8.3825],[138.854,-8.3857],[138.6114,-8.3623],[138.5499,-8.3339],[138.5801,-8.2943]]],[[[138.2429,-5.8217],[138.1748,-5.8007],[138.1674,-5.7471],[138.28,-5.6866],[138.443,-5.6557],[138.4915,-5.5885],[138.6995,-5.6229],[138.6166,-5.6509],[138.5125,-5.6532],[138.3927,-5.7013],[138.3795,-5.7188],[138.3982,-5.7466],[138.405,-5.8186],[138.2921,-5.8405],[138.2429,-5.8217]]],[[[138.0648,-5.7],[138.0453,-5.6272],[138.0518,-5.5717],[138.1346,-5.5371],[138.141,-5.4849],[138.1703,-5.4423],[138.202,-5.4869],[138.2399,-5.4496],[138.2572,-5.5168],[138.2538,-5.5401],[138.237,-5.5369],[138.2333,-5.5521],[138.2615,-5.5665],[138.2433,-5.5947],[138.2782,-5.6009],[138.2405,-5.6122],[138.2485,-5.6661],[138.2156,-5.6728],[138.1785,-5.725],[138.1369,-5.7158],[138.0823,-5.7412],[138.0648,-5.7]]],[[[138.1372,-5.2085],[138.1455,-5.2702],[138.0852,-5.2783],[138.0565,-5.32],[138.0468,-5.3685],[137.9834,-5.3705],[137.9957,-5.4213],[138.0403,-5.4809],[138.0159,-5.4961],[137.9556,-5.4551],[137.8706,-5.3629],[137.947,-5.2955],[137.9912,-5.2961],[138.022,-5.2583],[138.0874,-5.2341],[138.0678,-5.2324],[138.048,-5.194],[138.0898,-5.1889],[138.0961,-5.1518],[138.1357,-5.1373],[138.1612,-5.145],[138.164,-5.1242],[138.1867,-5.1452],[138.1786,-5.1834],[138.144,-5.1916],[138.1372,-5.2085]]],[[[138.8299,-6.8255],[138.7475,-6.7516],[138.6729,-6.7294],[138.6704,-6.6438],[138.6941,-6.6303],[138.8133,-6.7006],[138.8278,-6.7366],[138.8205,-6.7801],[138.84,-6.7969],[138.9431,-6.7981],[138.9446,-6.8287],[138.8299,-6.8255]]],[[[138.6736,-6.8375],[138.616,-6.7829],[138.6137,-6.7385],[138.6316,-6.7326],[138.749,-6.7752],[138.7003,-6.8057],[138.6927,-6.8347],[138.6736,-6.8375]]],[[[138.6883,-6.878],[138.6665,-6.8442],[138.6922,-6.8388],[138.7022,-6.8085],[138.7539,-6.7793],[138.7983,-6.8385],[138.729,-6.8871],[138.6883,-6.878]]],[[[138.2584,-8.3957],[138.4712,-8.3493],[138.4998,-8.3202],[138.4492,-8.3763],[138.3761,-8.4088],[138.2752,-8.425],[138.2577,-8.4196],[138.2584,-8.3957]]],[[[137.8539,-5.3627],[137.8109,-5.3762],[137.7653,-5.3612],[137.7813,-5.3314],[137.8497,-5.2866],[137.8879,-5.3334],[137.8539,-5.3627]]],[[[138.9762,-8.3246],[138.9396,-8.3013],[139.0004,-8.2642],[139.0089,-8.3178],[138.9762,-8.3246]]],[[[137.5969,-5.0977],[137.6278,-5.1295],[137.5453,-5.1421],[137.5969,-5.0977]]],[[[138.9436,-8.3701],[138.9223,-8.3405],[138.9286,-8.3135],[138.9734,-8.3506],[138.9436,-8.3701]]],[[[138.8517,-8.2077],[138.8868,-8.2298],[138.892,-8.2607],[138.8526,-8.2475],[138.8517,-8.2077]]],[[[138.7195,-7.159],[138.7126,-7.1412],[138.7316,-7.1283],[138.7696,-7.1631],[138.7195,-7.159]]],[[[138.7089,-1.5964],[138.7136,-1.5819],[138.7301,-1.5916],[138.7463,-1.6262],[138.7183,-1.6213],[138.7089,-1.5964]]],[[[139.6578,-7.255],[139.6747,-7.2881],[139.654,-7.2904],[139.6378,-7.2286],[139.6461,-7.2083],[139.6578,-7.255]]],[[[138.9791,-7.2136],[138.9711,-7.1939],[139.032,-7.2237],[138.9791,-7.2136]]],[[[138.9722,-8.3398],[138.9357,-8.3073],[139.0039,-8.326],[138.9991,-8.3394],[138.9722,-8.3398]]],[[[138.9604,-8.2867],[138.9691,-8.2492],[138.9885,-8.2513],[138.9604,-8.2867]]],[[[138.8963,-8.2834],[138.85,-8.2495],[138.9004,-8.2695],[138.8963,-8.2834]]],[[[140.0618,-8.0519],[140.0423,-8.0333],[140.0443,-8.0089],[140.0618,-8.0519]]],[[[139.5862,-7.1804],[139.6288,-7.1609],[139.641,-7.1727],[139.5862,-7.1804]]],[[[138.7914,-1.6827],[138.8021,-1.6677],[138.7988,-1.7101],[138.7914,-1.6827]]],[[[139.5794,-7.1994],[139.5703,-7.2476],[139.5633,-7.2256],[139.5794,-7.1994]]],[[[138.7125,-8.1608],[138.6948,-8.1516],[138.7151,-8.1495],[138.7125,-8.1608]]],[[[139.1651,-7.2092],[139.1657,-7.2206],[139.1463,-7.2137],[139.1651,-7.2092]]],[[[139.1227,-7.5828],[139.112,-7.5936],[139.1104,-7.575],[139.1227,-7.5828]]]]},"properties":{"name":"IRIAN JAYA TIMUR"}},{"type":"Feature","geometry":{"type":"MultiPolygon","coordinates":[[[[117.6272,-8.5064],[117.6212,-8.5398],[117.6355,-8.5604],[117.6874,-8.5789],[117.6966,-8.5656],[117.7339,-8.5649],[117.7251,-8.5908],[117.7583,-8.5983],[117.7478,-8.6317],[117.777,-8.6329],[117.7466,-8.642],[117.7661,-8.6593],[117.7671,-8.7059],[117.8005,-8.7267],[117.8649,-8.6984],[117.8974,-8.7078],[117.8832,-8.7232],[117.8999,-8.7407],[117.9156,-8.7196],[117.9526,-8.7443],[118.042,-8.6634],[118.1283,-8.6483],[118.1907,-8.6745],[118.2274,-8.6508],[118.2329,-8.6661],[118.2592,-8.6561],[118.2552,-8.6405],[118.2744,-8.6279],[118.2652,-8.5944],[118.2372,-8.5874],[118.2194,-8.5532],[118.183,-8.5737],[118.17,-8.5341],[118.1329,-8.5155],[118.122,-8.4855],[118.0964,-8.4967],[118.0745,-8.4514],[117.9755,-8.4665],[117.8148,-8.3668],[117.7251,-8.2523],[117.69,-8.2381],[117.7099,-8.2182],[117.7237,-8.1496],[117.7417,-8.1545],[117.7849,-8.1242],[117.8257,-8.129],[117.923,-8.0802],[117.9537,-8.106],[118.0027,-8.093],[118.0389,-8.1066],[118.074,-8.0998],[118.136,-8.1348],[118.1537,-8.2402],[118.2039,-8.2794],[118.2228,-8.3324],[118.2458,-8.3513],[118.2646,-8.3356],[118.261,-8.3604],[118.2788,-8.3688],[118.319,-8.3667],[118.3244,-8.3474],[118.3417,-8.3532],[118.376,-8.3322],[118.3766,-8.3057],[118.455,-8.246],[118.5893,-8.2645],[118.6543,-8.2891],[118.6959,-8.3531],[118.6908,-8.3917],[118.7029,-8.3948],[118.6561,-8.5495],[118.6805,-8.5097],[118.7134,-8.4952],[118.7241,-8.4642],[118.7117,-8.4572],[118.7265,-8.4305],[118.7031,-8.4095],[118.7162,-8.4029],[118.7062,-8.3857],[118.732,-8.3408],[118.8045,-8.2835],[118.8935,-8.2814],[119.0066,-8.3081],[118.9956,-8.373],[119.0214,-8.3956],[119.0292,-8.44],[119.0513,-8.4353],[119.0569,-8.4611],[119.0393,-8.4631],[119.0557,-8.5129],[119.017,-8.5381],[119.0291,-8.5488],[119.0146,-8.5831],[119.0286,-8.5875],[119.0262,-8.5749],[119.0433,-8.5953],[119.0351,-8.6321],[119.0823,-8.6485],[119.1007,-8.63],[119.1325,-8.6278],[119.1126,-8.5934],[119.1518,-8.5886],[119.1499,-8.5643],[119.167,-8.5544],[119.1774,-8.5631],[119.1632,-8.5768],[119.1857,-8.5825],[119.1943,-8.609],[119.1767,-8.6082],[119.185,-8.6311],[119.1518,-8.6307],[119.1728,-8.6461],[119.1605,-8.6713],[119.1783,-8.6952],[119.152,-8.7057],[119.1746,-8.7208],[119.1363,-8.7354],[119.136,-8.7498],[119.1068,-8.724],[119.103,-8.7499],[119.0398,-8.731],[118.9733,-8.7454],[118.9066,-8.6768],[118.8525,-8.727],[118.814,-8.7],[118.776,-8.7051],[118.763,-8.6877],[118.7346,-8.7249],[118.6979,-8.7399],[118.7326,-8.7539],[118.731,-8.7702],[118.7486,-8.7579],[118.9111,-8.7657],[118.923,-8.7855],[118.9536,-8.7902],[118.9623,-8.8149],[118.9476,-8.8311],[118.8397,-8.8417],[118.7604,-8.7934],[118.7245,-8.7898],[118.4516,-8.8908],[118.3965,-8.8713],[118.3657,-8.833],[118.3571,-8.78],[118.3932,-8.7581],[118.419,-8.6792],[118.4082,-8.6257],[118.3745,-8.6095],[118.3664,-8.6271],[118.3884,-8.6791],[118.3612,-8.6962],[118.34,-8.6861],[118.3133,-8.7305],[118.2718,-8.7436],[118.2692,-8.7702],[118.2088,-8.8088],[118.1936,-8.8376],[118.1125,-8.881],[118.0673,-8.8423],[117.994,-8.8582],[117.9719,-8.8965],[117.9289,-8.8997],[117.8774,-8.9451],[117.8309,-8.933],[117.8114,-8.9006],[117.76,-8.9353],[117.7304,-8.9179],[117.6781,-8.9222],[117.5918,-8.9833],[117.3919,-9.0544],[117.3466,-9.0455],[117.3285,-9.0588],[117.1942,-9.0234],[117.1348,-9.0887],[117.0182,-9.1136],[116.9562,-9.0625],[116.8884,-9.0678],[116.7943,-9.0413],[116.7417,-9.0045],[116.7295,-9.0119],[116.7332,-8.9846],[116.7147,-8.98],[116.7481,-8.9318],[116.7244,-8.9169],[116.7304,-8.8998],[116.7475,-8.9042],[116.7299,-8.8758],[116.7631,-8.8617],[116.7808,-8.8216],[116.7919,-8.8319],[116.8102,-8.821],[116.7961,-8.7808],[116.7724,-8.7731],[116.7805,-8.757],[116.7654,-8.7361],[116.7836,-8.7254],[116.771,-8.6817],[116.7455,-8.6692],[116.7829,-8.595],[116.8248,-8.5591],[116.811,-8.5194],[116.844,-8.5417],[116.9494,-8.5188],[116.9912,-8.4855],[117.0088,-8.5088],[117.0221,-8.466],[117.102,-8.4176],[117.0935,-8.4005],[117.1087,-8.3749],[117.1468,-8.3807],[117.1572,-8.3662],[117.1778,-8.3784],[117.1739,-8.3929],[117.2136,-8.4095],[117.2359,-8.4008],[117.2533,-8.4206],[117.39,-8.4754],[117.4366,-8.4119],[117.4271,-8.3971],[117.4728,-8.4164],[117.5607,-8.4057],[117.5706,-8.5037],[117.5898,-8.5006],[117.5752,-8.4386],[117.5978,-8.4286],[117.6346,-8.4665],[117.6272,-8.5064]]],[[[116.3869,-8.9552],[116.3751,-8.9514],[116.3843,-8.9036],[116.3566,-8.9024],[116.3562,-8.931],[116.337,-8.9085],[116.331,-8.9208],[116.2912,-8.8939],[116.2886,-8.9113],[116.264,-8.9022],[116.2538,-8.9177],[116.2451,-8.9001],[116.1917,-8.9127],[116.1736,-8.8645],[116.1084,-8.8733],[116.0991,-8.8959],[116.0639,-8.8735],[116.0901,-8.8549],[116.0361,-8.8595],[116.0261,-8.8724],[116.0446,-8.8862],[116.0229,-8.9019],[115.9412,-8.8331],[115.9248,-8.8446],[115.8306,-8.8131],[115.8271,-8.7591],[115.8143,-8.7544],[115.839,-8.7271],[115.8706,-8.7196],[115.8681,-8.7433],[115.8907,-8.7643],[115.9053,-8.7455],[115.9011,-8.7602],[115.9227,-8.7752],[115.9788,-8.7287],[116.0308,-8.7512],[116.0557,-8.7397],[116.0545,-8.7201],[116.0695,-8.7267],[116.0611,-8.7633],[116.085,-8.7663],[116.0818,-8.751],[116.1086,-8.7293],[116.0841,-8.7238],[116.0777,-8.739],[116.0979,-8.6697],[116.1011,-8.5639],[116.0934,-8.5235],[116.0595,-8.4869],[116.0696,-8.4227],[116.1342,-8.3917],[116.1319,-8.3609],[116.1503,-8.3709],[116.204,-8.3423],[116.2162,-8.3116],[116.2831,-8.2521],[116.3884,-8.2129],[116.6516,-8.291],[116.7223,-8.3743],[116.7078,-8.4461],[116.6609,-8.4919],[116.6682,-8.5056],[116.667,-8.4883],[116.6771,-8.4982],[116.6563,-8.5363],[116.6645,-8.5622],[116.6227,-8.6077],[116.5505,-8.7496],[116.5104,-8.7813],[116.5031,-8.8087],[116.4851,-8.809],[116.5027,-8.8121],[116.5049,-8.8596],[116.5163,-8.8335],[116.5317,-8.8391],[116.5244,-8.8265],[116.5417,-8.8345],[116.5431,-8.8694],[116.5499,-8.8522],[116.5658,-8.8685],[116.5916,-8.8634],[116.5681,-8.8925],[116.5135,-8.9159],[116.5276,-8.9013],[116.5121,-8.8718],[116.4994,-8.9119],[116.4421,-8.9204],[116.478,-8.8256],[116.4426,-8.8419],[116.4321,-8.8266],[116.411,-8.8649],[116.3953,-8.8615],[116.4111,-8.9005],[116.4014,-8.9504],[116.3869,-8.9552]],[[116.2677,-8.7413],[116.2904,-8.7404],[116.2804,-8.7092],[116.2675,-8.7099],[116.2677,-8.7413]],[[116.4143,-8.4323],[116.4264,-8.427],[116.4129,-8.4044],[116.4315,-8.4028],[116.4203,-8.3918],[116.3912,-8.403],[116.4143,-8.4323]]],[[[117.5764,-8.1487],[117.6631,-8.1482],[117.6892,-8.1819],[117.6109,-8.2383],[117.5718,-8.3333],[117.5256,-8.3908],[117.4692,-8.3565],[117.509,-8.274],[117.478,-8.2589],[117.4797,-8.1913],[117.5179,-8.1603],[117.5764,-8.1487]]],[[[119.0875,-8.1294],[119.118,-8.1554],[119.1238,-8.2128],[119.0885,-8.2522],[119.0468,-8.2595],[119.0052,-8.2302],[119.0052,-8.1762],[119.042,-8.135],[119.0875,-8.1294]]],[[[117.7561,-8.5717],[117.7105,-8.5346],[117.6998,-8.4955],[117.7125,-8.4781],[117.7247,-8.4744],[117.7302,-8.5028],[117.7462,-8.5049],[117.7329,-8.5223],[117.7554,-8.5488],[117.7971,-8.5533],[117.7651,-8.5564],[117.7561,-8.5717]]],[[[118.1399,-7.1772],[118.1089,-7.1502],[118.1194,-7.124],[118.1408,-7.1188],[118.1608,-7.1258],[118.1674,-7.1576],[118.1399,-7.1772]]],[[[119.2828,-8.4665],[119.2661,-8.3982],[119.2787,-8.392],[119.2871,-8.4177],[119.3215,-8.3985],[119.3379,-8.4268],[119.322,-8.4268],[119.3237,-8.454],[119.3048,-8.4287],[119.2828,-8.4665]]],[[[117.6738,-8.4686],[117.6783,-8.5231],[117.6591,-8.5185],[117.648,-8.5349],[117.6346,-8.5204],[117.648,-8.4493],[117.6738,-8.4686]]],[[[117.9582,-8.6127],[117.9823,-8.6368],[117.9945,-8.6296],[117.9939,-8.695],[117.9703,-8.6941],[117.9811,-8.6485],[117.9486,-8.6691],[117.9734,-8.6399],[117.9465,-8.63],[117.9448,-8.6132],[117.9582,-8.6127]]],[[[116.8492,-8.4532],[116.8298,-8.4471],[116.8588,-8.4347],[116.961,-8.426],[116.9471,-8.44],[116.8492,-8.4532]]],[[[117,-8.4338],[116.9799,-8.4336],[116.9944,-8.4045],[117.0221,-8.4102],[117.0542,-8.3831],[117.0401,-8.4143],[117,-8.4338]]],[[[117.3709,-8.1624],[117.346,-8.1527],[117.3794,-8.1472],[117.3849,-8.1324],[117.426,-8.1359],[117.3709,-8.1624]]],[[[119.2254,-8.6867],[119.2108,-8.6716],[119.23,-8.649],[119.2427,-8.6619],[119.2254,-8.6867]]],[[[117.7552,-8.1047],[117.7508,-8.1214],[117.7341,-8.1085],[117.7552,-8.1047]]],[[[115.9454,-8.762],[115.9212,-8.7492],[115.9295,-8.7277],[115.9454,-8.762]]],[[[116.7042,-8.313],[116.6913,-8.2838],[116.7118,-8.305],[116.7042,-8.313]]],[[[116.0632,-8.3631],[116.056,-8.3458],[116.0712,-8.3398],[116.0632,-8.3631]]],[[[119.0496,-8.5802],[119.0459,-8.5535],[119.0597,-8.5627],[119.0496,-8.5802]]],[[[117.8358,-8.5773],[117.8291,-8.5963],[117.8236,-8.5799],[117.8358,-8.5773]]],[[[116.1206,-8.3664],[116.108,-8.3607],[116.1171,-8.3503],[116.1206,-8.3664]]],[[[118.1956,-8.6549],[118.1831,-8.6514],[118.1898,-8.6388],[118.1956,-8.6549]]],[[[118.2137,-8.6489],[118.2104,-8.6598],[118.2017,-8.651],[118.2137,-8.6489]]]]},"properties":{"name":"NUSATENGGARA BARAT"}},{"type":"Feature","geometry":{"type":"MultiPolygon","coordinates":[[[[122.1881,1.0453],[122.1914,1.0597],[122.2081,1.0271],[122.2277,1.0295],[122.2263,1.0033],[122.2412,0.9943],[122.2473,1.0125],[122.3197,1.0086],[122.341,1.0432],[122.3683,0.9984],[122.3976,1.0173],[122.4235,0.9933],[122.4484,1.0021],[122.4423,1.0228],[122.4569,1.0338],[122.4955,0.9899],[122.615,0.9466],[122.6272,0.9659],[122.6426,0.9435],[122.6533,0.9507],[122.691,0.8954],[122.7251,0.8898],[122.7179,0.8694],[122.7412,0.8828],[122.7697,0.8632],[122.7756,0.8806],[122.8058,0.8506],[122.7922,0.8534],[122.8024,0.8368],[122.8269,0.8405],[122.8514,0.8017],[122.8647,0.829],[122.9187,0.8546],[122.9546,0.8942],[122.9538,0.9243],[122.9796,0.9405],[122.9457,0.9426],[122.9485,0.9658],[122.9893,0.9684],[123.0021,0.9464],[123.0494,0.9384],[123.0712,0.9167],[123.0866,0.9318],[123.0924,0.908],[123.0953,0.9299],[123.117,0.9291],[123.133,0.8901],[123.2408,0.836],[123.2663,0.7338],[123.3287,0.7011],[123.3557,0.6665],[123.4942,0.6362],[123.5272,0.5717],[123.5093,0.4098],[123.4764,0.3717],[123.4657,0.3303],[123.4606,0.3403],[123.4189,0.3135],[123.3485,0.3087],[123.27,0.3259],[123.2304,0.3524],[123.2,0.396],[123.1496,0.4202],[123.07,0.5242],[123.0553,0.497],[122.9973,0.4839],[122.7941,0.4937],[122.6993,0.4721],[122.6938,0.5012],[122.6528,0.524],[122.6629,0.4932],[122.65,0.4756],[122.5994,0.495],[122.6086,0.5101],[122.5839,0.4916],[122.5593,0.5156],[122.5542,0.4903],[122.5527,0.5079],[122.4736,0.5009],[122.4538,0.5169],[122.4449,0.5011],[122.421,0.5022],[122.4242,0.5137],[122.397,0.5215],[122.359,0.5086],[122.361,0.4934],[122.3458,0.4925],[122.3404,0.512],[122.3321,0.4921],[122.3242,0.5077],[122.323,0.4908],[122.2988,0.4791],[122.2294,0.4866],[122.1617,0.4636],[122.1252,0.4968],[121.9491,0.4456],[121.8695,0.4461],[121.8162,0.413],[121.7279,0.5124],[121.7318,0.5252],[121.6969,0.5159],[121.6463,0.5468],[121.6537,0.5273],[121.6363,0.5375],[121.6306,0.5243],[121.6306,0.5497],[121.6126,0.549],[121.6136,0.5293],[121.543,0.5565],[121.522,0.5302],[121.5288,0.4973],[121.5,0.4807],[121.4514,0.4676],[121.448,0.5007],[121.4162,0.472],[121.4163,0.4881],[121.3457,0.4745],[121.361,0.4946],[121.3545,0.5713],[121.2557,0.5904],[121.1686,0.6906],[121.2299,0.7115],[121.2689,0.7967],[121.313,0.837],[121.386,0.8707],[121.5248,0.8552],[121.8596,0.9722],[121.9048,0.9639],[121.9802,0.895],[121.9939,0.941],[122.0253,0.9491],[122.0464,0.9833],[122.1881,1.0453]],[[122.9573,0.5844],[122.981,0.5566],[123.0209,0.5634],[123.0073,0.6176],[122.9573,0.5844]]],[[[122.7791,0.9052],[122.8163,0.8928],[122.8109,0.8764],[122.7751,0.8917],[122.7603,0.9105],[122.7791,0.9052]]],[[[121.6999,0.4905],[121.6912,0.5041],[121.7068,0.5163],[121.7216,0.4895],[121.6999,0.4905]]],[[[122.8851,0.875],[122.878,0.8986],[122.8965,0.888],[122.8992,0.8559],[122.8851,0.875]]]]},"properties":{"name":"GORONTALO"}},{"type":"Feature","geometry":{"type":"MultiPolygon","coordinates":[[[[120.9842,-2.8353],[121.0947,-2.7781],[121.1109,-2.8111],[121.106,-2.8464],[121.1334,-2.8781],[121.1673,-2.9709],[121.2104,-2.9781],[121.2586,-3.0614],[121.2972,-3.073],[121.3714,-3.0118],[121.4951,-2.9885],[121.5683,-2.9146],[121.6539,-2.8794],[121.739,-2.7361],[121.797,-2.7102],[121.8187,-2.7639],[121.8934,-2.7931],[121.9495,-2.943],[121.987,-2.9618],[122.1054,-2.9651],[122.1201,-3.0125],[122.1866,-3.0268],[122.1904,-3.0943],[122.237,-3.1372],[122.2725,-3.1348],[122.2922,-3.1873],[122.2807,-3.2477],[122.3128,-3.2711],[122.2788,-3.3127],[122.2922,-3.3119],[122.2928,-3.3573],[122.3737,-3.3795],[122.3918,-3.4095],[122.3866,-3.4613],[122.3606,-3.4642],[122.3484,-3.4092],[122.3156,-3.4258],[122.3262,-3.3733],[122.2923,-3.3873],[122.2924,-3.3696],[122.2761,-3.3655],[122.2689,-3.4007],[122.2389,-3.3908],[122.3024,-3.4705],[122.2801,-3.5042],[122.2824,-3.5496],[122.1987,-3.5653],[122.1956,-3.608],[122.2474,-3.6655],[122.3086,-3.6918],[122.3483,-3.7493],[122.371,-3.7526],[122.3999,-3.7273],[122.4116,-3.7509],[122.4496,-3.7508],[122.5304,-3.8925],[122.5785,-3.9049],[122.5912,-3.8922],[122.6716,-3.8959],[122.6683,-3.9236],[122.6307,-3.9357],[122.6035,-3.9763],[122.5348,-3.9686],[122.5435,-3.9954],[122.5971,-3.9778],[122.6204,-4.0019],[122.6645,-4.0094],[122.6753,-4.0395],[122.6456,-4.0798],[122.6675,-4.0806],[122.6723,-4.112],[122.6393,-4.1387],[122.6676,-4.1169],[122.6746,-4.1288],[122.6586,-4.1381],[122.7073,-4.1686],[122.7222,-4.1621],[122.7013,-4.1353],[122.7206,-4.13],[122.7436,-4.1575],[122.7432,-4.1393],[122.7558,-4.1558],[122.8079,-4.1624],[122.8225,-4.1357],[122.8372,-4.1553],[122.8442,-4.1269],[122.8297,-4.1067],[122.8152,-4.114],[122.8218,-4.0929],[122.8087,-4.1086],[122.7685,-4.0646],[122.8388,-4.0565],[122.8593,-4.0705],[122.8928,-4.1265],[122.8989,-4.2208],[122.9115,-4.2325],[122.884,-4.2941],[122.8907,-4.3186],[122.9098,-4.3228],[122.8878,-4.4111],[122.8876,-4.3952],[122.8799,-4.4171],[122.8499,-4.4196],[122.8291,-4.4448],[122.8268,-4.4245],[122.7733,-4.408],[122.6826,-4.3236],[122.6649,-4.3525],[122.7336,-4.4288],[122.7657,-4.4354],[122.7481,-4.5072],[122.7161,-4.4986],[122.695,-4.4679],[122.681,-4.4795],[122.6985,-4.4998],[122.6747,-4.5049],[122.6661,-4.4495],[122.5863,-4.3937],[122.5641,-4.3953],[122.5644,-4.4155],[122.4932,-4.4531],[122.4652,-4.4343],[122.4543,-4.4505],[122.4245,-4.4276],[122.3455,-4.4724],[122.2611,-4.4888],[122.2246,-4.4724],[122.1806,-4.5138],[122.1629,-4.5058],[122.1683,-4.5244],[122.1422,-4.5295],[122.121,-4.5137],[122.115,-4.5305],[122.0828,-4.5369],[122.0229,-4.6495],[122.0375,-4.7619],[122.126,-4.8118],[122.0779,-4.8302],[122.081,-4.8525],[122.0429,-4.8561],[121.9922,-4.8947],[121.8935,-4.8771],[121.9212,-4.8871],[121.9083,-4.8921],[121.8001,-4.8289],[121.7239,-4.831],[121.6953,-4.8487],[121.6639,-4.8412],[121.6638,-4.8619],[121.6497,-4.8618],[121.6408,-4.8196],[121.6644,-4.8328],[121.6527,-4.8059],[121.6204,-4.8089],[121.6119,-4.771],[121.5984,-4.7968],[121.5899,-4.782],[121.5626,-4.7863],[121.5668,-4.7764],[121.4925,-4.7303],[121.479,-4.6888],[121.4553,-4.6814],[121.4665,-4.5484],[121.5143,-4.3973],[121.5041,-4.3484],[121.5147,-4.305],[121.4964,-4.3333],[121.5216,-4.282],[121.5169,-4.2405],[121.5513,-4.2357],[121.5322,-4.2505],[121.5602,-4.2511],[121.6022,-4.1707],[121.5994,-4.0564],[121.5114,-4.0174],[121.4514,-4.0068],[121.4397,-4.0196],[121.4103,-3.9947],[121.3462,-3.9881],[121.2825,-3.8824],[121.252,-3.9189],[121.2377,-3.9121],[121.2574,-3.8854],[121.2296,-3.8689],[121.255,-3.8518],[121.2467,-3.8342],[121.1664,-3.8234],[121.0789,-3.7146],[121.0209,-3.6901],[120.9393,-3.6204],[120.8757,-3.5314],[120.8609,-3.4309],[120.9144,-3.3556],[120.9539,-3.3292],[120.9667,-3.2664],[121.0154,-3.2458],[121.0269,-3.2104],[121.0649,-3.2058],[121.0513,-3.1849],[121.056,-3.0692],[121.0374,-3.0439],[121.0512,-3.0235],[121.071,-3.0256],[121.0719,-3.0102],[121.0867,-3.017],[121.057,-2.9579],[121.0816,-2.9713],[121.0746,-2.8708],[121.0626,-2.8592],[121.0624,-2.8824],[121.0471,-2.8753],[121.0312,-2.8243],[121.0228,-2.8544],[120.9883,-2.8447],[121.0094,-2.8657],[121.0073,-2.8791],[120.992,-2.8766],[120.9842,-2.8353]]],[[[122.975,-5.0804],[122.9735,-5.119],[122.9194,-5.1777],[122.9353,-5.2063],[122.954,-5.2178],[123.0037,-5.1476],[123.04,-5.1396],[123.0692,-5.1656],[123.0601,-5.1903],[123.0832,-5.1719],[123.1052,-5.1923],[123.0922,-5.2163],[123.1152,-5.2054],[123.1517,-5.2464],[123.1806,-5.2459],[123.1982,-5.2709],[123.2239,-5.2752],[123.1719,-5.3594],[123.1332,-5.3971],[123.0209,-5.4421],[122.9999,-5.4045],[122.9749,-5.3941],[122.922,-5.4364],[122.8727,-5.4531],[122.8464,-5.4853],[122.8419,-5.5206],[122.8754,-5.5045],[122.8961,-5.5157],[122.8983,-5.5604],[122.7834,-5.7008],[122.7517,-5.6919],[122.7621,-5.6634],[122.7491,-5.6366],[122.7249,-5.6885],[122.7102,-5.6791],[122.7138,-5.617],[122.6611,-5.6898],[122.6294,-5.6887],[122.556,-5.4991],[122.5904,-5.4563],[122.6436,-5.4436],[122.641,-5.4108],[122.6173,-5.4039],[122.6513,-5.3263],[122.6766,-5.3066],[122.6845,-5.3188],[122.7326,-5.2415],[122.7537,-5.2371],[122.7507,-5.2504],[122.7723,-5.255],[122.8131,-5.2206],[122.788,-5.1829],[122.7543,-5.2283],[122.7562,-5.1836],[122.7373,-5.1706],[122.7885,-5.1062],[122.7881,-5.0871],[122.7581,-5.107],[122.8024,-5.0253],[122.738,-5.051],[122.8111,-4.9797],[122.8336,-4.9193],[122.8324,-4.8904],[122.8075,-4.8659],[122.8149,-4.8277],[122.8425,-4.8313],[122.8587,-4.7837],[122.8311,-4.6781],[122.8716,-4.5259],[122.9102,-4.4601],[122.9539,-4.4245],[123.041,-4.3707],[123.0743,-4.3669],[123.0785,-4.4019],[123.0454,-4.4248],[123.0574,-4.4463],[123.0716,-4.4357],[123.0769,-4.4577],[123.0993,-4.4546],[123.1145,-4.4896],[123.1152,-4.4764],[123.138,-4.4837],[123.2067,-4.6141],[123.1833,-4.6336],[123.1846,-4.6623],[123.1671,-4.6633],[123.1826,-4.6958],[123.1865,-4.6727],[123.201,-4.6955],[123.1943,-4.6613],[123.2044,-4.6716],[123.2125,-4.8553],[123.2052,-4.8681],[123.1779,-4.8487],[123.1663,-4.7843],[123.1775,-4.771],[123.1313,-4.7562],[123.1541,-4.7369],[123.1184,-4.7157],[123.1109,-4.6906],[123.0979,-4.7955],[123.0748,-4.7893],[123.0778,-4.7483],[123.0549,-4.7694],[123.0307,-4.7455],[123.0174,-4.7662],[123.0387,-4.8001],[122.9938,-4.8289],[123.001,-4.9362],[122.9696,-4.9507],[122.9553,-4.9994],[122.9523,-5.0232],[122.9707,-5.028],[122.9822,-5.0587],[122.975,-5.0804]]],[[[122.312,-5.1896],[122.3222,-5.1089],[122.3951,-5.0677],[122.3732,-5.0353],[122.389,-4.989],[122.3795,-4.947],[122.354,-4.921],[122.3202,-4.83],[122.3776,-4.7376],[122.4095,-4.7472],[122.478,-4.7358],[122.4815,-4.7201],[122.5369,-4.705],[122.5869,-4.6694],[122.5965,-4.6351],[122.6298,-4.6419],[122.6645,-4.6282],[122.6701,-4.6091],[122.7362,-4.6401],[122.7426,-4.65],[122.7268,-4.6497],[122.7394,-4.6705],[122.7212,-4.6899],[122.7474,-4.7922],[122.7277,-4.8462],[122.7403,-4.8814],[122.7684,-4.8917],[122.7659,-4.961],[122.7336,-4.9554],[122.6841,-5.0298],[122.6356,-5.0609],[122.5898,-5.1588],[122.5906,-5.1953],[122.6272,-5.1981],[122.5773,-5.2484],[122.6235,-5.2478],[122.6462,-5.2949],[122.639,-5.3547],[122.6177,-5.37],[122.6248,-5.3444],[122.6135,-5.3462],[122.5918,-5.3686],[122.5961,-5.4304],[122.5668,-5.4096],[122.5454,-5.4383],[122.5182,-5.4327],[122.5118,-5.4027],[122.5398,-5.3267],[122.5206,-5.3121],[122.5313,-5.2627],[122.4802,-5.2976],[122.4967,-5.3444],[122.4836,-5.3711],[122.4688,-5.3585],[122.4623,-5.4012],[122.405,-5.3939],[122.3823,-5.332],[122.4405,-5.3086],[122.3777,-5.3207],[122.3691,-5.3359],[122.3828,-5.364],[122.3631,-5.3855],[122.2759,-5.3881],[122.2688,-5.3067],[122.3159,-5.2332],[122.312,-5.1896]]],[[[121.8058,-5.2455],[121.8084,-5.2018],[121.8378,-5.187],[121.8239,-5.1636],[121.8431,-5.14],[121.8626,-5.1535],[121.8827,-5.1464],[121.8412,-5.1095],[121.8513,-5.0927],[121.8664,-5.1125],[121.8785,-5.1038],[121.8579,-5.0991],[121.8599,-5.0749],[121.8993,-5.0504],[121.8978,-5.0817],[121.9387,-5.1048],[121.9472,-5.0596],[121.972,-5.0582],[121.9935,-5.1545],[122.0153,-5.1617],[122.0102,-5.1455],[122.035,-5.1423],[122.0576,-5.1967],[122.0727,-5.1955],[122.0746,-5.2278],[122.0368,-5.2383],[122.0521,-5.2621],[122.0517,-5.3098],[122.0336,-5.3408],[122.0482,-5.3604],[122.0489,-5.4545],[122.0294,-5.4695],[121.9627,-5.4707],[121.9588,-5.4899],[121.9462,-5.4866],[121.9221,-5.395],[121.8683,-5.3713],[121.8203,-5.2872],[121.7935,-5.2702],[121.8058,-5.2455]]],[[[123.0034,-3.9998],[123.0189,-3.9791],[123.0951,-4.024],[123.1842,-4.0114],[123.2223,-4.027],[123.2541,-4.0665],[123.2471,-4.1267],[123.1638,-4.2082],[123.1381,-4.255],[123.1154,-4.2615],[123.0315,-4.2246],[122.9962,-4.2017],[122.9602,-4.14],[122.9444,-4.074],[122.9579,-4.0726],[122.9562,-4.0556],[122.9831,-4.0604],[123.0034,-3.9998]]],[[[123.5371,-5.3385],[123.5169,-5.2672],[123.5304,-5.249],[123.5814,-5.2494],[123.6474,-5.2991],[123.6409,-5.3698],[123.6092,-5.3897],[123.5797,-5.3854],[123.5371,-5.3385]]],[[[124.0758,-6.0],[124.0782,-6.0237],[124.046,-6.0382],[124.0578,-5.9809],[123.9874,-5.9657],[123.9732,-5.9316],[123.9903,-5.8764],[124.0502,-5.911],[124.0758,-6.0]]],[[[123.0929,-3.5708],[123.157,-3.5573],[123.1799,-3.6165],[123.1298,-3.6109],[123.1191,-3.6361],[123.0947,-3.634],[123.0451,-3.5939],[123.0929,-3.5708]]],[[[123.722,-5.4778],[123.8267,-5.5579],[123.8097,-5.5781],[123.8203,-5.6016],[123.7845,-5.591],[123.7187,-5.5124],[123.6906,-5.4716],[123.722,-5.4778]]],[[[123.9595,-5.728],[124.0092,-5.7603],[123.957,-5.7796],[123.9271,-5.7757],[123.8962,-5.7379],[123.9084,-5.7175],[123.9595,-5.728]]],[[[122.5476,-5.6346],[122.5521,-5.6657],[122.5322,-5.6901],[122.4536,-5.6867],[122.4855,-5.6643],[122.5076,-5.6205],[122.5476,-5.6346]]],[[[122.4179,-3.3979],[122.4274,-3.4276],[122.4708,-3.4679],[122.4665,-3.4841],[122.4416,-3.4791],[122.4495,-3.5054],[122.4202,-3.4931],[122.4009,-3.4397],[122.4179,-3.3979]]],[[[123.0625,-4.8392],[123.0332,-4.833],[123.056,-4.8264],[123.0452,-4.8118],[123.0792,-4.7944],[123.1162,-4.7975],[123.1118,-4.8477],[123.0927,-4.8349],[123.0832,-4.8538],[123.0625,-4.8392]]],[[[121.388,-4.1211],[121.3766,-4.1002],[121.406,-4.1043],[121.4027,-4.078],[121.4261,-4.0827],[121.411,-4.1098],[121.4673,-4.1084],[121.4496,-4.1158],[121.451,-4.1357],[121.4249,-4.1261],[121.435,-4.1653],[121.4091,-4.1535],[121.3822,-4.167],[121.388,-4.1211]]],[[[122.313,-3.5313],[122.3492,-3.5424],[122.338,-3.5635],[122.3726,-3.576],[122.3039,-3.5775],[122.2839,-3.5926],[122.2782,-3.5672],[122.2948,-3.5352],[122.313,-3.5313]]],[[[122.5131,-5.519],[122.504,-5.5589],[122.4706,-5.5451],[122.4805,-5.512],[122.5242,-5.4958],[122.5131,-5.519]]],[[[122.7002,-4.5231],[122.7196,-4.5145],[122.7417,-4.5281],[122.7315,-4.5423],[122.745,-4.5475],[122.7454,-4.5732],[122.7144,-4.5485],[122.711,-4.5643],[122.7002,-4.5585],[122.6902,-4.5379],[122.7002,-4.5231]]],[[[121.0634,-3.9144],[121.0488,-3.8984],[121.0549,-3.8746],[121.0967,-3.8771],[121.0881,-3.911],[121.0634,-3.9144]]],[[[122.9914,-4.3437],[122.9838,-4.3009],[123.0137,-4.2993],[123.0164,-4.3343],[122.9914,-4.3437]]],[[[123.4631,-5.338],[123.4655,-5.3255],[123.4843,-5.3297],[123.5392,-5.3781],[123.484,-5.3624],[123.4631,-5.338]]],[[[123.8354,-5.5564],[123.8709,-5.5635],[123.8838,-5.5826],[123.8679,-5.594],[123.8331,-5.5853],[123.8354,-5.5564]]],[[[123.6039,-5.408],[123.6459,-5.4259],[123.6117,-5.4307],[123.5866,-5.4135],[123.6039,-5.408]]],[[[121.7012,-4.9187],[121.6941,-4.8896],[121.7222,-4.8885],[121.7247,-4.9123],[121.7012,-4.9187]]],[[[122.368,-4.6879],[122.3311,-4.7215],[122.3722,-4.6616],[122.3845,-4.6688],[122.368,-4.6879]]],[[[123.5428,-5.67],[123.5336,-5.6514],[123.5475,-5.6456],[123.5741,-5.6804],[123.5428,-5.67]]],[[[123.919,-5.8014],[123.9433,-5.8038],[123.9472,-5.8189],[123.9242,-5.8214],[123.9041,-5.8036],[123.919,-5.8014]]],[[[122.0537,-5.4857],[122.029,-5.512],[121.9927,-5.5177],[122.0537,-5.4857]]],[[[122.8079,-3.7098],[122.8029,-3.683],[122.8227,-3.682],[122.8245,-3.7039],[122.8079,-3.7098]]],[[[122.7092,-5.2475],[122.6981,-5.2833],[122.6795,-5.2932],[122.7092,-5.2475]]],[[[122.3663,-4.6457],[122.347,-4.6616],[122.3506,-4.6344],[122.3663,-4.6457]]],[[[122.3039,-4.6875],[122.3207,-4.6868],[122.3079,-4.7119],[122.3039,-4.6875]]],[[[121.4996,-4.1962],[121.4753,-4.202],[121.465,-4.224],[121.4729,-4.1949],[121.4996,-4.1962]]],[[[124.3459,-5.3329],[124.3522,-5.3534],[124.329,-5.3292],[124.3459,-5.3329]]],[[[123.8601,-5.5381],[123.879,-5.5459],[123.8622,-5.5595],[123.8477,-5.5494],[123.8601,-5.5381]]],[[[121.826,-5.1283],[121.8381,-5.1132],[121.8356,-5.1431],[121.8251,-5.1467],[121.826,-5.1283]]],[[[123.6331,-5.8334],[123.6227,-5.8183],[123.6378,-5.809],[123.6331,-5.8334]]],[[[123.0926,-3.5066],[123.0704,-3.5281],[123.058,-3.5163],[123.0926,-3.5066]]],[[[123.9032,-5.7595],[123.9283,-5.7827],[123.8971,-5.7759],[123.9032,-5.7595]]],[[[122.3295,-4.6352],[122.3545,-4.6173],[122.3244,-4.6586],[122.3295,-4.6352]]],[[[123.7617,-5.4643],[123.7747,-5.4571],[123.7887,-5.477],[123.7631,-5.4779],[123.7617,-5.4643]]],[[[122.0787,-5.4673],[122.0843,-5.4887],[122.0708,-5.4806],[122.0787,-5.4673]]],[[[122.3337,-4.9121],[122.3478,-4.9196],[122.3334,-4.9287],[122.3337,-4.9121]]],[[[121.3566,-4.0813],[121.364,-4.0719],[121.3715,-4.0982],[121.3566,-4.0813]]],[[[123.1113,-4.7716],[123.1232,-4.7757],[123.1174,-4.793],[123.0995,-4.7966],[123.1113,-4.7716]]],[[[122.0641,-5.2854],[122.0767,-5.2808],[122.0656,-5.3023],[122.0641,-5.2854]]],[[[121.5117,-4.7618],[121.5034,-4.7512],[121.518,-4.7532],[121.527,-4.7697],[121.5117,-4.7618]]],[[[123.0387,-4.7611],[123.0434,-4.7776],[123.0286,-4.7671],[123.0314,-4.7533],[123.0387,-4.7611]]],[[[122.6293,-5.4289],[122.6166,-5.4323],[122.6304,-5.4128],[122.6293,-5.4289]]],[[[122.613,-3.9748],[122.6208,-3.989],[122.6034,-3.9802],[122.613,-3.9748]]]]},"properties":{"name":"SULAWESI TENGGARA"}},{"type":"Feature","geometry":{"type":"Polygon","coordinates":[[[110.0118,-7.8869],[110.043,-7.892],[110.0632,-7.8139],[110.1312,-7.746],[110.1381,-7.6922],[110.1182,-7.6735],[110.1285,-7.6568],[110.25,-7.6396],[110.2623,-7.7043],[110.2963,-7.6516],[110.445,-7.5366],[110.5009,-7.772],[110.5373,-7.7991],[110.5628,-7.7811],[110.5815,-7.7888],[110.5772,-7.8051],[110.6425,-7.7857],[110.6501,-7.7958],[110.6604,-7.7772],[110.6719,-7.7973],[110.7238,-7.7915],[110.7509,-7.8247],[110.7668,-7.8088],[110.7866,-7.8189],[110.7558,-8.0197],[110.7887,-8.1088],[110.787,-8.1512],[110.7998,-8.161],[110.8285,-8.1377],[110.8157,-8.1726],[110.8365,-8.1728],[110.8361,-8.2029],[110.7958,-8.1898],[110.7075,-8.1995],[110.7071,-8.1845],[110.4413,-8.0973],[110.3805,-8.068],[110.3459,-8.0283],[110.2143,-7.985],[110.0118,-7.8869]]]},"properties":{"name":"DAERAH ISTIMEWA YOGYAKARTA"}},{"type":"Feature","geometry":{"type":"MultiPolygon","coordinates":[[[[108.8293,-6.7461],[108.8404,-6.7455],[108.8549,-6.7992],[108.9369,-6.8368],[108.9694,-6.827],[108.9685,-6.8081],[108.9907,-6.813],[109.0259,-6.7679],[109.0485,-6.7818],[109.0579,-6.7709],[109.07,-6.8183],[109.0945,-6.8407],[109.2586,-6.8743],[109.4076,-6.8499],[109.5301,-6.7775],[109.5703,-6.8358],[109.7056,-6.8588],[109.8736,-6.92],[110.0019,-6.9246],[110.1218,-6.893],[110.1612,-6.8571],[110.1819,-6.8662],[110.2034,-6.8501],[110.2184,-6.8588],[110.2241,-6.8987],[110.3918,-6.9602],[110.4784,-6.9222],[110.5724,-6.8116],[110.5888,-6.7647],[110.5713,-6.7489],[110.6049,-6.73],[110.634,-6.6868],[110.6523,-6.6475],[110.6473,-6.6209],[110.6654,-6.6018],[110.6542,-6.5868],[110.6723,-6.5779],[110.6539,-6.5605],[110.6929,-6.5304],[110.6741,-6.5023],[110.6958,-6.4999],[110.736,-6.4449],[110.8202,-6.4274],[110.8409,-6.4091],[110.9202,-6.4043],[111.043,-6.426],[111.0513,-6.504],[111.0789,-6.5739],[111.1194,-6.6367],[111.1731,-6.667],[111.1653,-6.6772],[111.3751,-6.7002],[111.4602,-6.6613],[111.4649,-6.6356],[111.494,-6.6165],[111.5627,-6.6377],[111.6946,-6.7529],[111.6599,-6.781],[111.6553,-6.8263],[111.6192,-6.8264],[111.609,-6.9036],[111.5786,-6.9188],[111.5664,-6.9483],[111.6206,-6.9814],[111.6104,-7.0386],[111.6249,-7.0662],[111.6045,-7.154],[111.5803,-7.2017],[111.5498,-7.2052],[111.5333,-7.2198],[111.5411,-7.2292],[111.4841,-7.2514],[111.4862,-7.2662],[111.4592,-7.2718],[111.4488,-7.2597],[111.4207,-7.3184],[111.4539,-7.3239],[111.4432,-7.3411],[111.4586,-7.3465],[111.4382,-7.3535],[111.4574,-7.3547],[111.4585,-7.3761],[111.4189,-7.3521],[111.3448,-7.3524],[111.3407,-7.3377],[111.2819,-7.3186],[111.2407,-7.3203],[111.2196,-7.2967],[111.2359,-7.28],[111.2365,-7.2437],[111.1466,-7.2627],[111.1296,-7.3012],[111.1478,-7.3152],[111.1399,-7.3693],[111.113,-7.4252],[111.1456,-7.5004],[111.1517,-7.5638],[111.1933,-7.6098],[111.1802,-7.7096],[111.2307,-7.7477],[111.2845,-7.7452],[111.2804,-7.7799],[111.314,-7.8508],[111.2484,-7.9447],[111.1943,-7.9364],[111.1832,-7.9161],[111.1422,-7.9349],[111.1245,-7.9806],[111.1339,-8.0229],[111.1118,-8.0642],[111.0779,-8.0482],[111.026,-8.0835],[110.9561,-8.0637],[110.9112,-8.1211],[110.9045,-8.2104],[110.8933,-8.2115],[110.8366,-8.2039],[110.8365,-8.1728],[110.8157,-8.1726],[110.8285,-8.1377],[110.7998,-8.161],[110.787,-8.1512],[110.7887,-8.1088],[110.7558,-8.0197],[110.7866,-7.8189],[110.7668,-7.8088],[110.7509,-7.8247],[110.7238,-7.7915],[110.6719,-7.7973],[110.6604,-7.7772],[110.6501,-7.7958],[110.6425,-7.7857],[110.5772,-7.8051],[110.5815,-7.7888],[110.5628,-7.7811],[110.5373,-7.7991],[110.5009,-7.772],[110.445,-7.5366],[110.2963,-7.6516],[110.2623,-7.7043],[110.25,-7.6396],[110.1285,-7.6568],[110.1182,-7.6735],[110.1381,-7.6922],[110.1312,-7.746],[110.0632,-7.8139],[110.0403,-7.8931],[109.5878,-7.7721],[109.4714,-7.7569],[109.4094,-7.7744],[109.3863,-7.7291],[109.3449,-7.7116],[109.1097,-7.6858],[109.1177,-7.6495],[109.1167,-7.6768],[109.0353,-7.7057],[109.0121,-7.7516],[108.9638,-7.7153],[108.934,-7.7206],[108.8761,-7.6943],[108.8687,-7.6051],[108.8273,-7.59],[108.8043,-7.6731],[108.7866,-7.6674],[108.7341,-7.6129],[108.7528,-7.5905],[108.7531,-7.5435],[108.7153,-7.4726],[108.7254,-7.4288],[108.6845,-7.391],[108.6774,-7.3512],[108.6492,-7.3372],[108.6379,-7.3518],[108.5855,-7.3505],[108.561,-7.3354],[108.5556,-7.2879],[108.5825,-7.242],[108.5561,-7.173],[108.6134,-7.1392],[108.6518,-7.1554],[108.6969,-7.1512],[108.7299,-7.1137],[108.7777,-7.1048],[108.7803,-7.0413],[108.7986,-7.005],[108.7611,-6.9831],[108.7545,-6.9146],[108.826,-6.8269],[108.8293,-6.7461]]],[[[108.8642,-7.7065],[108.9577,-7.7186],[109.0433,-7.7752],[109.0324,-7.7845],[108.8607,-7.7413],[108.7982,-7.7426],[108.7851,-7.7357],[108.7992,-7.7103],[108.7827,-7.702],[108.8017,-7.6942],[108.7959,-7.6794],[108.8642,-7.7065]]],[[[110.4475,-5.8845],[110.4156,-5.8399],[110.4626,-5.8254],[110.4787,-5.8512],[110.4498,-5.8657],[110.4475,-5.8845]]],[[[110.4606,-5.8024],[110.4847,-5.7697],[110.4847,-5.8346],[110.4714,-5.8256],[110.479,-5.8056],[110.476,-5.8169],[110.4606,-5.8024]]],[[[108.8547,-7.6207],[108.832,-7.6181],[108.8195,-7.6361],[108.8294,-7.6012],[108.8603,-7.6082],[108.8547,-7.6207]]],[[[110.2457,-5.7624],[110.2356,-5.7371],[110.2522,-5.7295],[110.2457,-5.7624]]]]},"properties":{"name":"JAWA TENGAH"}},{"type":"Feature","geometry":{"type":"MultiPolygon","coordinates":[[[[106.7213,-6.09],[106.6857,-6.0991],[106.6855,-6.1695],[106.7189,-6.1859],[106.7193,-6.2254],[106.7468,-6.2411],[106.7759,-6.3167],[106.7674,-6.3612],[106.5953,-6.3637],[106.5777,-6.3426],[106.5169,-6.3275],[106.5317,-6.3533],[106.5002,-6.3567],[106.4727,-6.312],[106.4337,-6.3538],[106.4554,-6.4315],[106.4358,-6.4527],[106.4049,-6.4531],[106.3987,-6.5036],[106.4319,-6.5866],[106.4294,-6.6958],[106.5115,-6.766],[106.4343,-6.8206],[106.4276,-6.8651],[106.3914,-6.9],[106.3961,-6.9798],[106.3786,-6.9957],[106.3039,-6.9953],[106.2993,-6.9799],[106.2371,-6.9546],[106.2362,-6.9317],[106.1457,-6.9027],[106.0946,-6.8757],[106.0587,-6.8327],[105.994,-6.815],[105.9136,-6.8155],[105.8853,-6.8451],[105.8597,-6.8312],[105.7755,-6.8496],[105.7173,-6.8364],[105.6181,-6.8432],[105.5377,-6.8729],[105.4761,-6.8624],[105.4404,-6.8369],[105.4128,-6.8545],[105.4057,-6.8303],[105.3284,-6.8028],[105.2943,-6.8037],[105.2702,-6.8434],[105.2382,-6.8372],[105.2397,-6.798],[105.2088,-6.7666],[105.2109,-6.7469],[105.2631,-6.7618],[105.3286,-6.6974],[105.324,-6.6708],[105.3702,-6.6467],[105.3999,-6.7174],[105.3875,-6.7407],[105.4357,-6.7749],[105.4413,-6.8219],[105.4671,-6.827],[105.4977,-6.7927],[105.5054,-6.7292],[105.5699,-6.6827],[105.5676,-6.6593],[105.6099,-6.6315],[105.6255,-6.5913],[105.6158,-6.56],[105.6506,-6.4828],[105.679,-6.4775],[105.6744,-6.5116],[105.7138,-6.5334],[105.7323,-6.5175],[105.7696,-6.5173],[105.7977,-6.4919],[105.8256,-6.431],[105.8183,-6.3707],[105.8411,-6.3094],[105.8259,-6.2906],[105.8254,-6.242],[105.8553,-6.1463],[105.8818,-6.1102],[105.8845,-6.0734],[105.971,-6.0141],[105.9968,-5.9625],[105.9994,-5.9123],[106.039,-5.8753],[106.0746,-5.8854],[106.1131,-5.9293],[106.0978,-5.938],[106.0992,-5.9861],[106.1632,-6.0294],[106.2226,-6.0156],[106.2751,-5.9336],[106.3411,-5.976],[106.3891,-5.9769],[106.3968,-6.019],[106.4768,-6.0537],[106.5004,-6.0508],[106.5325,-6.0122],[106.5751,-6.0363],[106.6345,-6.0143],[106.653,-6.0262],[106.6862,-6.0166],[106.7198,-6.0473],[106.7053,-6.0535],[106.7213,-6.09]]],[[[105.247,-6.5651],[105.2607,-6.5981],[105.2497,-6.6236],[105.1838,-6.6795],[105.1682,-6.6636],[105.1941,-6.6243],[105.1736,-6.6009],[105.1778,-6.5834],[105.1594,-6.5768],[105.125,-6.6257],[105.1069,-6.6081],[105.0978,-6.6192],[105.1841,-6.542],[105.2112,-6.5518],[105.2214,-6.5327],[105.2625,-6.5267],[105.247,-6.5651]]],[[[105.4491,-6.1729],[105.4199,-6.1618],[105.4189,-6.146],[105.4593,-6.1397],[105.466,-6.1564],[105.4491,-6.1729]]],[[[105.39,-6.0648],[105.3998,-6.0601],[105.3853,-6.0773],[105.3996,-6.0758],[105.4005,-6.0902],[105.3624,-6.1189],[105.39,-6.0648]]],[[[105.8484,-5.9703],[105.8274,-5.9499],[105.8553,-5.9367],[105.8636,-5.9682],[105.8484,-5.9703]]],[[[106.1371,-5.931],[106.1537,-5.9178],[106.1683,-5.9341],[106.1538,-5.9451],[106.1371,-5.931]]],[[[105.2478,-6.7435],[105.2476,-6.7277],[105.262,-6.7292],[105.2636,-6.7451],[105.2478,-6.7435]]],[[[105.4644,-6.0954],[105.4508,-6.1123],[105.4502,-6.0846],[105.4644,-6.0954]]]]},"properties":{"name":"PROBANTEN"}},{"type":"Feature","geometry":{"type":"MultiPolygon","coordinates":[[[[111.6946,-6.7529],[111.8368,-6.7993],[111.9474,-6.7614],[111.9722,-6.7658],[112.0453,-6.8786],[112.1244,-6.9026],[112.1699,-6.8997],[112.2169,-6.8743],[112.2681,-6.8805],[112.3269,-6.8631],[112.3783,-6.8764],[112.4333,-6.8694],[112.5118,-6.9074],[112.542,-6.8771],[112.5368,-6.8242],[112.5798,-6.8869],[112.606,-6.8958],[112.5977,-6.9557],[112.6175,-7.0],[112.6504,-7.0186],[112.625,-7.126],[112.6696,-7.1624],[112.6657,-7.2243],[112.7197,-7.2329],[112.7102,-7.2207],[112.7221,-7.2037],[112.7335,-7.2098],[112.7251,-7.2011],[112.765,-7.1975],[112.829,-7.2882],[112.8372,-7.3101],[112.8138,-7.3019],[112.833,-7.3214],[112.8162,-7.3652],[112.8267,-7.3642],[112.8309,-7.4656],[112.8057,-7.4813],[112.8359,-7.5203],[112.8659,-7.5246],[112.8384,-7.562],[112.8494,-7.596],[112.987,-7.6566],[113.0454,-7.6577],[113.1103,-7.7251],[113.1393,-7.7271],[113.1612,-7.7502],[113.1775,-7.7387],[113.1927,-7.7499],[113.2169,-7.7307],[113.288,-7.7861],[113.3094,-7.7677],[113.3491,-7.7707],[113.3782,-7.7411],[113.4442,-7.732],[113.4843,-7.6985],[113.6629,-7.7376],[113.7086,-7.7091],[113.7674,-7.7384],[113.8385,-7.6848],[113.9293,-7.7006],[114.0342,-7.605],[114.109,-7.7106],[114.2051,-7.7205],[114.2376,-7.7001],[114.2899,-7.7498],[114.3219,-7.7602],[114.3656,-7.7503],[114.4356,-7.7895],[114.4637,-7.8351],[114.4603,-7.8878],[114.4171,-7.9208],[114.4274,-8.0585],[114.3951,-8.1225],[114.376,-8.2029],[114.3865,-8.2326],[114.3475,-8.3567],[114.3376,-8.4341],[114.3608,-8.4884],[114.3479,-8.5198],[114.3553,-8.5348],[114.3748,-8.5307],[114.3895,-8.4477],[114.4046,-8.5682],[114.438,-8.6321],[114.4546,-8.6376],[114.4742,-8.6149],[114.5135,-8.6484],[114.5693,-8.6611],[114.6022,-8.715],[114.5913,-8.7504],[114.5309,-8.7807],[114.4433,-8.7521],[114.3491,-8.7448],[114.3402,-8.7337],[114.3752,-8.7021],[114.3612,-8.6596],[114.3174,-8.6242],[114.2495,-8.6004],[114.2255,-8.6024],[114.2122,-8.6453],[114.1065,-8.6143],[114.0584,-8.6273],[114.0469,-8.6484],[114.0079,-8.5908],[113.9954,-8.6106],[113.9874,-8.6006],[113.9566,-8.6188],[113.9441,-8.6028],[113.9641,-8.5965],[113.9593,-8.5636],[113.9229,-8.5615],[113.9003,-8.5781],[113.8343,-8.5549],[113.8313,-8.5271],[113.8063,-8.5579],[113.8089,-8.5003],[113.7917,-8.4889],[113.7574,-8.504],[113.7552,-8.5191],[113.7096,-8.5285],[113.7185,-8.4976],[113.7057,-8.4833],[113.6866,-8.5052],[113.6803,-8.4922],[113.6463,-8.4943],[113.6392,-8.4573],[113.6188,-8.443],[113.5821,-8.4462],[113.5694,-8.4256],[113.5524,-8.4369],[113.4849,-8.4162],[113.4647,-8.38],[113.3879,-8.3988],[113.3392,-8.3281],[113.2386,-8.2836],[113.0738,-8.2843],[112.9685,-8.329],[112.9121,-8.4026],[112.8977,-8.382],[112.897,-8.4041],[112.8466,-8.4052],[112.8334,-8.3697],[112.8119,-8.4032],[112.7704,-8.3877],[112.7577,-8.4216],[112.7079,-8.4185],[112.6505,-8.449],[112.5545,-8.4014],[112.4439,-8.3986],[112.3777,-8.3781],[112.33,-8.3341],[112.2613,-8.3505],[112.1421,-8.3177],[112.1283,-8.3282],[112.1111,-8.3152],[112.0336,-8.3204],[111.9485,-8.2802],[111.9385,-8.3087],[111.8986,-8.3059],[111.8402,-8.2605],[111.8416,-8.2841],[111.7999,-8.2705],[111.7971,-8.2559],[111.7736,-8.2592],[111.77,-8.3188],[111.7838,-8.3294],[111.7492,-8.3446],[111.7383,-8.334],[111.7465,-8.3089],[111.7323,-8.2918],[111.7114,-8.2937],[111.7149,-8.3221],[111.6876,-8.337],[111.7256,-8.3734],[111.7041,-8.3711],[111.7,-8.3855],[111.6653,-8.3597],[111.6528,-8.3694],[111.624,-8.3546],[111.6227,-8.3239],[111.6057,-8.3406],[111.5977,-8.3238],[111.5687,-8.3357],[111.5774,-8.3139],[111.5468,-8.3046],[111.5298,-8.3343],[111.4802,-8.3202],[111.4776,-8.3044],[111.4531,-8.3229],[111.4431,-8.2947],[111.4575,-8.278],[111.4283,-8.2602],[111.4107,-8.2795],[111.3764,-8.2764],[111.3773,-8.2586],[111.3258,-8.2747],[111.2979,-8.2576],[111.2891,-8.2753],[111.2723,-8.2464],[111.1546,-8.2842],[111.0923,-8.2477],[111.1051,-8.2335],[111.0912,-8.2181],[111.0738,-8.2161],[111.0739,-8.2471],[111.027,-8.2586],[110.9155,-8.2193],[110.9012,-8.1545],[110.9561,-8.0637],[111.026,-8.0835],[111.0779,-8.0482],[111.1118,-8.0642],[111.1339,-8.0229],[111.1245,-7.9806],[111.1422,-7.9349],[111.1832,-7.9161],[111.1943,-7.9364],[111.2484,-7.9447],[111.314,-7.8508],[111.2804,-7.7799],[111.2845,-7.7452],[111.2307,-7.7477],[111.1802,-7.7096],[111.1933,-7.6098],[111.1517,-7.5638],[111.1456,-7.5004],[111.113,-7.4252],[111.1399,-7.3693],[111.1478,-7.3152],[111.1296,-7.3012],[111.1466,-7.2627],[111.2365,-7.2437],[111.2359,-7.28],[111.2196,-7.2967],[111.2407,-7.3203],[111.2819,-7.3186],[111.3407,-7.3377],[111.3448,-7.3524],[111.4189,-7.3521],[111.4585,-7.3761],[111.4574,-7.3547],[111.4382,-7.3535],[111.4586,-7.3465],[111.4432,-7.3411],[111.4539,-7.3239],[111.4207,-7.3184],[111.4488,-7.2597],[111.4592,-7.2718],[111.4862,-7.2662],[111.4841,-7.2514],[111.5411,-7.2292],[111.5333,-7.2198],[111.5498,-7.2052],[111.5803,-7.2017],[111.6045,-7.154],[111.6249,-7.0662],[111.6104,-7.0386],[111.6206,-6.9814],[111.5664,-6.9483],[111.5786,-6.9188],[111.609,-6.9036],[111.6192,-6.8264],[111.6553,-6.8263],[111.6599,-6.781],[111.6946,-6.7529]]],[[[113.6382,-6.8875],[113.9468,-6.869],[114.0919,-6.9311],[114.1257,-6.979],[114.0393,-7.008],[113.9981,-7.0062],[113.9556,-7.0417],[113.9545,-7.0261],[113.9207,-7.0142],[113.9481,-7.0526],[113.9128,-7.0427],[113.8808,-7.0709],[113.8691,-7.0962],[113.8905,-7.1085],[113.8911,-7.134],[113.6826,-7.1103],[113.6555,-7.1273],[113.6046,-7.1273],[113.5731,-7.1634],[113.5522,-7.2343],[113.515,-7.2571],[113.5055,-7.2432],[113.5164,-7.2363],[113.4732,-7.2236],[113.328,-7.2148],[113.0924,-7.2291],[112.8625,-7.1639],[112.7992,-7.1578],[112.723,-7.1752],[112.6903,-7.154],[112.7082,-7.1028],[112.6735,-7.0768],[112.6814,-7.0334],[112.7268,-7.0392],[112.8244,-6.94],[112.8233,-6.9109],[112.8444,-6.9146],[112.8615,-6.8921],[113.0396,-6.8805],[113.2011,-6.8961],[113.6382,-6.8875]]],[[[115.4993,-6.9469],[115.4833,-6.9255],[115.4474,-6.9326],[115.4396,-6.9123],[115.4348,-6.924],[115.4104,-6.9177],[115.4015,-6.9415],[115.3846,-6.9114],[115.3729,-6.924],[115.37,-6.8985],[115.3537,-6.9101],[115.3603,-6.9281],[115.3299,-6.9183],[115.3226,-6.9389],[115.3726,-6.9553],[115.3815,-6.9732],[115.3652,-6.9738],[115.3921,-6.9875],[115.3221,-6.9947],[115.3071,-6.9708],[115.3174,-6.962],[115.2941,-6.9489],[115.3018,-6.976],[115.2785,-6.9703],[115.293,-6.9886],[115.2835,-7.013],[115.2424,-6.9622],[115.2544,-6.9669],[115.2584,-6.9403],[115.1967,-6.9385],[115.1951,-6.9066],[115.2461,-6.8628],[115.2425,-6.8466],[115.2196,-6.8421],[115.2368,-6.828],[115.3947,-6.8343],[115.5538,-6.9041],[115.5721,-6.9315],[115.544,-6.9642],[115.4993,-6.9469]]],[[[112.675,-5.8595],[112.6206,-5.8475],[112.6101,-5.8743],[112.6111,-5.8595],[112.567,-5.8499],[112.5588,-5.8129],[112.5786,-5.7799],[112.5996,-5.7764],[112.6017,-5.7571],[112.6359,-5.736],[112.6617,-5.7418],[112.6758,-5.7218],[112.7161,-5.7427],[112.732,-5.7932],[112.7225,-5.8348],[112.675,-5.8595]]],[[[114.2826,-7.0739],[114.3254,-7.0537],[114.3648,-7.0838],[114.4019,-7.1757],[114.3641,-7.1853],[114.3031,-7.1597],[114.2682,-7.1008],[114.2826,-7.0739]]],[[[115.8994,-7.1077],[115.8918,-7.187],[115.8758,-7.2005],[115.8286,-7.2056],[115.7363,-7.1571],[115.759,-7.1326],[115.7756,-7.1454],[115.7783,-7.1097],[115.8076,-7.1539],[115.8228,-7.145],[115.8409,-7.1608],[115.8812,-7.1613],[115.8865,-7.1462],[115.8765,-7.1578],[115.8647,-7.1324],[115.8828,-7.1216],[115.8881,-7.1342],[115.886,-7.1076],[115.8994,-7.1077]]],[[[113.2711,-8.4644],[113.2948,-8.4447],[113.4194,-8.4692],[113.4037,-8.4967],[113.3054,-8.5094],[113.2682,-8.4965],[113.2711,-8.4644]]],[[[114.4825,-7.1413],[114.5386,-7.1203],[114.6046,-7.1347],[114.6186,-7.1585],[114.6075,-7.174],[114.5478,-7.158],[114.4819,-7.1647],[114.4721,-7.1455],[114.4825,-7.1413]]],[[[113.9993,-7.1053],[113.9413,-7.0899],[113.9389,-7.0629],[114.048,-7.0733],[114.0616,-7.1096],[113.9993,-7.1053]]],[[[115.5896,-6.9449],[115.6631,-6.9858],[115.6771,-7.0118],[115.5859,-6.9918],[115.5589,-6.9584],[115.5705,-6.96],[115.5712,-6.9402],[115.5896,-6.9449]]],[[[114.4131,-5.5329],[114.4594,-5.5466],[114.4406,-5.5863],[114.4013,-5.5665],[114.4131,-5.5329]]],[[[113.8979,-7.1859],[113.9247,-7.1759],[113.9546,-7.2322],[113.9279,-7.2041],[113.8879,-7.2133],[113.8822,-7.1953],[113.8979,-7.1859]]],[[[115.508,-7.0133],[115.5386,-6.979],[115.5317,-7.004],[115.5452,-7.0194],[115.529,-7.0138],[115.5231,-7.0299],[115.508,-7.0133]]],[[[115.4589,-6.9998],[115.4244,-6.9986],[115.4134,-6.9839],[115.4528,-6.9718],[115.4589,-6.9998]]],[[[114.5965,-5.0611],[114.6145,-5.0496],[114.6085,-5.1023],[114.5965,-5.0611]]],[[[113.7679,-7.2262],[113.7486,-7.2196],[113.7556,-7.2077],[113.8113,-7.2211],[113.7939,-7.2376],[113.7679,-7.2262]]],[[[114.4211,-5.4481],[114.4355,-5.4246],[114.4486,-5.4589],[114.4339,-5.4639],[114.4211,-5.4481]]],[[[112.695,-8.4601],[112.6782,-8.4444],[112.7108,-8.4346],[112.7127,-8.4602],[112.695,-8.4601]]],[[[115.6014,-7.0376],[115.6284,-7.0355],[115.6269,-7.0632],[115.5889,-7.0499],[115.6014,-7.0376]]],[[[114.1828,-7.0002],[114.1614,-7.0002],[114.176,-6.9652],[114.1828,-7.0002]]],[[[115.6575,-7.0491],[115.667,-7.0607],[115.6555,-7.0678],[115.642,-7.0484],[115.6575,-7.0491]]],[[[115.9131,-6.9493],[115.9259,-6.9623],[115.8918,-6.9564],[115.9131,-6.9493]]],[[[116.2417,-6.9367],[116.2637,-6.9375],[116.2424,-6.9495],[116.2417,-6.9367]]],[[[115.6952,-7.0589],[115.7019,-7.0701],[115.6787,-7.0633],[115.6952,-7.0589]]],[[[114.7773,-7.1365],[114.7609,-7.1269],[114.7796,-7.1154],[114.7773,-7.1365]]],[[[115.7795,-6.9455],[115.7838,-6.9355],[115.7917,-6.9471],[115.7784,-6.9652],[115.7795,-6.9455]]],[[[115.8596,-6.9503],[115.8666,-6.9379],[115.8764,-6.9491],[115.8677,-6.9608],[115.8596,-6.9503]]],[[[115.7509,-7.0912],[115.7622,-7.0906],[115.7518,-7.1066],[115.7509,-7.0912]]],[[[114.4896,-7.0001],[114.4784,-7.0017],[114.4861,-6.9868],[114.4896,-7.0001]]]]},"properties":{"name":"JAWA TIMUR"}},{"type":"Feature","geometry":{"type":"MultiPolygon","coordinates":[[[[127.7421,0.8163],[127.7974,0.7996],[127.8397,0.8063],[127.9273,0.8768],[127.9348,1.0052],[127.9786,1.0839],[128.0701,1.1241],[128.1695,1.1253],[128.2007,1.1916],[128.18,1.2345],[128.1435,1.2446],[128.1019,1.2292],[128.0868,1.2485],[128.1868,1.3848],[128.298,1.4344],[128.3441,1.4626],[128.3628,1.4946],[128.4592,1.5435],[128.5159,1.5254],[128.5524,1.5631],[128.6691,1.5897],[128.7233,1.5672],[128.7303,1.5355],[128.6951,1.5333],[128.6827,1.4678],[128.7212,1.4067],[128.7565,1.3955],[128.7402,1.3745],[128.7348,1.3102],[128.7071,1.2931],[128.7175,1.2539],[128.6878,1.1944],[128.6941,1.0687],[128.6086,1.0475],[128.5334,0.9687],[128.3834,0.9102],[128.3338,0.9104],[128.2805,0.8657],[128.3144,0.8137],[128.2507,0.8386],[128.243,0.8176],[128.2684,0.7884],[128.2394,0.8135],[128.2069,0.806],[128.2131,0.7886],[128.201,0.7887],[128.2406,0.7341],[128.2597,0.7391],[128.3226,0.6523],[128.3367,0.6612],[128.3623,0.6523],[128.3482,0.6452],[128.3596,0.6404],[128.4321,0.6316],[128.5697,0.5665],[128.684,0.5571],[128.6911,0.52],[128.6694,0.4928],[128.69,0.4443],[128.6702,0.3457],[128.842,0.2906],[128.9025,0.2112],[128.8633,0.229],[128.844,0.2638],[128.5584,0.3167],[128.513,0.3416],[128.4761,0.3942],[128.3824,0.4021],[128.2811,0.3895],[128.1743,0.4272],[128.1641,0.459],[128.1153,0.4536],[128.0738,0.4772],[127.9736,0.4823],[127.9262,0.4661],[127.9007,0.4349],[127.9088,0.3616],[127.8797,0.3491],[127.8717,0.31],[127.8742,0.2916],[127.8793,0.3034],[127.9206,0.2748],[127.9315,0.1127],[127.8863,0.0813],[127.8873,0.0095],[127.9492,-0.1121],[128.0043,-0.3238],[128.2195,-0.7007],[128.3014,-0.7635],[128.3773,-0.8495],[128.4544,-0.8973],[128.4527,-0.9143],[128.38,-0.8767],[128.3509,-0.8882],[128.3159,-0.8602],[128.2959,-0.8793],[128.2625,-0.8654],[128.2243,-0.8374],[128.2477,-0.8199],[128.2834,-0.8333],[128.2262,-0.7742],[128.239,-0.7744],[128.2421,-0.7639],[128.2236,-0.7636],[128.2414,-0.7505],[128.2167,-0.7737],[128.063,-0.7163],[128.0195,-0.6823],[127.9382,-0.4997],[127.9039,-0.47],[127.8831,-0.3881],[127.8157,-0.3387],[127.7496,-0.3177],[127.6843,-0.2632],[127.6869,-0.2425],[127.6595,-0.2102],[127.7018,-0.0943],[127.6984,0.0108],[127.7197,0.0691],[127.7112,0.1027],[127.6847,0.0987],[127.7323,0.3147],[127.7079,0.3531],[127.6594,0.3403],[127.619,0.3605],[127.6206,0.3938],[127.5753,0.4111],[127.5623,0.5117],[127.5248,0.5536],[127.5378,0.5733],[127.5441,0.7271],[127.5729,0.7506],[127.5985,0.7489],[127.599,0.7723],[127.6358,0.8079],[127.6389,0.8475],[127.5635,0.8701],[127.5052,0.8581],[127.4895,0.922],[127.5094,0.9798],[127.4733,1.0032],[127.4936,1.0121],[127.4994,1.0438],[127.479,1.0599],[127.4188,1.045],[127.4237,1.0286],[127.3988,1.0421],[127.4121,1.0434],[127.3987,1.0772],[127.4307,1.1381],[127.3986,1.1897],[127.4054,1.2256],[127.4795,1.3426],[127.4836,1.3854],[127.5177,1.4242],[127.528,1.5082],[127.5483,1.5351],[127.5256,1.5176],[127.5246,1.5446],[127.5074,1.5493],[127.5242,1.5782],[127.5488,1.5852],[127.5453,1.6558],[127.5499,1.6319],[127.5748,1.6522],[127.574,1.6879],[127.5407,1.6987],[127.5637,1.7138],[127.5681,1.7486],[127.6472,1.8132],[127.6365,1.8293],[127.687,1.9243],[127.7428,1.9621],[127.8375,2.0909],[127.9607,2.1957],[127.9561,2.2233],[127.9788,2.2101],[127.9833,2.1817],[128.0746,2.1988],[128.0382,2.1263],[127.9561,2.0446],[127.9446,1.9871],[127.8446,1.9167],[127.8413,1.8133],[127.8824,1.7896],[127.9306,1.8016],[128.0155,1.7366],[128.0203,1.6927],[127.9932,1.6723],[127.9976,1.6275],[127.9863,1.6229],[128.0335,1.5875],[128.0121,1.4287],[128.0259,1.407],[127.9911,1.3818],[128.012,1.3138],[127.9805,1.3041],[127.9776,1.2759],[127.9244,1.2267],[127.9077,1.1495],[127.8306,1.1467],[127.7623,1.0668],[127.6544,1.0237],[127.6284,0.9796],[127.6298,0.919],[127.6484,0.9164],[127.6645,0.8807],[127.6538,0.8714],[127.6752,0.8613],[127.6721,0.8784],[127.6983,0.8766],[127.7421,0.8163]]],[[[124.9369,-1.9299],[124.8897,-1.9275],[124.8599,-1.8942],[124.7787,-1.9169],[124.6831,-1.9792],[124.5402,-2.0153],[124.5674,-1.9976],[124.5223,-1.9847],[124.526,-2.0207],[124.3989,-2.0249],[124.3964,-1.9686],[124.3394,-1.8837],[124.3444,-1.8111],[124.3757,-1.7363],[124.3659,-1.7029],[124.4015,-1.6595],[124.5003,-1.6591],[124.5246,-1.6349],[124.523,-1.6676],[124.5506,-1.6434],[124.6369,-1.6443],[124.7521,-1.6764],[124.777,-1.6707],[124.8087,-1.6912],[124.802,-1.6782],[124.8699,-1.6832],[124.8971,-1.712],[124.9376,-1.7007],[124.95,-1.7136],[124.9555,-1.6998],[124.9986,-1.7298],[125.0232,-1.7268],[125.0125,-1.7567],[125.0436,-1.7741],[125.0589,-1.7464],[125.0678,-1.775],[125.1074,-1.7551],[125.0863,-1.7476],[125.1083,-1.7349],[125.1069,-1.6932],[125.1318,-1.6864],[125.1475,-1.7186],[125.1646,-1.6991],[125.203,-1.7274],[125.1805,-1.7817],[125.2027,-1.7952],[125.2282,-1.7659],[125.2211,-1.7392],[125.2492,-1.7256],[125.2923,-1.7331],[125.2956,-1.7718],[125.2716,-1.7907],[125.3208,-1.7849],[125.3262,-1.8908],[125.145,-1.8763],[125.1036,-1.9],[125.0573,-1.8865],[125.017,-1.8978],[125.009,-1.9442],[124.9369,-1.9299]]],[[[127.5001,-1.7251],[127.4002,-1.652],[127.4009,-1.537],[127.4295,-1.5],[127.4126,-1.4804],[127.4303,-1.4737],[127.4411,-1.4365],[127.4127,-1.4216],[127.4405,-1.4106],[127.436,-1.4271],[127.5027,-1.4523],[127.5107,-1.4166],[127.6417,-1.3299],[127.6582,-1.3465],[127.6711,-1.3319],[127.6905,-1.3525],[127.7076,-1.3361],[127.7584,-1.3526],[127.7763,-1.3782],[127.7913,-1.3719],[127.7995,-1.412],[127.8449,-1.4373],[127.877,-1.4385],[127.8882,-1.4235],[127.9282,-1.444],[127.9899,-1.5098],[128.0798,-1.5656],[128.076,-1.5785],[128.1245,-1.5646],[128.1702,-1.6281],[128.1577,-1.6797],[128.0901,-1.7195],[128.0203,-1.7236],[127.9794,-1.6966],[127.888,-1.68],[127.8162,-1.6994],[127.709,-1.6856],[127.6707,-1.7037],[127.6598,-1.7255],[127.6115,-1.7162],[127.5927,-1.7361],[127.5001,-1.7251]]],[[[128.2792,2.0],[128.3095,2.0833],[128.2615,2.1079],[128.2545,2.2477],[128.2271,2.2781],[128.2034,2.2817],[128.2866,2.3716],[128.2977,2.4407],[128.325,2.4722],[128.4112,2.5303],[128.4605,2.5986],[128.5013,2.5785],[128.5302,2.5829],[128.5669,2.6482],[128.6097,2.572],[128.6299,2.5657],[128.6317,2.5383],[128.6602,2.5272],[128.6706,2.5032],[128.6888,2.5042],[128.6968,2.4451],[128.6507,2.3655],[128.6446,2.3371],[128.6582,2.3134],[128.6307,2.2197],[128.582,2.1433],[128.5858,2.1158],[128.5556,2.1092],[128.5114,2.0627],[128.3024,2.0369],[128.2927,1.999],[128.2693,1.9824],[128.2792,2.0]]],[[[127.3592,-0.5799],[127.3573,-0.555],[127.3052,-0.5154],[127.285,-0.4695],[127.2902,-0.4358],[127.313,-0.4298],[127.3326,-0.3844],[127.3159,-0.3304],[127.3429,-0.3359],[127.3683,-0.317],[127.4098,-0.3587],[127.4241,-0.4053],[127.4496,-0.4175],[127.4481,-0.4034],[127.4744,-0.387],[127.481,-0.3414],[127.5132,-0.3236],[127.5193,-0.3014],[127.5661,-0.3113],[127.5801,-0.3438],[127.6123,-0.3642],[127.6195,-0.4064],[127.6511,-0.4125],[127.689,-0.4611],[127.6689,-0.5108],[127.6037,-0.5739],[127.6047,-0.6241],[127.6485,-0.6272],[127.6497,-0.6818],[127.6735,-0.7073],[127.7868,-0.6768],[127.8607,-0.7061],[127.8746,-0.7158],[127.8763,-0.7566],[127.8937,-0.7554],[127.9068,-0.7819],[127.8792,-0.7742],[127.8976,-0.7967],[127.8794,-0.7926],[127.8694,-0.8244],[127.8252,-0.853],[127.7257,-0.8682],[127.7573,-0.8579],[127.693,-0.8438],[127.6811,-0.8193],[127.6666,-0.8205],[127.655,-0.7911],[127.6703,-0.7684],[127.6328,-0.7267],[127.6099,-0.7606],[127.4716,-0.8178],[127.4379,-0.7366],[127.474,-0.6601],[127.4747,-0.6263],[127.4408,-0.6254],[127.4174,-0.6053],[127.4045,-0.6185],[127.3874,-0.5858],[127.3885,-0.6061],[127.3814,-0.5851],[127.3592,-0.5799]]],[[[125.9997,-1.9165],[125.9227,-1.942],[125.8447,-1.8965],[125.789,-1.9305],[125.6067,-1.929],[125.5211,-1.9496],[125.4943,-1.9352],[125.4258,-1.9516],[125.4427,-1.9293],[125.4385,-1.8925],[125.396,-1.8772],[125.3731,-1.8485],[125.3475,-1.8905],[125.3299,-1.8341],[125.3502,-1.8061],[125.3762,-1.8087],[125.3583,-1.7988],[125.3695,-1.7812],[125.4059,-1.7774],[125.4275,-1.8112],[125.4623,-1.7803],[125.487,-1.7849],[125.4747,-1.8028],[125.4913,-1.8203],[125.5281,-1.8147],[125.5413,-1.7893],[125.5434,-1.8128],[125.5911,-1.809],[125.6435,-1.8316],[125.7345,-1.828],[125.788,-1.7993],[125.824,-1.8144],[125.9207,-1.7949],[126.1366,-1.8157],[126.2184,-1.8097],[126.3181,-1.8305],[126.3408,-1.814],[126.365,-1.8226],[126.2614,-1.8794],[126.2157,-1.8688],[126.1545,-1.8924],[126.105,-1.8804],[125.9997,-1.9165]]],[[[126,-2.4471],[125.9639,-2.3893],[125.949,-2.3054],[125.8816,-2.2125],[125.8825,-2.1445],[125.859,-2.0931],[125.8621,-2.0513],[125.9136,-1.9759],[125.9506,-1.986],[125.9942,-2.0319],[125.9594,-2.1671],[126.0696,-2.4217],[126.046,-2.4727],[126,-2.4471]]],[[[127.2619,-0.4196],[127.2722,-0.4524],[127.2531,-0.4718],[127.2604,-0.4932],[127.2228,-0.4929],[127.214,-0.5161],[127.1652,-0.5301],[127.1209,-0.5179],[127.1305,-0.4991],[127.1052,-0.4851],[127.1521,-0.4729],[127.0979,-0.4243],[127.1204,-0.4027],[127.1028,-0.3881],[127.1261,-0.3711],[127.1352,-0.3221],[127.1043,-0.2839],[127.1464,-0.2593],[127.2392,-0.2477],[127.2573,-0.2799],[127.301,-0.2712],[127.2986,-0.2875],[127.2534,-0.2924],[127.244,-0.3219],[127.2834,-0.3731],[127.2619,-0.4196]]],[[[127.1612,-0.7223],[127.1815,-0.6753],[127.2057,-0.6682],[127.2124,-0.634],[127.1868,-0.6127],[127.2502,-0.6035],[127.2653,-0.6212],[127.2428,-0.6249],[127.2455,-0.6408],[127.2963,-0.6799],[127.2881,-0.7265],[127.3295,-0.7822],[127.2906,-0.7963],[127.2385,-0.763],[127.184,-0.7748],[127.1535,-0.7543],[127.1948,-0.7734],[127.1578,-0.7469],[127.1612,-0.7223]]],[[[127.4999,-1.2704],[127.4629,-1.2471],[127.5049,-1.2037],[127.5091,-1.1772],[127.5471,-1.1718],[127.5973,-1.2097],[127.6935,-1.2277],[127.6908,-1.2855],[127.6749,-1.2925],[127.5595,-1.2482],[127.4999,-1.2704]]],[[[129.4637,-0.09],[129.5364,-0.1375],[129.5621,-0.1813],[129.568,-0.2102],[129.5261,-0.2193],[129.4986,-0.1866],[129.5095,-0.1738],[129.4623,-0.1495],[129.473,-0.1336],[129.4526,-0.0995],[129.3729,-0.0805],[129.3765,-0.0489],[129.356,-0.0136],[129.2751,0.037],[129.3934,-0.0217],[129.4637,-0.09]]],[[[127.3835,0.7229],[127.3822,0.7473],[127.404,0.7595],[127.4554,0.7302],[127.4565,0.6733],[127.4152,0.6252],[127.3835,0.6261],[127.3671,0.6464],[127.3616,0.6789],[127.3835,0.7229]]],[[[127.2924,0.8226],[127.3168,0.8642],[127.3404,0.8641],[127.3848,0.8309],[127.3831,0.7782],[127.3697,0.7619],[127.3126,0.7566],[127.2924,0.8226]]],[[[127.3804,0.2807],[127.3483,0.3096],[127.3442,0.3335],[127.3734,0.3616],[127.4175,0.3739],[127.4412,0.3179],[127.4215,0.2831],[127.3804,0.2807]]],[[[127.4613,0.0],[127.4683,-0.0712],[127.4651,-0.0439],[127.4331,-0.0058],[127.4415,0.0093],[127.4274,0.0249],[127.4021,0.0144],[127.427,0.1393],[127.4596,0.1316],[127.4403,0.103],[127.4497,0.0707],[127.4673,0.0727],[127.4613,0.0]]],[[[127.3164,-1.4381],[127.2844,-1.4176],[127.3191,-1.3947],[127.3214,-1.3668],[127.3384,-1.3902],[127.3428,-1.3662],[127.3472,-1.3858],[127.36,-1.3663],[127.366,-1.3782],[127.3813,-1.3691],[127.3707,-1.3844],[127.3917,-1.3891],[127.3932,-1.4144],[127.3428,-1.4355],[127.3304,-1.4558],[127.3164,-1.4381]]],[[[128.1611,2.4111],[128.1787,2.4001],[128.1815,2.3117],[128.1941,2.3089],[128.1697,2.2877],[128.147,2.2955],[128.1288,2.3281],[128.1611,2.4111]]],[[[128.3508,-1.0336],[128.3267,-1.016],[128.3414,-0.9744],[128.3086,-0.9652],[128.3151,-0.9366],[128.3405,-0.9488],[128.3436,-0.9874],[128.3523,-0.9667],[128.3502,-0.9816],[128.3621,-0.973],[128.38,-0.9978],[128.4143,-1.0001],[128.3866,-0.9929],[128.4054,-0.9881],[128.4206,-1.0088],[128.4021,-1.0372],[128.3508,-1.0336]]],[[[128.4984,-0.5678],[128.5523,-0.6018],[128.5987,-0.6105],[128.6059,-0.631],[128.5704,-0.6419],[128.5161,-0.6251],[128.5005,-0.5857],[128.4747,-0.5765],[128.4984,-0.5678]]],[[[128.3113,-0.5438],[128.3684,-0.5199],[128.446,-0.5672],[128.4075,-0.6051],[128.3852,-0.5605],[128.3113,-0.5438]]],[[[127.3309,-0.626],[127.3245,-0.5988],[127.3526,-0.6154],[127.379,-0.6078],[127.4115,-0.6333],[127.4091,-0.6581],[127.3691,-0.6666],[127.3679,-0.6466],[127.3697,-0.6604],[127.3502,-0.6599],[127.3309,-0.626]]],[[[124.3035,-2.0004],[124.3084,-1.9761],[124.3329,-1.9627],[124.3667,-1.9674],[124.3761,-1.9868],[124.3651,-2.0136],[124.3284,-2.0277],[124.3035,-2.0004]]],[[[126.3757,1.3467],[126.4027,1.3585],[126.446,1.3411],[126.4165,1.2732],[126.392,1.3131],[126.3662,1.3223],[126.3757,1.3467]]],[[[128.3048,-1.6277],[128.3349,-1.6006],[128.3649,-1.6138],[128.3607,-1.6459],[128.3285,-1.6638],[128.3006,-1.6484],[128.3048,-1.6277]]],[[[127.7609,2.2613],[127.7768,2.2982],[127.7799,2.2784],[127.8259,2.2724],[127.8236,2.2432],[127.7964,2.2202],[127.7735,2.2242],[127.7737,2.2633],[127.7609,2.2613]]],[[[127.2671,-0.0919],[127.2601,-0.125],[127.2302,-0.1402],[127.1945,-0.121],[127.2256,-0.111],[127.2248,-0.0931],[127.2507,-0.078],[127.2682,-0.0735],[127.2671,-0.0919]]],[[[126.4344,-1.8191],[126.4859,-1.8106],[126.4674,-1.8308],[126.4959,-1.8298],[126.4727,-1.8443],[126.3632,-1.8313],[126.4344,-1.8191]]],[[[128.3779,-1.1211],[128.3476,-1.0939],[128.3706,-1.0715],[128.4255,-1.0901],[128.4619,-1.1261],[128.4099,-1.0988],[128.3779,-1.1211]]],[[[127.4032,-1.1418],[127.4208,-1.143],[127.4436,-1.1872],[127.4285,-1.2229],[127.4071,-1.2027],[127.4032,-1.1418]]],[[[129.6192,-0.0761],[129.5816,-0.0505],[129.5892,-0.014],[129.6504,-0.0655],[129.6382,-0.0803],[129.6432,-0.06],[129.6185,-0.0427],[129.6102,-0.0491],[129.6295,-0.0653],[129.6192,-0.0761]]],[[[127.4086,0.4318],[127.3821,0.4531],[127.403,0.4817],[127.4404,0.4495],[127.4086,0.4318]]],[[[127.1132,-0.194],[127.1242,-0.1787],[127.1489,-0.1854],[127.1227,-0.2057],[127.1216,-0.2366],[127.0893,-0.2558],[127.0869,-0.2158],[127.1132,-0.194]]],[[[127.0186,-0.2709],[127.0253,-0.2598],[127.0394,-0.275],[127.0389,-0.2438],[127.0564,-0.2301],[127.0837,-0.2402],[127.0867,-0.2594],[127.0315,-0.2954],[127.0186,-0.2709]]],[[[127.5913,-1.822],[127.6463,-1.8272],[127.5675,-1.8638],[127.5667,-1.8398],[127.5913,-1.822]]],[[[128.833,0.5419],[128.8608,0.4883],[128.8138,0.5295],[128.8034,0.5622],[128.833,0.5419]]],[[[123.9974,-1.8136],[124.0268,-1.8428],[124.0355,-1.8928],[124.0132,-1.8704],[123.9974,-1.8136]]],[[[124.1656,-1.733],[124.1843,-1.7653],[124.1614,-1.7867],[124.1496,-1.7385],[124.1656,-1.733]]],[[[127.41,-0.0321],[127.4208,-0.0204],[127.4203,-0.0594],[127.4383,-0.0777],[127.4155,-0.0553],[127.4082,-0.1048],[127.41,-0.0321]]],[[[127.7456,2.1724],[127.7198,2.1965],[127.7614,2.193],[127.7793,2.1626],[127.7456,2.1724]]],[[[127.7368,-0.3409],[127.7465,-0.3267],[127.7581,-0.3555],[127.7485,-0.3639],[127.7635,-0.3702],[127.7237,-0.3962],[127.7368,-0.3409]]],[[[127.775,2.1336],[127.7919,2.1187],[127.7771,2.0824],[127.7637,2.1159],[127.775,2.1336]]],[[[128.1276,-0.8139],[128.1202,-0.7965],[128.157,-0.7819],[128.1569,-0.8033],[128.1359,-0.8081],[128.1458,-0.8119],[128.1284,-0.8325],[128.1276,-0.8139]]],[[[124.3397,-2.0783],[124.3308,-2.0659],[124.345,-2.0517],[124.3715,-2.05],[124.3751,-2.0748],[124.3397,-2.0783]]],[[[127.393,-1.3135],[127.4346,-1.319],[127.3906,-1.3336],[127.4117,-1.3322],[127.377,-1.3239],[127.393,-1.3135]]],[[[127.3791,-1.5047],[127.3911,-1.4834],[127.4086,-1.5009],[127.3931,-1.5258],[127.3764,-1.5227],[127.3791,-1.5047]]],[[[128.3298,0.7958],[128.3592,0.7996],[128.3364,0.7681],[128.323,0.7705],[128.3298,0.7958]]],[[[124.2495,-1.6142],[124.2424,-1.6248],[124.2282,-1.6159],[124.2282,-1.5982],[124.2566,-1.5894],[124.2636,-1.6035],[124.2495,-1.6142]]],[[[127.519,1.7061],[127.5291,1.6817],[127.5049,1.6698],[127.519,1.7061]]],[[[127.3078,0.9029],[127.3139,0.9125],[127.3293,0.891],[127.3134,0.8812],[127.2983,0.8968],[127.3078,0.9029]]],[[[128.0755,-0.8438],[128.0913,-0.8339],[128.1087,-0.8529],[128.0755,-0.8438]]],[[[127.3882,0.5609],[127.388,0.5797],[127.4093,0.5821],[127.3882,0.5609]]],[[[127.2708,-0.4934],[127.2937,-0.4952],[127.286,-0.5261],[127.2708,-0.4934]]],[[[127.3088,-0.6325],[127.306,-0.6175],[127.3238,-0.6193],[127.3283,-0.6575],[127.3088,-0.6325]]],[[[126.1438,0.9804],[126.161,0.9554],[126.1268,0.973],[126.1438,0.9804]]],[[[129.413,-0.0914],[129.4243,-0.1268],[129.406,-0.1062],[129.413,-0.0914]]],[[[128.3391,-0.5694],[128.364,-0.5763],[128.3292,-0.5784],[128.3391,-0.5694]]],[[[128.3553,-1.0347],[128.3651,-1.0417],[128.3474,-1.0545],[128.3353,-1.0347],[128.3553,-1.0347]]],[[[127.1141,0.1446],[127.1344,0.1286],[127.1126,0.1308],[127.1036,0.1428],[127.1141,0.1446]]],[[[125.531,-1.7763],[125.5421,-1.7592],[125.5532,-1.7801],[125.531,-1.7763]]],[[[128.6629,0.5831],[128.6712,0.572],[128.6402,0.5723],[128.6629,0.5831]]],[[[128.3948,-1.139],[128.4081,-1.1538],[128.3683,-1.1328],[128.3948,-1.139]]],[[[128.0582,1.5728],[128.0519,1.558],[128.0451,1.5817],[128.0582,1.5728]]],[[[127.2518,-0.5029],[127.2626,-0.5013],[127.2654,-0.5284],[127.2518,-0.5029]]],[[[128.3366,0.8308],[128.3194,0.8203],[128.3203,0.8445],[128.3366,0.8308]]],[[[124.9947,-1.6624],[125.0204,-1.669],[124.9957,-1.6731],[124.9947,-1.6624]]],[[[127.2252,-0.5333],[127.2395,-0.5514],[127.2195,-0.5464],[127.2252,-0.5333]]],[[[127.7287,-0.423],[127.7263,-0.4091],[127.7462,-0.4235],[127.7287,-0.423]]],[[[127.2821,-0.3381],[127.2973,-0.3454],[127.277,-0.3487],[127.2821,-0.3381]]],[[[128.3968,-1.1308],[128.4091,-1.1224],[128.4067,-1.1371],[128.3968,-1.1308]]],[[[127.3068,-0.2277],[127.3014,-0.243],[127.294,-0.2285],[127.3068,-0.2277]]],[[[128.2326,-1.0538],[128.2355,-1.0379],[128.2459,-1.0669],[128.2326,-1.0538]]],[[[128.871,0.4707],[128.8726,0.454],[128.8598,0.4728],[128.871,0.4707]]],[[[127.9957,-1.4906],[127.9964,-1.5033],[127.9849,-1.4874],[127.9957,-1.4906]]],[[[125.5148,-1.7734],[125.5265,-1.7656],[125.5273,-1.7771],[125.5148,-1.7734]]],[[[127.0529,-0.2827],[127.0644,-0.2785],[127.0614,-0.2951],[127.0529,-0.2827]]],[[[128.0437,-1.5251],[128.0439,-1.5376],[128.0316,-1.5272],[128.0437,-1.5251]]],[[[128.0466,1.7505],[128.0517,1.7413],[128.0331,1.7436],[128.0466,1.7505]]],[[[124.4863,-1.5819],[124.4841,-1.6013],[124.4766,-1.5772],[124.4863,-1.5819]]],[[[127.4773,1.6622],[127.4877,1.6623],[127.4804,1.6455],[127.4773,1.6622]]]]},"properties":{"name":"MALUKU UTARA"}},{"type":"Feature","geometry":{"type":"MultiPolygon","coordinates":[[[[130.8313,-3.4714],[130.8137,-3.4662],[130.803,-3.4932],[130.8805,-3.5964],[130.8731,-3.6286],[130.8315,-3.6613],[130.8219,-3.7014],[130.8329,-3.7871],[130.8218,-3.8343],[130.8506,-3.867],[130.8279,-3.8767],[130.7745,-3.8512],[130.7686,-3.831],[130.7518,-3.839],[130.6213,-3.7972],[130.5704,-3.7263],[130.4761,-3.6993],[130.4058,-3.6243],[130.3211,-3.609],[130.2904,-3.5806],[130.1274,-3.5267],[130.0927,-3.4955],[130.0123,-3.4782],[129.9652,-3.4204],[129.9539,-3.3548],[129.9142,-3.3312],[129.804,-3.3155],[129.7545,-3.3264],[129.7244,-3.3098],[129.6744,-3.3182],[129.5195,-3.2923],[129.4949,-3.3204],[129.5653,-3.4169],[129.5606,-3.4463],[129.5299,-3.4658],[129.4088,-3.4127],[129.2791,-3.4082],[129.1872,-3.3856],[129.0809,-3.3365],[128.929,-3.3467],[128.9073,-3.3202],[128.9184,-3.331],[128.9624,-3.2814],[128.9612,-3.2217],[128.883,-3.199],[128.8554,-3.2064],[128.8309,-3.2436],[128.7759,-3.2589],[128.6875,-3.3434],[128.6624,-3.3903],[128.6913,-3.4133],[128.6689,-3.4316],[128.5858,-3.4263],[128.5119,-3.455],[128.4491,-3.4561],[128.3955,-3.4255],[128.3868,-3.3924],[128.3257,-3.3266],[128.2625,-3.1967],[128.2158,-3.2137],[128.1846,-3.1936],[128.1952,-3.2134],[128.1739,-3.2276],[128.1532,-3.1963],[128.1647,-3.1806],[128.1503,-3.1827],[128.1649,-3.1378],[128.1825,-3.146],[128.1967,-3.1229],[128.1925,-3.0726],[128.1754,-3.0613],[128.1415,-3.0694],[128.0803,-3.1317],[128.0463,-3.3363],[128.0058,-3.3775],[127.9723,-3.3798],[127.9353,-3.4684],[127.9497,-3.5227],[127.912,-3.5611],[127.8864,-3.4826],[127.9367,-3.374],[127.9357,-3.3403],[127.8799,-3.2655],[127.8638,-3.1814],[127.83,-3.1543],[127.8952,-3.1507],[127.9378,-3.1216],[127.9376,-3.1061],[127.979,-3.1024],[127.9713,-3.0915],[127.9926,-3.0659],[128.1076,-3.062],[128.0815,-3.0169],[128.1215,-2.9959],[128.116,-2.9676],[128.0776,-2.9823],[128.0686,-2.9663],[128.1332,-2.9301],[128.1276,-2.8998],[128.163,-2.8773],[128.1631,-2.8581],[128.2388,-2.8496],[128.2644,-2.8633],[128.3507,-2.8557],[128.3975,-2.8683],[128.4305,-2.844],[128.4725,-2.8498],[128.5074,-2.831],[128.5563,-2.8509],[128.6643,-2.8385],[128.6957,-2.8584],[128.7495,-2.8491],[128.8218,-2.8628],[128.9507,-2.8375],[129.0472,-2.7886],[129.0726,-2.8452],[129.053,-2.8843],[129.0638,-2.9025],[129.075,-2.883],[129.0813,-2.9321],[129.1287,-2.9631],[129.1525,-2.9439],[129.1916,-2.9554],[129.1718,-2.9357],[129.1823,-2.918],[129.2145,-2.9509],[129.2147,-2.9207],[129.3483,-2.8477],[129.3758,-2.7827],[129.5111,-2.7909],[129.5182,-2.7653],[129.5507,-2.7966],[129.6086,-2.7949],[129.6259,-2.8187],[129.6626,-2.8166],[129.7754,-2.8582],[129.8051,-2.909],[129.8644,-2.8897],[129.8664,-2.9072],[129.8536,-2.9035],[129.8665,-2.9257],[129.8804,-2.9258],[129.8696,-2.9085],[129.8911,-2.9091],[129.8994,-2.9374],[129.9815,-2.9793],[129.9987,-2.9722],[130.0203,-2.9972],[130.1081,-2.9965],[130.1424,-2.9815],[130.1837,-3.0058],[130.3013,-2.9679],[130.3688,-2.9825],[130.4272,-3.0262],[130.4322,-3.0537],[130.4655,-3.0656],[130.488,-3.1021],[130.546,-3.1137],[130.5932,-3.1546],[130.6337,-3.2827],[130.6289,-3.346],[130.6609,-3.4086],[130.7982,-3.4111],[130.8313,-3.4714]]],[[[126.0006,-3.3093],[125.9949,-3.2942],[126.0136,-3.3003],[126.0027,-3.2772],[126.0175,-3.2478],[126.0156,-3.182],[126.0893,-3.1189],[126.1275,-3.1651],[126.2021,-3.1917],[126.2269,-3.1848],[126.2245,-3.1447],[126.2584,-3.1372],[126.2973,-3.0988],[126.3414,-3.1066],[126.404,-3.085],[126.7883,-3.0615],[126.8574,-3.0931],[126.8877,-3.1292],[126.9048,-3.1242],[126.9298,-3.1452],[126.9866,-3.1422],[127.1038,-3.2273],[127.1155,-3.2808],[127.0952,-3.286],[127.0653,-3.2607],[127.0277,-3.2741],[127.0395,-3.3308],[127.0694,-3.3248],[127.0721,-3.3744],[127.1228,-3.3842],[127.1611,-3.3365],[127.1798,-3.3579],[127.2546,-3.3753],[127.2669,-3.3927],[127.2471,-3.4387],[127.2479,-3.5931],[127.2063,-3.6687],[127.1144,-3.6622],[127.0157,-3.7072],[126.952,-3.7699],[126.8106,-3.8028],[126.7425,-3.8556],[126.7224,-3.8444],[126.6818,-3.8586],[126.638,-3.8226],[126.6159,-3.8255],[126.5626,-3.7932],[126.5151,-3.7948],[126.5215,-3.783],[126.5014,-3.7859],[126.4141,-3.7344],[126.4,-3.7114],[126.3868,-3.7201],[126.3341,-3.6813],[126.2828,-3.6672],[126.2342,-3.6237],[126.1831,-3.6175],[126.1491,-3.5289],[126.0767,-3.4866],[126.0465,-3.4496],[126.0396,-3.405],[126.0063,-3.3663],[126.0177,-3.3411],[126.0006,-3.3093]]],[[[131.1481,-7.7333],[131.1145,-7.7548],[131.1202,-7.7328],[131.1057,-7.7404],[131.1071,-7.7019],[131.1286,-7.675],[131.1702,-7.7193],[131.2461,-7.7246],[131.2375,-7.7064],[131.1857,-7.6995],[131.1574,-7.668],[131.2202,-7.5357],[131.2262,-7.4856],[131.3129,-7.4163],[131.3414,-7.4424],[131.3537,-7.3892],[131.3818,-7.3896],[131.3653,-7.3655],[131.3924,-7.3548],[131.3851,-7.339],[131.425,-7.3282],[131.4507,-7.3411],[131.4317,-7.3094],[131.4449,-7.2735],[131.4558,-7.283],[131.4706,-7.2599],[131.4735,-7.2312],[131.5354,-7.2237],[131.5179,-7.1929],[131.5284,-7.1418],[131.5719,-7.1421],[131.5809,-7.121],[131.5997,-7.1291],[131.649,-7.113],[131.6565,-7.1418],[131.6357,-7.1678],[131.6503,-7.1747],[131.6799,-7.1669],[131.6731,-7.1533],[131.6893,-7.1365],[131.7085,-7.136],[131.6878,-7.1584],[131.7169,-7.1597],[131.742,-7.2154],[131.6526,-7.2253],[131.6282,-7.2524],[131.6563,-7.3264],[131.6467,-7.3515],[131.6768,-7.3615],[131.675,-7.3857],[131.6438,-7.3935],[131.6601,-7.3984],[131.6569,-7.426],[131.7063,-7.4164],[131.6691,-7.4428],[131.6704,-7.4895],[131.6482,-7.4969],[131.6662,-7.5073],[131.6213,-7.646],[131.6011,-7.6406],[131.584,-7.6572],[131.553,-7.7195],[131.4832,-7.7273],[131.4792,-7.7787],[131.4509,-7.7739],[131.4618,-7.8039],[131.4174,-7.8196],[131.3646,-7.8659],[131.3609,-7.8853],[131.3798,-7.891],[131.3455,-7.9028],[131.3268,-7.9313],[131.3553,-7.9278],[131.3406,-7.9866],[131.2914,-8.0221],[131.2868,-7.9958],[131.3073,-7.9573],[131.2874,-7.9201],[131.2303,-8.0027],[131.186,-7.9871],[131.104,-7.9897],[131.122,-7.9057],[131.0794,-7.8589],[131.108,-7.8188],[131.1366,-7.833],[131.1511,-7.8193],[131.1458,-7.7987],[131.1116,-7.7804],[131.1372,-7.7712],[131.1481,-7.7333]]],[[[125.8047,-8.0001],[125.7959,-8.0142],[125.7843,-7.9998],[125.8199,-7.9258],[125.8027,-7.8582],[125.8676,-7.8121],[125.8594,-7.7667],[125.9131,-7.741],[125.9335,-7.6754],[125.972,-7.6517],[126.0302,-7.6929],[126.1872,-7.7247],[126.2385,-7.6846],[126.3278,-7.6918],[126.4087,-7.6218],[126.4511,-7.622],[126.4731,-7.5865],[126.6333,-7.5557],[126.645,-7.6043],[126.692,-7.6219],[126.7264,-7.6664],[126.8186,-7.6563],[126.8127,-7.6801],[126.8458,-7.7348],[126.8224,-7.7551],[126.699,-7.7514],[126.5559,-7.8204],[126.4722,-7.9764],[126.4257,-7.9334],[126.3722,-7.9363],[126.3302,-7.9156],[126.1897,-7.9272],[126.134,-7.8923],[126.0704,-7.89],[125.9752,-7.92],[125.9438,-7.9134],[125.8047,-8.0001]]],[[[134.4336,-6.6811],[134.4478,-6.6943],[134.4401,-6.7084],[134.3874,-6.7349],[134.4015,-6.7594],[134.3658,-6.7851],[134.377,-6.8201],[134.3316,-6.8643],[134.2134,-6.9105],[134.1982,-6.9429],[134.1677,-6.9184],[134.1499,-6.8719],[134.1647,-6.8932],[134.1512,-6.8532],[134.1806,-6.8571],[134.1937,-6.836],[134.1632,-6.8162],[134.1905,-6.8463],[134.1508,-6.8492],[134.1442,-6.8653],[134.0691,-6.8295],[134.0505,-6.7729],[134.0787,-6.708],[134.1005,-6.4885],[134.1191,-6.4483],[134.1384,-6.4832],[134.203,-6.4871],[134.2355,-6.6158],[134.2601,-6.6433],[134.2792,-6.6431],[134.2826,-6.6618],[134.3009,-6.6622],[134.285,-6.6559],[134.2986,-6.6327],[134.2601,-6.6376],[134.2373,-6.6104],[134.2365,-6.5729],[134.2132,-6.5377],[134.2439,-6.4997],[134.2231,-6.5107],[134.1985,-6.4703],[134.2185,-6.4446],[134.1858,-6.4562],[134.2157,-6.4314],[134.2005,-6.4257],[134.1407,-6.4642],[134.117,-6.4174],[134.1358,-6.3005],[134.1021,-6.1653],[134.1377,-6.1705],[134.17,-6.2156],[134.2264,-6.2238],[134.2896,-6.2955],[134.3049,-6.2943],[134.2991,-6.3635],[134.3123,-6.3568],[134.3481,-6.3991],[134.4089,-6.4019],[134.4371,-6.4544],[134.4608,-6.4394],[134.5052,-6.5233],[134.4838,-6.5265],[134.4761,-6.546],[134.4976,-6.5517],[134.4904,-6.5652],[134.4623,-6.5673],[134.5017,-6.5877],[134.5262,-6.5753],[134.5304,-6.5879],[134.5011,-6.6229],[134.4946,-6.6589],[134.464,-6.6822],[134.4288,-6.648],[134.3998,-6.6761],[134.4315,-6.6591],[134.4336,-6.6811]]],[[[134.2807,-6.0526],[134.3317,-6.0262],[134.3476,-6.0416],[134.3388,-6.0665],[134.3763,-6.0245],[134.4277,-6.025],[134.4695,-5.9631],[134.5011,-5.956],[134.5357,-5.9229],[134.599,-5.9469],[134.5848,-5.9725],[134.5601,-5.9785],[134.5706,-5.9732],[134.5679,-5.9886],[134.6073,-5.9463],[134.6581,-5.9472],[134.6455,-5.9858],[134.6572,-5.9661],[134.7214,-6.0246],[134.6895,-6.0584],[134.73,-6.0278],[134.7424,-6.0444],[134.7348,-6.0651],[134.7536,-6.0514],[134.7736,-6.0834],[134.7649,-6.0907],[134.7817,-6.0975],[134.7561,-6.1258],[134.7604,-6.1432],[134.7328,-6.1629],[134.7241,-6.1495],[134.7163,-6.1666],[134.6972,-6.1432],[134.7135,-6.172],[134.6751,-6.1945],[134.7662,-6.1636],[134.7352,-6.2911],[134.7232,-6.3105],[134.7078,-6.3043],[134.7275,-6.3112],[134.6924,-6.3051],[134.709,-6.3173],[134.7029,-6.3291],[134.6304,-6.3572],[134.6222,-6.3756],[134.5896,-6.3543],[134.5502,-6.354],[134.5041,-6.2954],[134.4767,-6.2981],[134.4592,-6.2708],[134.4673,-6.2612],[134.4426,-6.2717],[134.3971,-6.258],[134.3948,-6.2414],[134.4152,-6.2269],[134.4423,-6.2441],[134.4326,-6.2247],[134.3945,-6.2364],[134.3643,-6.2092],[134.3361,-6.2153],[134.2735,-6.1153],[134.2723,-6.0915],[134.2923,-6.0727],[134.2807,-6.0526]]],[[[134.7577,-5.8545],[134.7697,-5.856],[134.7586,-5.8711],[134.7711,-5.8932],[134.7381,-5.9116],[134.7304,-5.8918],[134.7109,-5.8936],[134.7127,-5.9127],[134.6994,-5.9153],[134.75,-5.9441],[134.7333,-5.9462],[134.7455,-5.9708],[134.7337,-5.9827],[134.6792,-5.9572],[134.6618,-5.934],[134.6747,-5.9252],[134.6385,-5.9334],[134.6304,-5.922],[134.653,-5.8995],[134.6294,-5.9116],[134.6264,-5.8612],[134.5854,-5.9369],[134.5331,-5.9215],[134.5049,-5.9516],[134.468,-5.9617],[134.433,-6.0204],[134.3792,-6.0184],[134.3546,-6.0354],[134.3032,-6.0203],[134.3432,-5.9533],[134.3,-5.93],[134.3007,-5.9005],[134.3196,-5.9109],[134.3132,-5.9],[134.3412,-5.8757],[134.3334,-5.8612],[134.3738,-5.8505],[134.36,-5.8314],[134.3821,-5.8246],[134.3756,-5.8031],[134.4237,-5.7893],[134.4476,-5.8099],[134.4189,-5.789],[134.4216,-5.7725],[134.3971,-5.7925],[134.3688,-5.7712],[134.3305,-5.7985],[134.3394,-5.7748],[134.3272,-5.761],[134.3082,-5.7674],[134.3161,-5.7531],[134.2616,-5.7611],[134.2144,-5.7169],[134.2538,-5.6652],[134.3359,-5.7313],[134.3859,-5.7116],[134.3628,-5.7117],[134.355,-5.6925],[134.4186,-5.6429],[134.4356,-5.6012],[134.4205,-5.5992],[134.4497,-5.5802],[134.4553,-5.5369],[134.4663,-5.5649],[134.4904,-5.5772],[134.4738,-5.6062],[134.4927,-5.5791],[134.4817,-5.5619],[134.5068,-5.5349],[134.5116,-5.5654],[134.5289,-5.5665],[134.5476,-5.6542],[134.5733,-5.6594],[134.6175,-5.7287],[134.6373,-5.7177],[134.6617,-5.7277],[134.6549,-5.7499],[134.7148,-5.8206],[134.6998,-5.8438],[134.6742,-5.8487],[134.7218,-5.837],[134.7577,-5.8545]]],[[[128.2655,-3.6144],[128.2462,-3.627],[128.2856,-3.6623],[128.287,-3.6932],[128.2631,-3.6981],[128.2518,-3.7254],[128.2199,-3.7422],[128.1671,-3.7391],[128.0881,-3.785],[128.1456,-3.7012],[128.2322,-3.6358],[128.2239,-3.625],[128.1864,-3.6366],[128.1877,-3.6548],[128.1052,-3.682],[128.0806,-3.7142],[128.0293,-3.728],[127.9871,-3.7752],[127.9318,-3.7683],[127.9069,-3.7137],[127.9109,-3.6789],[128.0176,-3.5859],[128.1673,-3.5823],[128.2057,-3.5215],[128.2464,-3.4937],[128.3278,-3.4989],[128.3423,-3.5185],[128.3097,-3.5622],[128.3448,-3.596],[128.3457,-3.6283],[128.2655,-3.6144]]],[[[129.7896,-8.0484],[129.753,-8.0606],[129.7026,-8.0456],[129.5785,-7.9089],[129.583,-7.8406],[129.6083,-7.8125],[129.6758,-7.7915],[129.8106,-7.8213],[129.8527,-7.8469],[129.8383,-7.8781],[129.8608,-7.9224],[129.817,-7.9779],[129.7896,-8.0484]]],[[[132.9182,-5.7905],[132.941,-5.7725],[132.9494,-5.6742],[132.9792,-5.6353],[132.982,-5.652],[133.0075,-5.6428],[133.1098,-5.2883],[133.1519,-5.2666],[133.1897,-5.3225],[133.167,-5.3466],[133.1207,-5.5594],[133.0854,-5.6204],[133.0426,-5.6425],[132.968,-5.7387],[132.9493,-5.8184],[132.9677,-5.8505],[132.9032,-5.9477],[132.8516,-5.9973],[132.8752,-5.9003],[132.8961,-5.8911],[132.8802,-5.8762],[132.8836,-5.8526],[132.8992,-5.8515],[132.8884,-5.8377],[132.9182,-5.7905]]],[[[131.0029,-4.4438],[131.0511,-4.4359],[131.0828,-4.4548],[131.1692,-4.4409],[131.2171,-4.4562],[131.2892,-4.4459],[131.3909,-4.3773],[131.4064,-4.3561],[131.4071,-4.3111],[131.4346,-4.3021],[131.4274,-4.3592],[131.4918,-4.4083],[131.4721,-4.4381],[131.5028,-4.462],[131.4463,-4.4688],[131.4552,-4.5028],[131.3683,-4.5296],[131.3512,-4.5572],[131.3046,-4.5315],[131.272,-4.5413],[131.1722,-4.4891],[131.1046,-4.5037],[131.0813,-4.4751],[130.9892,-4.5145],[130.9577,-4.4821],[130.9601,-4.4593],[131.0029,-4.4438]]],[[[132.6969,-5.7528],[132.6991,-5.7314],[132.6929,-5.7445],[132.6564,-5.7141],[132.6635,-5.6756],[132.6406,-5.6763],[132.6455,-5.6387],[132.6153,-5.5967],[132.6777,-5.6282],[132.716,-5.5902],[132.7183,-5.6471],[132.7065,-5.6509],[132.7058,-5.6286],[132.6969,-5.6569],[132.7478,-5.6454],[132.7569,-5.721],[132.7702,-5.7448],[132.7662,-5.7162],[132.7809,-5.716],[132.78,-5.7666],[132.8113,-5.7842],[132.8178,-5.8063],[132.8214,-5.8476],[132.7879,-5.9401],[132.7318,-5.9494],[132.7394,-5.8984],[132.7288,-5.8912],[132.7027,-5.9496],[132.704,-5.9114],[132.6719,-5.9037],[132.6778,-5.8523],[132.6968,-5.8336],[132.6753,-5.778],[132.68,-5.7446],[132.6969,-5.7528]]],[[[134.2773,-6.1736],[134.2836,-6.1607],[134.3066,-6.1722],[134.3273,-6.2344],[134.3608,-6.2256],[134.368,-6.2446],[134.3687,-6.2284],[134.3829,-6.2421],[134.3643,-6.2564],[134.3896,-6.2436],[134.4224,-6.2802],[134.3681,-6.3271],[134.3578,-6.3203],[134.3477,-6.3441],[134.3292,-6.2918],[134.3152,-6.2765],[134.2868,-6.2825],[134.2323,-6.2007],[134.1664,-6.19],[134.1708,-6.1664],[134.2027,-6.1466],[134.2005,-6.1287],[134.1654,-6.1301],[134.1527,-6.1517],[134.1164,-6.104],[134.1245,-6.0387],[134.1518,-6.0066],[134.1629,-6.0423],[134.2289,-6.0174],[134.2465,-6.0761],[134.2772,-6.0579],[134.2337,-6.1245],[134.2691,-6.1474],[134.2773,-6.1736]]],[[[134.4041,-6.3057],[134.4609,-6.2777],[134.5329,-6.3431],[134.5191,-6.403],[134.5386,-6.3494],[134.5985,-6.3906],[134.6082,-6.4461],[134.585,-6.4723],[134.5543,-6.4865],[134.5467,-6.4763],[134.5528,-6.4892],[134.5745,-6.4797],[134.548,-6.538],[134.5165,-6.5319],[134.5069,-6.4998],[134.4816,-6.4916],[134.49,-6.4392],[134.4766,-6.4521],[134.4704,-6.4335],[134.4408,-6.4398],[134.4075,-6.3978],[134.3798,-6.3992],[134.3654,-6.3586],[134.3488,-6.3662],[134.4041,-6.3057]]],[[[127.7781,-8.1402],[127.7546,-8.1118],[127.8044,-8.1042],[127.9358,-8.1451],[128.0972,-8.1406],[128.1221,-8.1623],[128.0688,-8.198],[128.0417,-8.2615],[128.0271,-8.263],[127.9548,-8.2496],[127.9321,-8.2211],[127.8147,-8.2033],[127.7854,-8.1812],[127.7781,-8.1402]]],[[[131.0875,-8.1724],[130.9886,-8.2316],[130.9614,-8.2232],[130.8927,-8.2378],[130.8831,-8.2543],[130.8964,-8.287],[130.8074,-8.3383],[130.7553,-8.3376],[130.8196,-8.2514],[130.8724,-8.2157],[130.9261,-8.2035],[130.9128,-8.147],[130.9274,-8.1251],[130.9984,-8.1379],[131.0053,-8.1262],[130.9843,-8.1234],[130.9865,-8.1095],[131.0208,-8.0734],[131.081,-8.1106],[131.0669,-8.1561],[131.122,-8.1133],[131.1737,-8.1155],[131.1421,-8.1602],[131.0875,-8.1724]]],[[[134.6442,-5.586],[134.6565,-5.5805],[134.6666,-5.6008],[134.6867,-5.5861],[134.6931,-5.6238],[134.6905,-5.6032],[134.7142,-5.6026],[134.7424,-5.6356],[134.731,-5.6494],[134.745,-5.6202],[134.7647,-5.6515],[134.7672,-5.6718],[134.732,-5.6791],[134.723,-5.7088],[134.7374,-5.7101],[134.7175,-5.7464],[134.6416,-5.7158],[134.6165,-5.7258],[134.576,-5.6573],[134.5415,-5.6375],[134.5345,-5.5749],[134.6084,-5.5743],[134.6207,-5.5906],[134.642,-5.5885],[134.6472,-5.6079],[134.6442,-5.586]]],[[[134.5938,-5.4275],[134.6122,-5.4358],[134.6099,-5.4814],[134.6221,-5.4367],[134.6122,-5.4265],[134.6237,-5.4272],[134.6513,-5.4467],[134.6552,-5.494],[134.6696,-5.4846],[134.7071,-5.5191],[134.7012,-5.552],[134.677,-5.5419],[134.6993,-5.5745],[134.6652,-5.5675],[134.6263,-5.586],[134.6112,-5.5712],[134.5555,-5.5613],[134.5334,-5.5725],[134.5088,-5.5579],[134.5212,-5.5165],[134.4886,-5.4972],[134.5385,-5.4836],[134.4964,-5.4916],[134.5056,-5.4636],[134.4945,-5.434],[134.5118,-5.4236],[134.5603,-5.4509],[134.5583,-5.4386],[134.5784,-5.4457],[134.5743,-5.4235],[134.589,-5.4213],[134.5915,-5.4399],[134.5938,-5.4275]]],[[[131.8974,-7.1768],[131.8457,-7.1566],[131.8077,-7.1574],[131.8042,-7.1696],[131.7744,-7.1594],[131.7578,-7.1773],[131.7522,-7.1639],[131.7246,-7.1719],[131.7119,-7.1487],[131.7474,-7.112],[131.915,-7.099],[131.9846,-7.2069],[131.9684,-7.2407],[131.9466,-7.248],[131.9069,-7.224],[131.8974,-7.1768]]],[[[128.6903,-7.1035],[128.6876,-7.1369],[128.6532,-7.1411],[128.6669,-7.1643],[128.6883,-7.1663],[128.6465,-7.2219],[128.5535,-7.1647],[128.5345,-7.1688],[128.5181,-7.147],[128.6058,-7.0648],[128.65,-7.098],[128.6903,-7.1035]]],[[[127.3691,-7.5025],[127.4117,-7.5038],[127.4472,-7.5308],[127.4824,-7.5233],[127.4894,-7.5515],[127.4735,-7.5909],[127.4104,-7.6061],[127.3995,-7.645],[127.3703,-7.6616],[127.3424,-7.6549],[127.3253,-7.6304],[127.341,-7.6031],[127.3756,-7.5921],[127.356,-7.5245],[127.3691,-7.5025]]],[[[128.4108,-3.552],[128.4037,-3.5303],[128.4363,-3.5057],[128.4891,-3.5086],[128.5416,-3.537],[128.566,-3.5812],[128.5313,-3.6122],[128.5133,-3.6159],[128.5032,-3.6012],[128.4867,-3.6202],[128.4546,-3.611],[128.3946,-3.6318],[128.4108,-3.552]]],[[[134.7075,-6.7287],[134.673,-6.7857],[134.6231,-6.7582],[134.6357,-6.7304],[134.6245,-6.714],[134.6553,-6.6973],[134.6857,-6.5956],[134.7105,-6.5807],[134.7615,-6.629],[134.7373,-6.6543],[134.7389,-6.7048],[134.7078,-6.7266],[134.7053,-6.7123],[134.7075,-6.7287]]],[[[128.6085,-3.5785],[128.5457,-3.5238],[128.5592,-3.4905],[128.5962,-3.4925],[128.6324,-3.5268],[128.6756,-3.541],[128.6877,-3.4906],[128.7238,-3.5113],[128.7303,-3.6002],[128.7193,-3.6199],[128.6906,-3.5864],[128.6482,-3.5693],[128.6549,-3.6062],[128.6368,-3.627],[128.6018,-3.5942],[128.6231,-3.5825],[128.6085,-3.5785]]],[[[131.0069,-4.3383],[131.0563,-4.2946],[131.0942,-4.2983],[131.1017,-4.3143],[131.1477,-4.3255],[131.1426,-4.3958],[131.1173,-4.411],[131.0305,-4.3974],[130.9951,-4.3718],[131.0069,-4.3383]]],[[[131.041,-7.5],[131.058,-7.4785],[131.0291,-7.4956],[130.9697,-7.4842],[130.9845,-7.4283],[131.1626,-7.4007],[131.1697,-7.4182],[131.1362,-7.4405],[131.1315,-7.4624],[131.1044,-7.4675],[131.0601,-7.5186],[131.0328,-7.5091],[131.041,-7.5]]],[[[127.6479,-3.2018],[127.7487,-3.1443],[127.7903,-3.1745],[127.7794,-3.2502],[127.6768,-3.2475],[127.6313,-3.2198],[127.6479,-3.2018]]],[[[134.8759,-6.2914],[134.8909,-6.2901],[134.9079,-6.3247],[134.8424,-6.4802],[134.8059,-6.4599],[134.7981,-6.3931],[134.8459,-6.3263],[134.8519,-6.2876],[134.8759,-6.2914]]],[[[127.9522,-3.0002],[127.9018,-3.0336],[127.8222,-3.0275],[127.8621,-3.0003],[127.8735,-2.9542],[127.9376,-2.9324],[127.9093,-2.9113],[127.9183,-2.9053],[127.9997,-2.9316],[127.9522,-3.0002]]],[[[128.0875,-8.2311],[128.0912,-8.2062],[128.124,-8.2167],[128.1957,-8.2015],[128.2173,-8.2153],[128.2314,-8.2716],[128.1503,-8.2817],[128.0862,-8.2695],[128.0726,-8.2523],[128.0875,-8.2311]]],[[[129.0006,-8.2665],[128.9257,-8.2272],[128.9293,-8.2546],[128.8804,-8.2435],[128.8182,-8.2012],[128.8596,-8.1858],[128.9532,-8.1898],[129.0233,-8.2251],[129.0006,-8.2665]]],[[[127.5001,-3.323],[127.481,-3.2944],[127.544,-3.2409],[127.6178,-3.3021],[127.6522,-3.3537],[127.6078,-3.3618],[127.5795,-3.3361],[127.5001,-3.323]]],[[[134.7314,-6.476],[134.7631,-6.5255],[134.7571,-6.5429],[134.7352,-6.558],[134.7223,-6.5441],[134.7018,-6.5613],[134.6709,-6.5596],[134.6401,-6.4803],[134.6917,-6.446],[134.7314,-6.476]]],[[[132.763,-5.6604],[132.7458,-5.6363],[132.7546,-5.5782],[132.8056,-5.5204],[132.7971,-5.5639],[132.8196,-5.5426],[132.8042,-5.6057],[132.82,-5.6813],[132.7987,-5.6942],[132.8027,-5.6511],[132.7809,-5.6896],[132.763,-5.6604]]],[[[131.0439,-7.6534],[131.1223,-7.6346],[131.105,-7.6902],[131.056,-7.7014],[131.0613,-7.6765],[131.0496,-7.6779],[131.0254,-7.7006],[131.0407,-7.7189],[130.9671,-7.7366],[130.9681,-7.6782],[131.0439,-7.6534]]],[[[127.6369,-8.1779],[127.6874,-8.1533],[127.7414,-8.1786],[127.7482,-8.1979],[127.7257,-8.2176],[127.632,-8.2391],[127.5925,-8.2149],[127.6369,-8.1779]]],[[[130.8721,-7.5],[130.9408,-7.521],[130.9791,-7.5048],[130.9891,-7.5135],[130.9722,-7.5161],[130.9982,-7.5273],[130.9854,-7.5442],[130.954,-7.5385],[130.9812,-7.5533],[130.9727,-7.5626],[130.9461,-7.5365],[130.9296,-7.5614],[130.8946,-7.5727],[130.8324,-7.5498],[130.8392,-7.498],[130.8721,-7.5]]],[[[127.172,-8.1193],[127.1417,-8.1118],[127.1338,-8.0523],[127.1612,-8.0279],[127.1951,-8.0251],[127.2309,-8.1139],[127.172,-8.1193]]],[[[131.6213,-6.6955],[131.5932,-6.7293],[131.566,-6.7156],[131.5625,-6.7627],[131.5888,-6.759],[131.5643,-6.7865],[131.5236,-6.8003],[131.512,-6.7618],[131.5612,-6.705],[131.5597,-6.6814],[131.575,-6.6674],[131.6187,-6.6752],[131.6213,-6.6955]]],[[[127.1987,-3.8904],[127.1552,-3.8873],[127.1362,-3.8522],[127.1518,-3.8268],[127.19,-3.8153],[127.2302,-3.8387],[127.2365,-3.8766],[127.2171,-3.9052],[127.1987,-3.8904]]],[[[131.1968,-4.2881],[131.2162,-4.2963],[131.2292,-4.3318],[131.2243,-4.3772],[131.1633,-4.3914],[131.161,-4.3704],[131.1906,-4.3446],[131.1341,-4.2851],[131.1968,-4.2881]]],[[[131.4279,-4.0],[131.4508,-4.0684],[131.4365,-4.0801],[131.4168,-4.0709],[131.3658,-3.9723],[131.4184,-3.949],[131.4279,-4.0]]],[[[134.7166,-5.7494],[134.7418,-5.7441],[134.7493,-5.7861],[134.7169,-5.8172],[134.6578,-5.7494],[134.6762,-5.7313],[134.7166,-5.7494]]],[[[134.2541,-5.7869],[134.2497,-5.8286],[134.1944,-5.8278],[134.1989,-5.7542],[134.2381,-5.7618],[134.2541,-5.7869]]],[[[131.342,-4.112],[131.3752,-4.1268],[131.4024,-4.1709],[131.3821,-4.1732],[131.3399,-4.1303],[131.2995,-4.1251],[131.2724,-4.0831],[131.2821,-4.0704],[131.342,-4.112]]],[[[129.8896,-8.1414],[129.8419,-8.2004],[129.8055,-8.2151],[129.8478,-8.1381],[129.9137,-8.0977],[129.9138,-8.1248],[129.8896,-8.1414]]],[[[134.5586,-5.3393],[134.5893,-5.3333],[134.6061,-5.3544],[134.5801,-5.3629],[134.5386,-5.4165],[134.5062,-5.3871],[134.5329,-5.3594],[134.5555,-5.36],[134.5586,-5.3393]]],[[[129.5161,-7.9043],[129.5135,-7.85],[129.5622,-7.9033],[129.5398,-7.959],[129.5141,-7.9419],[129.5161,-7.9043]]],[[[134.2775,-5.6149],[134.3087,-5.5666],[134.3509,-5.5776],[134.3388,-5.606],[134.2817,-5.6488],[134.247,-5.6279],[134.2775,-5.6149]]],[[[131.9776,-5.3405],[132.012,-5.3161],[132.024,-5.3365],[132.0101,-5.3818],[131.9771,-5.3988],[131.9624,-5.3822],[131.9776,-5.3405]]],[[[134.8038,-6.5539],[134.7777,-6.5482],[134.776,-6.5138],[134.7967,-6.513],[134.8203,-6.4852],[134.8473,-6.4922],[134.8167,-6.5598],[134.8038,-6.5539]]],[[[131.2168,-7.3468],[131.2232,-7.3269],[131.2418,-7.3342],[131.2366,-7.3092],[131.2546,-7.2975],[131.3027,-7.3341],[131.2577,-7.3545],[131.2671,-7.3757],[131.2181,-7.3619],[131.2063,-7.3515],[131.2168,-7.3468]]],[[[131.6573,-4.5178],[131.6116,-4.426],[131.6877,-4.5094],[131.6869,-4.5432],[131.6611,-4.5387],[131.6573,-4.5178]]],[[[131.9991,-6.9908],[131.9563,-7.0501],[131.9081,-7.0754],[131.9063,-7.0525],[131.9806,-6.9905],[131.9991,-6.9908]]],[[[129.8726,-4.5424],[129.9245,-4.5428],[129.9475,-4.5021],[129.9626,-4.5464],[129.9344,-4.5738],[129.8875,-4.549],[129.8697,-4.561],[129.8726,-4.5424]]],[[[128.7511,-3.6701],[128.7637,-3.6374],[128.7979,-3.6438],[128.7931,-3.685],[128.7563,-3.6905],[128.7511,-3.6701]]],[[[134.5876,-6.5188],[134.5874,-6.4804],[134.6355,-6.4518],[134.6263,-6.5026],[134.5876,-6.5188]]],[[[129.6191,-7.1262],[129.6353,-7.1676],[129.5932,-7.175],[129.5908,-7.1225],[129.6078,-7.1113],[129.6191,-7.1262]]],[[[132.3157,-5.5499],[132.3167,-5.5278],[132.3473,-5.5378],[132.3586,-5.5586],[132.3825,-5.5437],[132.3415,-5.5897],[132.3157,-5.5499]]],[[[129.4875,-6.8734],[129.5226,-6.8628],[129.5299,-6.8734],[129.5097,-6.9156],[129.4765,-6.9073],[129.4875,-6.8734]]],[[[129.3384,-7.2726],[129.3025,-7.2865],[129.2827,-7.261],[129.3258,-7.2436],[129.3384,-7.2726]]],[[[125.7568,-8.0001],[125.7268,-8.0566],[125.7175,-7.9765],[125.73,-7.9633],[125.7568,-8.0001]]],[[[131.7532,-4.7131],[131.7686,-4.753],[131.7497,-4.7892],[131.7303,-4.7112],[131.7532,-4.7131]]],[[[131.4724,-6.8724],[131.4907,-6.8641],[131.5122,-6.8787],[131.4774,-6.9198],[131.4569,-6.9105],[131.4724,-6.8724]]],[[[131.2417,-4],[131.2434,-4.0565],[131.2217,-4.0377],[131.2054,-3.9809],[131.2417,-4]]],[[[132.2937,-5.6035],[132.3112,-5.5996],[132.3056,-5.6225],[132.3249,-5.6334],[132.2998,-5.6607],[132.2908,-5.6088],[132.2613,-5.5941],[132.2937,-5.6035]]],[[[134.2779,-5.4902],[134.2903,-5.5239],[134.2589,-5.5579],[134.256,-5.4926],[134.2779,-5.4902]]],[[[134.8206,-6.3018],[134.8331,-6.3063],[134.8302,-6.3264],[134.7922,-6.3666],[134.7878,-6.34],[134.8206,-6.3018]]],[[[134.5165,-6.7173],[134.5292,-6.7502],[134.4801,-6.7628],[134.4959,-6.7234],[134.5165,-6.7173]]],[[[134.7432,-6.3723],[134.7552,-6.362],[134.7563,-6.3886],[134.7439,-6.4384],[134.7284,-6.4254],[134.7432,-6.3723]]],[[[129.6568,-7.5417],[129.6648,-7.5319],[129.6874,-7.5583],[129.7201,-7.5586],[129.7081,-7.5777],[129.6859,-7.5791],[129.6547,-7.5592],[129.6568,-7.5417]]],[[[134.5246,-7.0873],[134.5215,-7.1037],[134.4715,-7.0901],[134.4878,-7.0645],[134.5096,-7.077],[134.526,-7.068],[134.5246,-7.0873]]],[[[134.6064,-6.8897],[134.635,-6.8559],[134.6432,-6.8684],[134.6605,-6.8461],[134.6792,-6.8485],[134.6093,-6.9036],[134.5892,-6.8773],[134.6064,-6.8897]]],[[[129.9994,-7.7056],[130.0181,-7.7532],[129.984,-7.7335],[129.98,-7.7119],[129.9994,-7.7056]]],[[[132.1915,-5.727],[132.2072,-5.7273],[132.1922,-5.7763],[132.1765,-5.7463],[132.1915,-5.727]]],[[[129.123,-6.9441],[129.147,-6.9411],[129.1534,-6.9649],[129.1305,-6.9785],[129.1149,-6.9609],[129.123,-6.9441]]],[[[132.745,-5.548],[132.7069,-5.5542],[132.6898,-5.5368],[132.7424,-5.527],[132.7542,-5.5354],[132.745,-5.548]]],[[[130.0498,-7.7654],[130.086,-7.7688],[130.0831,-7.7947],[130.0284,-7.7768],[130.0332,-7.7615],[130.0498,-7.7654]]],[[[134.6098,-5.9422],[134.5883,-5.9343],[134.6259,-5.8806],[134.6098,-5.9422]]],[[[131.4679,-7.1835],[131.4871,-7.1596],[131.4894,-7.1998],[131.4546,-7.1982],[131.4679,-7.1835]]],[[[134.5,-6.713],[134.5121,-6.6642],[134.5281,-6.6942],[134.5,-6.713]]],[[[130.7816,-3.3083],[130.799,-3.3231],[130.7893,-3.3387],[130.7588,-3.3218],[130.7686,-3.3033],[130.7816,-3.3083]]],[[[127.5957,-7.5964],[127.5893,-7.5509],[127.6204,-7.6054],[127.5989,-7.6207],[127.5957,-7.5964]]],[[[134.7667,-6.6081],[134.7964,-6.6383],[134.7629,-6.6361],[134.7544,-6.6133],[134.7667,-6.6081]]],[[[134.321,-6.3636],[134.2996,-6.352],[134.3145,-6.309],[134.321,-6.3636]]],[[[132.476,-6.0],[132.4841,-6.0188],[132.453,-6.0389],[132.4418,-6.0117],[132.4672,-6.0192],[132.476,-6.0]]],[[[130.9111,-3.9003],[130.935,-3.8673],[130.9365,-3.8825],[130.9557,-3.8803],[130.9239,-3.908],[130.9111,-3.9003]]],[[[134.5475,-6.7534],[134.5347,-6.7794],[134.5112,-6.7864],[134.5343,-6.7492],[134.5475,-6.7534]]],[[[132.5269,-5.8936],[132.5445,-5.8772],[132.5428,-5.9213],[132.5269,-5.8936]]],[[[134.6061,-5.3673],[134.567,-5.3966],[134.5819,-5.3671],[134.6061,-5.3673]]],[[[131.4339,-7.1009],[131.4486,-7.0974],[131.4535,-7.1186],[131.4345,-7.138],[131.4339,-7.1009]]],[[[131.092,-8.0465],[131.0836,-8.0075],[131.104,-8.0363],[131.092,-8.0465]]],[[[127.8859,-2.9362],[127.9202,-2.9178],[127.9057,-2.9416],[127.873,-2.952],[127.8859,-2.9362]]],[[[134.5876,-6.5188],[134.5776,-6.5478],[134.5626,-6.5472],[134.5763,-6.5108],[134.5876,-6.5188]]],[[[132.5628,-5.859],[132.5525,-5.8699],[132.5335,-5.8431],[132.5628,-5.859]]],[[[129.8744,-4.5089],[129.8981,-4.5077],[129.8975,-4.5306],[129.8734,-4.5248],[129.8744,-4.5089]]],[[[131.1451,-7.5139],[131.1527,-7.5416],[131.1259,-7.5256],[131.1451,-7.5139]]],[[[134.8134,-5.7392],[134.7828,-5.7609],[134.789,-5.734],[134.8134,-5.7392]]],[[[128.7706,-8.1665],[128.794,-8.1844],[128.7892,-8.2021],[128.7736,-8.2046],[128.7771,-8.1737],[128.7479,-8.1648],[128.7706,-8.1665]]],[[[134.5134,-6.9376],[134.528,-6.9523],[134.4906,-6.9562],[134.4907,-6.9379],[134.5134,-6.9376]]],[[[131.37,-7.2329],[131.3871,-7.1935],[131.4023,-7.2307],[131.3962,-7.2204],[131.37,-7.2329]]],[[[134.7572,-6.8519],[134.7445,-6.8789],[134.6882,-6.8641],[134.7029,-6.875],[134.7463,-6.8625],[134.7493,-6.8738],[134.7572,-6.8519]]],[[[127.7905,-3.1466],[127.826,-3.1495],[127.7935,-3.1507],[127.7986,-3.1641],[127.7705,-3.1578],[127.7905,-3.1466]]],[[[131.085,-7.7324],[131.093,-7.7211],[131.0918,-7.7455],[131.0801,-7.7389],[131.0869,-7.7536],[131.0711,-7.7608],[131.0641,-7.7501],[131.085,-7.7324]]],[[[128.6886,-8.1684],[128.7101,-8.1922],[128.684,-8.1872],[128.6763,-8.1686],[128.6886,-8.1684]]],[[[134.7695,-6.3818],[134.7779,-6.3704],[134.7864,-6.4021],[134.7757,-6.4213],[134.7695,-6.3818]]],[[[132.7979,-5.7462],[132.789,-5.7735],[132.7833,-5.7343],[132.7979,-5.7462]]],[[[132.018,-5.601],[131.9993,-5.6053],[132.0024,-5.5812],[132.018,-5.601]]],[[[134.7106,-6.5662],[134.7284,-6.5493],[134.73,-6.5716],[134.7106,-6.5662]]],[[[134.5735,-6.4891],[134.5828,-6.4798],[134.5813,-6.4992],[134.554,-6.5363],[134.5735,-6.4891]]],[[[129.9164,-6.2952],[129.9204,-6.2823],[129.9421,-6.2982],[129.9164,-6.2952]]],[[[134.782,-5.8105],[134.7992,-5.8237],[134.7671,-5.8279],[134.782,-5.8105]]],[[[131.2076,-8.0459],[131.2097,-8.0694],[131.1911,-8.0765],[131.2076,-8.0459]]],[[[131.6029,-4.4033],[131.6113,-4.4166],[131.6007,-4.4196],[131.58,-4.3836],[131.6029,-4.4033]]],[[[134.599,-6.6036],[134.5899,-6.633],[134.5839,-6.613],[134.599,-6.6036]]],[[[132.6111,-5.8608],[132.5974,-5.8487],[132.6075,-5.8349],[132.6203,-5.8502],[132.6111,-5.8608]]],[[[134.5976,-5.3958],[134.6137,-5.3863],[134.6229,-5.4025],[134.6078,-5.4128],[134.5976,-5.3958]]],[[[134.8603,-6.2039],[134.8581,-6.1885],[134.8738,-6.1978],[134.8614,-6.223],[134.8505,-6.2132],[134.8603,-6.2039]]],[[[134.2694,-6.1257],[134.2874,-6.1281],[134.2831,-6.1458],[134.2694,-6.1257]]],[[[132.8041,-5.7629],[132.7895,-5.7253],[132.7992,-5.7209],[132.8041,-5.7629]]],[[[134.435,-6.2848],[134.4119,-6.268],[134.4485,-6.2735],[134.435,-6.2848]]],[[[134.4953,-6.694],[134.4828,-6.7114],[134.4745,-6.7021],[134.4874,-6.6841],[134.4953,-6.694]]],[[[132.5825,-5.8298],[132.5754,-5.8204],[132.5895,-5.8177],[132.6065,-5.8318],[132.5825,-5.8298]]],[[[131.515,-6.8151],[131.536,-6.8087],[131.5239,-6.8282],[131.5071,-6.8268],[131.515,-6.8151]]],[[[131.287,-8.0457],[131.2708,-8.0518],[131.2807,-8.0268],[131.2918,-8.0283],[131.287,-8.0457]]],[[[134.6692,-5.4608],[134.6692,-5.4812],[134.6554,-5.4518],[134.6692,-5.4608]]],[[[132.7559,-5.4837],[132.7684,-5.4814],[132.7533,-5.504],[132.7559,-5.4837]]],[[[132.0111,-5.1806],[132.0191,-5.1683],[132.0196,-5.1988],[132.0111,-5.1806]]],[[[134.636,-5.9344],[134.6135,-5.9385],[134.6275,-5.9125],[134.636,-5.9344]]],[[[134.8022,-5.8823],[134.7829,-5.8914],[134.7872,-5.8744],[134.8062,-5.8709],[134.8022,-5.8823]]],[[[131.4419,-7.0741],[131.4441,-7.09],[131.4315,-7.0878],[131.4272,-7.0655],[131.4419,-7.0741]]],[[[128.5495,-7.3639],[128.564,-7.3644],[128.5581,-7.3862],[128.5495,-7.3639]]],[[[131.3282,-7.393],[131.3246,-7.4124],[131.3164,-7.3878],[131.3282,-7.393]]],[[[132.7326,-5.5728],[132.7379,-5.5951],[132.7177,-5.5866],[132.7326,-5.5728]]],[[[134.3346,-6.312],[134.3362,-6.3272],[134.3222,-6.3153],[134.3232,-6.2972],[134.3346,-6.312]]],[[[134.6821,-7.0073],[134.68,-7.0275],[134.6668,-7.0171],[134.6821,-7.0073]]],[[[134.6647,-5.3928],[134.6787,-5.4107],[134.6532,-5.4022],[134.6647,-5.3928]]],[[[128.5573,-7.294],[128.5688,-7.2965],[128.5603,-7.3189],[128.5573,-7.294]]],[[[129.9134,-4.5113],[129.9019,-4.5258],[129.897,-4.4978],[129.9134,-4.5113]]],[[[127.2941,-7.5186],[127.2949,-7.534],[127.279,-7.528],[127.2941,-7.5186]]],[[[128.0559,-3.0002],[128.0454,-3.0136],[128.0481,-2.9924],[128.0559,-3.0002]]],[[[131.0098,-7.7489],[131.0007,-7.754],[131.0038,-7.7322],[131.0098,-7.7489]]],[[[125.732,-7.9346],[125.74,-7.9185],[125.7411,-7.9441],[125.732,-7.9346]]],[[[132.3349,-5.6109],[132.3358,-5.6252],[132.322,-5.6134],[132.3349,-5.6109]]],[[[134.8738,-6.1535],[134.8879,-6.1431],[134.8852,-6.1613],[134.8738,-6.1535]]],[[[130.9586,-7.7487],[130.9503,-7.771],[130.949,-7.7425],[130.9614,-7.7349],[130.9586,-7.7487]]],[[[134.7501,-5.7916],[134.7621,-5.8025],[134.75,-5.812],[134.7501,-5.7916]]],[[[128.9749,-2.7228],[128.9868,-2.7241],[128.9684,-2.7432],[128.9749,-2.7228]]],[[[132.7223,-5.6305],[132.7298,-5.6218],[132.744,-5.644],[132.7223,-5.6305]]],[[[134.7958,-5.7918],[134.7784,-5.7877],[134.7859,-5.7788],[134.7958,-5.7918]]],[[[132.7339,-5.4944],[132.7471,-5.4957],[132.737,-5.5079],[132.7339,-5.4944]]],[[[134.5219,-5.3356],[134.541,-5.337],[134.5149,-5.3505],[134.5219,-5.3356]]],[[[134.7811,-5.9011],[134.791,-5.9041],[134.7762,-5.913],[134.7811,-5.9011]]],[[[132.6236,-5.802],[132.6308,-5.7924],[132.6322,-5.8148],[132.6236,-5.802]]],[[[132.7718,-5.7041],[132.7657,-5.7135],[132.76,-5.7018],[132.7718,-5.7041]]],[[[131.9499,-5.6823],[131.9406,-5.6875],[131.9404,-5.6738],[131.9499,-5.6823]]],[[[127.5386,-7.5362],[127.5485,-7.528],[127.5463,-7.5442],[127.5386,-7.5362]]],[[[132.6255,-5.6967],[132.6348,-5.7042],[132.6221,-5.7069],[132.6255,-5.6967]]]]},"properties":{"name":"MALUKU"}},{"type":"Feature","geometry":{"type":"MultiPolygon","coordinates":[[[[115.75,-1.3143],[115.6888,-1.4488],[115.659,-1.4711],[115.6558,-1.5122],[115.6314,-1.5321],[115.63,-1.5763],[115.6398,-1.61],[115.6683,-1.6313],[115.6652,-1.7067],[115.7071,-1.7333],[115.681,-1.7944],[115.691,-1.8047],[115.7085,-1.789],[115.7269,-1.8049],[115.7275,-1.9248],[115.6967,-1.9752],[115.719,-1.9984],[115.6948,-2.0408],[115.7217,-2.0627],[115.782,-2.0545],[115.8134,-2.0704],[115.785,-2.2158],[115.811,-2.2376],[115.8139,-2.25],[115.8003,-2.25],[115.8136,-2.25],[115.8098,-2.2772],[115.8331,-2.2956],[115.8169,-2.3173],[115.8314,-2.3331],[115.8354,-2.3895],[115.8871,-2.3745],[115.891,-2.3353],[115.9847,-2.3126],[116.25,-2.3169],[116.548,-2.4029],[116.5234,-2.5412],[116.4822,-2.573],[116.477,-2.5115],[116.4202,-2.4939],[116.3984,-2.5273],[116.3521,-2.5168],[116.335,-2.534],[116.2986,-2.5196],[116.2619,-2.537],[116.2747,-2.5501],[116.3023,-2.533],[116.3055,-2.5665],[116.2876,-2.5716],[116.2907,-2.5946],[116.2637,-2.5901],[116.2922,-2.6015],[116.2807,-2.6224],[116.2625,-2.6018],[116.2785,-2.6311],[116.2619,-2.6371],[116.2619,-2.6577],[116.3558,-2.5501],[116.3911,-2.5857],[116.4153,-2.5788],[116.365,-2.6729],[116.3642,-2.8779],[116.2679,-3.004],[116.2111,-3.0002],[116.2072,-2.9397],[116.1542,-2.8978],[116.1506,-2.8583],[116.1666,-2.8526],[116.1485,-2.8512],[116.1627,-2.8309],[116.1451,-2.8446],[116.1527,-2.8232],[116.1443,-2.8378],[116.1348,-2.8261],[116.1407,-2.7946],[116.1273,-2.8193],[116.1069,-2.8036],[116.1196,-2.8291],[116.101,-2.8229],[116.1279,-2.8359],[116.1134,-2.8368],[116.1314,-2.8407],[116.1314,-2.8659],[116.0629,-2.8445],[116.0845,-2.8602],[116.0746,-2.8648],[116.1315,-2.8842],[116.101,-2.9333],[116.1215,-2.9652],[116.0582,-3.0057],[116.0904,-2.9955],[116.0578,-3.0341],[116.0931,-2.9994],[116.1006,-3.0124],[116.1562,-3.0129],[116.1721,-3.0617],[116.2685,-3.1099],[116.2754,-3.1291],[116.2091,-3.1276],[116.1677,-3.1659],[116.1769,-3.2512],[116.086,-3.2829],[116.0316,-3.3642],[116.0076,-3.4329],[116.0149,-3.4839],[115.9925,-3.5217],[115.9949,-3.569],[115.9703,-3.61],[115.8335,-3.6315],[115.7168,-3.7327],[115.6581,-3.7387],[115.0538,-3.9924],[114.6963,-4.1754],[114.6365,-4.1746],[114.6213,-4.1621],[114.6376,-4.0299],[114.6043,-3.8255],[114.6225,-3.7117],[114.6129,-3.6447],[114.5571,-3.5584],[114.5134,-3.5439],[114.4949,-3.509],[114.4346,-3.5005],[114.3497,-3.4579],[114.3592,-3.392],[114.3465,-3.351],[114.3709,-3.3221],[114.3834,-3.2676],[114.4501,-3.2104],[114.4297,-3.1743],[114.546,-3.068],[114.4963,-3.0154],[114.5463,-2.9477],[114.5241,-2.9268],[114.5415,-2.9239],[114.5679,-2.8664],[114.6177,-2.8836],[114.5988,-2.8156],[114.6667,-2.7986],[114.6797,-2.7422],[114.7614,-2.7222],[114.7908,-2.6699],[114.7978,-2.5898],[114.9141,-2.4599],[114.9917,-2.4109],[115.0405,-2.3524],[115.2485,-2.2115],[115.2403,-2.1977],[115.2643,-2.2263],[115.2908,-2.2256],[115.321,-2.0733],[115.3452,-2.0825],[115.4085,-2.0584],[115.3713,-2.0171],[115.4023,-1.9542],[115.3245,-1.8094],[115.3501,-1.6377],[115.4138,-1.4246],[115.4466,-1.4286],[115.4944,-1.403],[115.5578,-1.3948],[115.6692,-1.3338],[115.7099,-1.3364],[115.75,-1.3143]]],[[[116.3111,-3.9022],[116.3107,-3.9172],[116.2736,-3.9076],[116.2445,-3.9425],[116.2071,-3.9524],[116.2105,-3.9862],[116.1716,-3.999],[116.1445,-4.0363],[116.1079,-4.0369],[116.0917,-4.0866],[116.0952,-4.0716],[116.0837,-4.0716],[116.098,-4.0562],[116.0729,-4.0493],[116.0722,-4.0348],[116.049,-4.0628],[116.0396,-4.0222],[116.0559,-4.0092],[116.0794,-3.9247],[116.0577,-3.906],[116.0625,-3.8502],[116.0822,-3.829],[116.0244,-3.7301],[116.0024,-3.6392],[116.0462,-3.5464],[116.0396,-3.4813],[116.0698,-3.4396],[116.1149,-3.3063],[116.1401,-3.3026],[116.258,-3.2091],[116.2811,-3.2144],[116.2504,-3.379],[116.3056,-3.4463],[116.3143,-3.48],[116.3125,-3.505],[116.2719,-3.5236],[116.2717,-3.5506],[116.3063,-3.5901],[116.2889,-3.6126],[116.3002,-3.7126],[116.3393,-3.7284],[116.2724,-3.8169],[116.2964,-3.8642],[116.3169,-3.8627],[116.3111,-3.9022]]],[[[116.4175,-3.5],[116.3992,-3.6264],[116.381,-3.6515],[116.3634,-3.6517],[116.3436,-3.5687],[116.3124,-3.5565],[116.3448,-3.4529],[116.3891,-3.4146],[116.409,-3.361],[116.4282,-3.3638],[116.4347,-3.4227],[116.4175,-3.5]]],[[[115.8018,-4.8298],[115.8363,-4.7692],[115.8551,-4.8016],[115.8457,-4.8183],[115.8018,-4.8298]]],[[[117.1755,-4.0859],[117.1466,-4.0695],[117.1525,-4.0393],[117.1809,-4.0445],[117.1755,-4.0859]]],[[[116.1543,-2.9021],[116.2031,-2.943],[116.1808,-2.9504],[116.1484,-2.9353],[116.1543,-2.9021]]],[[[116.3075,-2.539],[116.3226,-2.5818],[116.289,-2.6151],[116.2947,-2.5808],[116.3082,-2.5909],[116.2966,-2.5771],[116.3075,-2.539]]],[[[116.1704,-3.0356],[116.1371,-3.0017],[116.1365,-2.9765],[116.1763,-2.998],[116.1704,-3.0356]]],[[[117.0733,-5.0914],[117.051,-5.0812],[117.0556,-5.0624],[117.0774,-5.0656],[117.0733,-5.0914]]],[[[116.3221,-3.4367],[116.3416,-3.4011],[116.3448,-3.4248],[116.3221,-3.4367]]],[[[116.0336,-3.4362],[116.0267,-3.457],[116.0157,-3.4367],[116.0385,-3.4194],[116.0336,-3.4362]]],[[[116.0602,-3.384],[116.0579,-3.3546],[116.0702,-3.3477],[116.0602,-3.384]]],[[[116.1298,-3.0],[116.1419,-3.0112],[116.1115,-3.0054],[116.1231,-2.9914],[116.1298,-3.0]]],[[[117.4329,-3.8152],[117.4217,-3.7947],[117.4355,-3.797],[117.4329,-3.8152]]],[[[116.3083,-3.8473],[116.2973,-3.8436],[116.322,-3.8159],[116.3083,-3.8473]]],[[[115.6722,-4.9281],[115.6722,-4.9019],[115.6827,-4.9051],[115.6722,-4.9281]]],[[[116.1731,-3.036],[116.1863,-3.043],[116.1742,-3.06],[116.1731,-3.036]]],[[[116.3395,-3.6185],[116.3328,-3.5918],[116.351,-3.603],[116.3395,-3.6185]]],[[[116.137,-2.9909],[116.1233,-2.9881],[116.1326,-2.9748],[116.137,-2.9909]]],[[[116.2076,-4.0391],[116.1982,-4.0259],[116.215,-4.0294],[116.2076,-4.0391]]]]},"properties":{"name":"KALIMANTAN SELATAN"}},{"type":"Feature","geometry":{"type":"MultiPolygon","coordinates":[[[[114.205,1.4075],[114.1492,1.3787],[114.1432,1.2928],[114.1623,1.2665],[114.1275,1.2239],[114.1412,1.1991],[114.1182,1.1545],[114.0818,1.1618],[114.048,1.1327],[114.0316,1.1474],[113.9877,1.1444],[113.9431,1.063],[113.8958,1.0521],[113.8939,1.0232],[113.917,1.0081],[113.9199,0.9869],[113.8762,0.893],[113.9269,0.8437],[113.925,0.8248],[113.8904,0.7873],[113.8964,0.7388],[113.8763,0.7131],[113.8453,0.7059],[113.8416,0.6615],[113.8126,0.6429],[113.7741,0.5652],[113.6723,0.5052],[113.6566,0.4381],[113.5858,0.4042],[113.452,0.2715],[113.4193,0.2629],[113.3484,0.2776],[113.2708,0.2405],[113.3249,0.1798],[113.4194,0.1243],[113.4099,0.0541],[113.4248,0.0185],[113.334,-0.189],[113.2219,-0.3353],[113.2622,-0.3893],[113.2663,-0.4242],[113.2189,-0.5031],[113.2006,-0.5],[113.1872,-0.4672],[113.157,-0.4677],[113.1459,-0.4455],[113.1114,-0.486],[113.0632,-0.4995],[112.9925,-0.4874],[112.9753,-0.5106],[112.8882,-0.5348],[112.8461,-0.5718],[112.7433,-0.5734],[112.7294,-0.5883],[112.7313,-0.6241],[112.6998,-0.622],[112.6914,-0.6514],[112.6281,-0.6559],[112.5851,-0.6907],[112.4883,-0.6924],[112.4757,-0.7315],[112.4543,-0.7179],[112.4494,-0.6793],[112.4313,-0.6725],[112.3657,-0.7125],[112.3298,-0.7041],[112.3048,-0.7338],[112.244,-0.635],[112.1971,-0.6157],[112.1616,-0.6543],[112.1591,-0.6842],[112.1476,-0.68],[112.1623,-0.7254],[112.1323,-0.7216],[112.1053,-0.688],[112.0463,-0.6975],[112.0154,-0.7299],[111.9998,-0.7266],[112.0005,-0.7825],[111.9646,-0.8161],[111.9066,-0.7753],[111.9023,-0.8321],[111.9193,-0.8713],[111.8728,-0.8638],[111.8541,-0.9046],[111.7306,-0.9242],[111.718,-0.945],[111.6248,-0.9845],[111.6233,-1.0462],[111.571,-1.0758],[111.5538,-1.1105],[111.5718,-1.1425],[111.5565,-1.1718],[111.575,-1.197],[111.4961,-1.2197],[111.4888,-1.2806],[111.4037,-1.25],[111.3856,-1.2753],[111.3485,-1.286],[111.2861,-1.3711],[111.2652,-1.3776],[111.2787,-1.4247],[111.2123,-1.412],[111.1926,-1.4529],[111.1892,-1.5154],[111.168,-1.4764],[111.147,-1.4724],[111.112,-1.4877],[111.1187,-1.5521],[111.0774,-1.5623],[111.0585,-1.5356],[111.0135,-1.5624],[110.9836,-1.537],[110.9519,-1.5777],[110.9121,-1.5838],[110.8556,-1.6331],[110.8596,-1.6757],[110.887,-1.6818],[110.9136,-1.7176],[110.938,-1.7124],[110.9769,-1.6672],[111.0051,-1.6985],[111.0185,-1.7605],[111.0095,-1.7897],[110.971,-1.8152],[110.9699,-1.8665],[110.9976,-1.8949],[110.9732,-1.934],[110.9866,-1.9628],[111.0113,-1.9724],[111.0431,-1.9583],[111.0522,-1.9825],[111.0846,-2.0016],[111.085,-2.0414],[111.0493,-2.0695],[111.0788,-2.1616],[111.0318,-2.2439],[111.0702,-2.3013],[111.1031,-2.4246],[111.1362,-2.6118],[111.1185,-2.6532],[111.1715,-2.6865],[111.1472,-2.7394],[111.0638,-2.7857],[111.0107,-2.7947],[110.9653,-2.8578],[110.8918,-2.8716],[110.7726,-2.926],[110.7299,-2.997],[110.6714,-3.0397],[110.6172,-3.0081],[110.6336,-2.9878],[110.6248,-2.9073],[110.5999,-2.8639],[110.5614,-2.841],[110.5033,-2.8538],[110.4068,-2.9038],[110.3012,-2.9986],[110.2574,-2.9677],[110.219,-2.8901],[110.2526,-2.8351],[110.2541,-2.7677],[110.215,-2.742],[110.2276,-2.6993],[110.2091,-2.6504],[110.1433,-2.623],[110.179,-2.593],[110.1949,-2.5267],[110.1754,-2.4582],[110.1426,-2.4301],[110.137,-2.3205],[110.0907,-2.2487],[110.0557,-2.2495],[110.0824,-2.2325],[110.0794,-2.1829],[110.1071,-2.138],[110.0942,-1.9836],[110.0544,-1.9282],[109.9205,-1.8583],[109.8981,-1.8307],[109.9243,-1.8318],[109.9077,-1.7775],[109.9411,-1.7797],[109.9369,-1.7664],[109.9758,-1.7472],[110.0278,-1.6714],[110.0356,-1.5178],[110.0706,-1.467],[110.0559,-1.4382],[110.072,-1.4006],[110.0594,-1.3471],[110.0138,-1.2869],[109.9624,-1.2774],[109.9385,-1.2513],[109.9336,-1.218],[109.906,-1.2079],[109.9482,-1.1221],[109.822,-1.0934],[109.8033,-1.0519],[109.8143,-1.0549],[109.7687,-1.0352],[109.7594,-0.9911],[109.7115,-0.9807],[109.6802,-1.0129],[109.6687,-0.9894],[109.6514,-0.9996],[109.6401,-0.9787],[109.6117,-0.9719],[109.5843,-0.9001],[109.4374,-0.8543],[109.3936,-0.8642],[109.4306,-0.8949],[109.398,-0.9345],[109.3023,-0.9016],[109.2693,-0.8689],[109.239,-0.8077],[109.245,-0.6637],[109.3183,-0.707],[109.3982,-0.7088],[109.4654,-0.7541],[109.5532,-0.7443],[109.5586,-0.7642],[109.6279,-0.8045],[109.6316,-0.7528],[109.6711,-0.7598],[109.6749,-0.744],[109.6123,-0.7488],[109.6026,-0.7152],[109.5777,-0.7095],[109.6738,-0.6937],[109.6561,-0.6712],[109.5885,-0.6914],[109.5839,-0.6515],[109.5137,-0.6414],[109.4754,-0.6146],[109.41,-0.6294],[109.3822,-0.5967],[109.3934,-0.5789],[109.2616,-0.6019],[109.2261,-0.5901],[109.2018,-0.5551],[109.163,-0.5784],[109.1282,-0.5466],[109.0966,-0.3625],[109.1127,-0.3351],[109.088,-0.2769],[109.135,-0.2385],[109.1965,-0.2187],[109.1788,-0.1939],[109.1855,-0.089],[109.157,-0.0401],[109.167,0.0296],[109.256,0.0191],[109.1717,0.0779],[109.1349,0.1357],[109.1174,0.2114],[109.0713,0.2633],[108.9632,0.3159],[108.9109,0.3232],[108.9417,0.4159],[108.9285,0.4613],[108.903,0.4869],[108.9205,0.6243],[108.9061,0.6723],[108.8675,0.7155],[108.875,0.7748],[108.8358,0.8219],[108.8877,0.874],[108.9085,0.8676],[108.9356,0.8895],[108.9717,0.9662],[108.9623,1.0526],[108.9289,1.0956],[108.9332,1.1166],[108.9095,1.1605],[108.9523,1.1653],[108.9814,1.1909],[108.9833,1.2125],[108.9616,1.196],[108.958,1.2138],[109.046,1.3547],[109.0418,1.469],[109.0592,1.5197],[109.1338,1.5886],[109.2376,1.6436],[109.2732,1.687],[109.3051,1.7911],[109.3488,1.8599],[109.3318,1.9295],[109.3526,1.9464],[109.4377,1.9522],[109.4764,1.9818],[109.586,1.9942],[109.6458,2.082],[109.6413,2.0281],[109.6196,1.9892],[109.5878,1.9689],[109.5693,1.9286],[109.5374,1.9213],[109.5538,1.8568],[109.581,1.8468],[109.5992,1.8102],[109.6801,1.7811],[109.6634,1.7296],[109.661,1.6192],[109.795,1.4986],[109.8003,1.4695],[109.836,1.4824],[109.8301,1.4244],[109.9237,1.422],[109.959,1.3945],[109.9766,1.3015],[110.0582,1.2641],[110.0592,1.2114],[110.1893,1.1787],[110.2078,1.1187],[110.2401,1.1121],[110.2612,1.0531],[110.2778,1.0476],[110.2754,0.9979],[110.3933,0.9938],[110.4075,0.9507],[110.4384,0.943],[110.4441,0.9109],[110.4875,0.8783],[110.5703,0.8552],[110.6218,0.8727],[110.6319,0.9077],[110.665,0.8792],[110.72,0.9071],[110.7526,0.9027],[110.7663,0.9303],[110.8007,0.9037],[111.1071,1.0275],[111.3567,1.0357],[111.4827,1.0195],[111.5666,1.0395],[111.6165,1.0155],[111.6904,1.0315],[111.7282,1.0117],[111.767,1.0214],[111.7856,1.0019],[111.7993,1.0186],[111.8686,1.0052],[111.8892,1.0658],[111.9448,1.1212],[112.1454,1.1495],[112.1724,1.3009],[112.2223,1.3869],[112.1945,1.411],[112.2041,1.4457],[112.2747,1.4698],[112.3183,1.5046],[112.4294,1.5247],[112.4473,1.5543],[112.4936,1.5798],[112.6503,1.569],[112.6747,1.5543],[112.7666,1.5639],[112.84,1.5373],[112.8799,1.5854],[112.9707,1.5635],[112.9948,1.579],[113.0556,1.5551],[113.0638,1.5342],[113.031,1.4722],[112.9779,1.4484],[112.9736,1.4077],[113.015,1.408],[113.0974,1.4403],[113.1352,1.3913],[113.1721,1.3788],[113.2643,1.392],[113.321,1.3776],[113.4239,1.2828],[113.538,1.322],[113.5792,1.3015],[113.6288,1.2181],[113.6616,1.2197],[113.7042,1.2617],[113.8066,1.3005],[113.8276,1.3345],[113.8227,1.3722],[113.9354,1.4189],[113.9759,1.4511],[114.0194,1.4441],[114.1369,1.4632],[114.205,1.4075]]],[[[109.6986,-1.0],[109.7173,-0.9897],[109.7599,-1.0058],[109.78,-1.1452],[109.6922,-1.1946],[109.6863,-1.2195],[109.6023,-1.2421],[109.4999,-1.3094],[109.4385,-1.2964],[109.3898,-1.2619],[109.3851,-1.2504],[109.4067,-1.247],[109.4285,-1.2093],[109.4501,-1.0314],[109.488,-0.9727],[109.5436,-1.0027],[109.5926,-0.9818],[109.6333,-0.9863],[109.6436,-1.0116],[109.6743,-1.0211],[109.6986,-1.0]]],[[[108.8904,-1.5385],[108.9347,-1.5425],[108.9822,-1.5993],[108.9557,-1.6435],[108.8571,-1.674],[108.8185,-1.6454],[108.8396,-1.6274],[108.8275,-1.5877],[108.8415,-1.5819],[108.7987,-1.5911],[108.8056,-1.58],[108.7888,-1.5776],[108.832,-1.5504],[108.844,-1.5659],[108.8743,-1.5644],[108.8904,-1.5385]]],[[[109.0795,-0.2742],[109.0869,-0.3109],[109.0473,-0.2539],[109.0873,-0.206],[109.1902,-0.2159],[109.0795,-0.2742]]],[[[109.5,-0.6804],[109.5065,-0.6569],[109.5386,-0.6624],[109.4866,-0.6617],[109.4589,-0.6353],[109.4723,-0.6238],[109.5439,-0.6545],[109.5829,-0.6549],[109.583,-0.6855],[109.5478,-0.7018],[109.4996,-0.6952],[109.4745,-0.6719],[109.5,-0.6804]]],[[[109.1333,-0.0912],[109.1619,-0.0671],[109.1838,-0.1323],[109.1747,-0.1952],[109.1313,-0.143],[109.1333,-0.0912]]],[[[110.0675,-2.7133],[110.108,-2.6754],[110.1238,-2.7451],[110.093,-2.7645],[110.0392,-2.7513],[110.0675,-2.7133]]],[[[109.3971,-0.6335],[109.4759,-0.6864],[109.3604,-0.6517],[109.3588,-0.6182],[109.3971,-0.6335]]],[[[110.1512,-2.8818],[110.1555,-2.8594],[110.1698,-2.8579],[110.1972,-2.8877],[110.1886,-2.9163],[110.1283,-2.9014],[110.1512,-2.8818]]],[[[109.5,-0.7001],[109.557,-0.7173],[109.5401,-0.7312],[109.4606,-0.7308],[109.4442,-0.7086],[109.4808,-0.7185],[109.5,-0.7001]]],[[[109.22,-1.2028],[109.254,-1.1801],[109.2655,-1.2108],[109.2253,-1.2439],[109.2093,-1.2357],[109.22,-1.2028]]],[[[108.7378,-1.704],[108.7877,-1.7076],[108.7766,-1.7214],[108.6793,-1.72],[108.6855,-1.7036],[108.7378,-1.704]]],[[[109.5835,-0.7388],[109.6254,-0.7507],[109.6348,-0.7908],[109.5678,-0.757],[109.5835,-0.7388]]],[[[109.4558,-0.6759],[109.4948,-0.6992],[109.4816,-0.7161],[109.4596,-0.7193],[109.4626,-0.7051],[109.412,-0.6752],[109.4558,-0.6759]]],[[[109.1128,-0.1725],[109.1698,-0.2026],[109.0877,-0.1951],[109.0892,-0.1786],[109.1128,-0.1725]]],[[[109.5621,-0.6998],[109.6544,-0.6745],[109.6701,-0.6953],[109.5601,-0.7112],[109.5621,-0.6998]]],[[[109.4726,-0.6447],[109.487,-0.6748],[109.4274,-0.6387],[109.4726,-0.6447]]],[[[108.7057,0.7832],[108.7211,0.7304],[108.6916,0.7748],[108.6885,0.8059],[108.7057,0.7832]]],[[[109.0947,-0.1402],[109.1122,-0.1204],[109.1219,-0.1683],[109.1021,-0.1462],[109.0902,-0.1524],[109.0947,-0.1402]]],[[[109.2256,0.0295],[109.2365,0.0193],[109.2166,0.0184],[109.1763,0.0451],[109.2256,0.0295]]],[[[109.3828,-0.6588],[109.4011,-0.6731],[109.3654,-0.6765],[109.3495,-0.6544],[109.3828,-0.6588]]],[[[109.1378,-1.3052],[109.1383,-1.286],[109.1642,-1.2918],[109.1343,-1.3339],[109.1378,-1.3052]]],[[[109.1379,-0.1586],[109.1593,-0.1866],[109.1255,-0.1694],[109.1254,-0.1494],[109.1379,-0.1586]]],[[[109.1666,-1.2669],[109.176,-1.2958],[109.1525,-1.2689],[109.1666,-1.2669]]],[[[109.6006,-0.7226],[109.6004,-0.7443],[109.5714,-0.7115],[109.6006,-0.7226]]],[[[108.8467,0.4898],[108.8338,0.5059],[108.854,0.5186],[108.8578,0.4832],[108.8467,0.4898]]],[[[109.5603,-0.7226],[109.5747,-0.723],[109.5674,-0.7416],[109.5523,-0.731],[109.5603,-0.7226]]],[[[109.1193,-1.2972],[109.1361,-1.2882],[109.1107,-1.3159],[109.1193,-1.2972]]],[[[109.0577,-1.4891],[109.0479,-1.4992],[109.0427,-1.4778],[109.0577,-1.4891]]],[[[108.7803,0.8285],[108.7686,0.8278],[108.7724,0.8435],[108.7856,0.8421],[108.7803,0.8285]]],[[[109.2928,-0.6077],[109.28,-0.6119],[109.2918,-0.596],[109.3058,-0.6015],[109.2928,-0.6077]]],[[[108.5952,0.1278],[108.6056,0.1392],[108.6069,0.124],[108.5952,0.1278]]]]},"properties":{"name":"KALIMANTAN BARAT"}},{"type":"Feature","geometry":{"type":"MultiPolygon","coordinates":[[[[119.5513,-0.8611],[119.5496,-1.0065],[119.5699,-1.0279],[119.5867,-1.1196],[119.6097,-1.1204],[119.5798,-1.2135],[119.5811,-1.2561],[119.5668,-1.274],[119.4746,-1.2858],[119.4671,-1.3046],[119.5045,-1.2947],[119.5054,-1.3099],[119.4345,-1.3342],[119.4227,-1.3578],[119.4506,-1.396],[119.5002,-1.3955],[119.5059,-1.4179],[119.518,-1.4163],[119.506,-1.4522],[119.5386,-1.4241],[119.5434,-1.4381],[119.5797,-1.4245],[119.5883,-1.3964],[119.6386,-1.4052],[119.667,-1.443],[119.6917,-1.4506],[119.6566,-1.5031],[119.6691,-1.5457],[119.7354,-1.6126],[119.7282,-1.6451],[119.7538,-1.6536],[119.7759,-1.6933],[119.7549,-1.7564],[119.8658,-1.7708],[119.905,-1.8004],[119.9009,-1.8516],[119.8599,-1.8775],[119.8724,-1.9499],[119.8436,-1.9722],[119.8112,-2.0404],[119.8778,-2.0493],[119.9586,-2.0046],[119.9949,-1.9633],[120.0876,-1.9625],[120.1196,-2.0083],[120.1819,-2.0291],[120.2661,-2.0223],[120.334,-2.0545],[120.3831,-1.8901],[120.3963,-1.8856],[120.4643,-1.9529],[120.4805,-1.9988],[120.5785,-2.1225],[120.7033,-2.2126],[120.7614,-2.2301],[120.8217,-2.2072],[120.9171,-2.2259],[121.1765,-2.3368],[121.3044,-2.3652],[121.3824,-2.4036],[121.4996,-2.4922],[121.5695,-2.4963],[121.6252,-2.53],[121.7005,-2.5488],[121.797,-2.7102],[121.739,-2.7361],[121.6539,-2.8794],[121.5683,-2.9146],[121.4951,-2.9885],[121.3714,-3.0118],[121.2972,-3.073],[121.2586,-3.0614],[121.2104,-2.9781],[121.1673,-2.9709],[121.1334,-2.8781],[121.106,-2.8464],[121.1109,-2.8111],[121.0947,-2.7781],[120.9842,-2.8353],[120.9733,-2.826],[120.9738,-2.8094],[120.9912,-2.8217],[121.0015,-2.8027],[121.0148,-2.8107],[121.0282,-2.773],[121.0444,-2.7837],[121.0642,-2.739],[121.0795,-2.7464],[121.0925,-2.7203],[121.0747,-2.7028],[121.0439,-2.7057],[121.0464,-2.6822],[121.034,-2.6986],[121.032,-2.6581],[121.0194,-2.653],[121.0026,-2.6819],[120.9953,-2.6665],[120.9926,-2.6817],[120.9109,-2.6673],[120.8895,-2.6441],[120.8517,-2.658],[120.804,-2.6184],[120.6847,-2.6392],[120.628,-2.6826],[120.5707,-2.6843],[120.5537,-2.7281],[120.4512,-2.825],[120.3368,-2.8802],[120.3234,-2.8641],[120.3212,-2.8991],[120.317,-2.8856],[120.2764,-2.9284],[120.2337,-2.9511],[120.2156,-2.935],[120.1894,-2.9633],[120.2318,-3.0424],[120.2582,-3.0621],[120.2572,-3.1608],[120.3807,-3.2015],[120.3902,-3.2501],[120.407,-3.262],[120.418,-3.2486],[120.4212,-3.2658],[120.3969,-3.2943],[120.405,-3.428],[120.3805,-3.507],[120.4183,-3.573],[120.4143,-3.6651],[120.4391,-3.6905],[120.4423,-3.7418],[120.3381,-3.8977],[120.338,-3.9984],[120.3528,-4.022],[120.3235,-4.1007],[120.3712,-4.166],[120.3525,-4.2885],[120.3856,-4.3362],[120.3382,-4.4242],[120.3932,-4.4819],[120.3696,-4.5165],[120.3884,-4.6047],[120.4487,-4.6606],[120.3914,-4.7101],[120.3769,-4.8411],[120.3294,-4.8441],[120.294,-4.8785],[120.3042,-4.9144],[120.2858,-4.9298],[120.3019,-4.9427],[120.2887,-4.9541],[120.2953,-5.0128],[120.2793,-5.0445],[120.2904,-5.0555],[120.2783,-5.1305],[120.2603,-5.1522],[120.3207,-5.2996],[120.3968,-5.3647],[120.3913,-5.3896],[120.4199,-5.4535],[120.4092,-5.4673],[120.4361,-5.4879],[120.4296,-5.5703],[120.4563,-5.6335],[120.3808,-5.5991],[120.3173,-5.5205],[120.2947,-5.5189],[120.2614,-5.5469],[120.208,-5.5489],[120.1031,-5.5982],[120.0474,-5.5909],[120.0241,-5.571],[120.0035,-5.5851],[119.9261,-5.5514],[119.8297,-5.6395],[119.8437,-5.6615],[119.8287,-5.676],[119.7775,-5.7065],[119.6922,-5.7071],[119.6303,-5.6771],[119.6473,-5.6425],[119.6019,-5.6159],[119.5773,-5.6172],[119.5698,-5.6597],[119.5472,-5.6494],[119.5445,-5.6009],[119.5546,-5.6196],[119.5659,-5.6042],[119.5031,-5.5718],[119.5127,-5.5521],[119.5018,-5.5392],[119.4944,-5.5622],[119.4776,-5.5578],[119.4529,-5.5813],[119.4689,-5.599],[119.4796,-5.588],[119.4804,-5.6078],[119.4352,-5.5996],[119.4184,-5.5792],[119.4112,-5.5523],[119.4269,-5.5248],[119.3569,-5.4223],[119.3484,-5.3303],[119.3733,-5.2841],[119.3809,-5.1664],[119.4043,-5.1548],[119.3987,-5.1178],[119.4473,-5.1037],[119.4629,-5.0796],[119.4725,-5.0001],[119.5223,-4.9247],[119.4808,-4.7573],[119.5167,-4.7197],[119.5258,-4.6781],[119.5912,-4.5767],[119.5791,-4.5326],[119.5969,-4.4796],[119.5943,-4.4187],[119.6237,-4.3677],[119.617,-4.3445],[119.635,-4.3051],[119.5932,-4.244],[119.6209,-4.2446],[119.6078,-4.2192],[119.6356,-4.1745],[119.6036,-4.1042],[119.6286,-4.0484],[119.6186,-4.0151],[119.6307,-3.9765],[119.582,-3.9761],[119.5916,-4.0073],[119.6116,-4.0056],[119.5907,-4.025],[119.5963,-4.0441],[119.5831,-4.037],[119.568,-3.9513],[119.5356,-3.9025],[119.482,-3.7555],[119.4519,-3.7185],[119.451,-3.6693],[119.5099,-3.5982],[119.5142,-3.5603],[119.4582,-3.4811],[119.432,-3.4743],[119.4284,-3.4568],[119.4068,-3.4636],[119.3877,-3.4447],[119.3746,-3.462],[119.3457,-3.4333],[119.3058,-3.4243],[119.2863,-3.4285],[119.2836,-3.452],[119.2047,-3.491],[119.1325,-3.4935],[119.1056,-3.5173],[119.0624,-3.5021],[119.0172,-3.5153],[118.9918,-3.5466],[118.9985,-3.5676],[118.9634,-3.542],[118.9311,-3.571],[118.8727,-3.4707],[118.8733,-3.4395],[118.8407,-3.3769],[118.848,-3.3421],[118.8333,-3.3251],[118.8536,-3.2991],[118.8274,-3.2291],[118.8255,-3.1679],[118.7711,-3.1019],[118.7943,-3.0693],[118.8252,-3.09],[118.8372,-3.0766],[118.8566,-3.0306],[118.8455,-2.9877],[118.8849,-2.8997],[118.8434,-2.8478],[118.763,-2.8694],[118.7694,-2.8089],[118.7561,-2.7778],[118.7619,-2.7492],[118.7812,-2.7412],[118.777,-2.685],[118.8179,-2.6168],[118.8689,-2.6779],[118.9592,-2.6397],[119.0099,-2.6006],[119.0084,-2.5839],[119.0372,-2.5793],[119.0421,-2.5079],[119.1472,-2.466],[119.1292,-2.4634],[119.1448,-2.3896],[119.1234,-2.3205],[119.1456,-2.2974],[119.128,-2.293],[119.1515,-2.242],[119.1477,-2.1955],[119.1918,-2.1401],[119.1918,-2.0816],[119.2014,-2.0647],[119.2089,-2.0722],[119.2088,-2.0274],[119.2217,-2.0166],[119.2097,-2.0],[119.2871,-1.9529],[119.3293,-1.9635],[119.3339,-1.9146],[119.3522,-1.8995],[119.3543,-1.8258],[119.3082,-1.8001],[119.2986,-1.7072],[119.2782,-1.6895],[119.3236,-1.5736],[119.2848,-1.4533],[119.2891,-1.3884],[119.3288,-1.3478],[119.2993,-1.2743],[119.3357,-1.1691],[119.3736,-1.1661],[119.3813,-1.1385],[119.4117,-1.1274],[119.4561,-1.0749],[119.4737,-1.005],[119.5513,-0.8611]],[[119.8779,-4.0256],[119.8921,-3.9698],[119.8377,-3.9609],[119.8317,-3.9892],[119.8779,-4.0256]],[[119.9212,-4.1439],[119.9375,-4.1789],[119.9429,-4.1674],[119.9627,-4.1734],[119.9866,-4.1435],[119.9806,-4.1244],[120.0061,-4.1136],[120.0103,-4.0538],[119.9523,-4.0601],[119.936,-4.0471],[119.9516,-4.0736],[119.9029,-4.0608],[119.8879,-4.1045],[119.9299,-4.1295],[119.9212,-4.1439]]],[[[120.5391,-6.0],[120.551,-6.0625],[120.5058,-6.2331],[120.5182,-6.3367],[120.4735,-6.4067],[120.4893,-6.4493],[120.4633,-6.5064],[120.4388,-6.4156],[120.449,-6.4083],[120.433,-6.388],[120.4518,-6.3862],[120.4609,-6.2886],[120.4259,-6.273],[120.4272,-6.2008],[120.4077,-6.1885],[120.4314,-6.165],[120.4463,-6.1063],[120.4266,-5.9678],[120.4391,-5.8088],[120.4635,-5.7798],[120.4832,-5.7792],[120.5391,-6.0]]],[[[120.687,-7.1254],[120.6699,-7.1454],[120.6341,-7.1223],[120.6186,-7.084],[120.5967,-7.1014],[120.5597,-7.0821],[120.563,-7.0667],[120.6087,-7.0772],[120.6292,-7.0484],[120.6224,-7.0019],[120.7375,-7.0731],[120.7638,-7.0768],[120.788,-7.0569],[120.7665,-7.1354],[120.687,-7.1254]]],[[[120.916,-7.3101],[120.8163,-7.2954],[120.7994,-7.2761],[120.8176,-7.2642],[120.9274,-7.2876],[121.0139,-7.2834],[121.0659,-7.3026],[121.0531,-7.3272],[121.002,-7.3336],[120.916,-7.3101]]],[[[121.8038,-7.4967],[121.7831,-7.4911],[121.8004,-7.4532],[121.7721,-7.4],[121.7866,-7.3772],[121.8411,-7.3697],[121.8314,-7.4822],[121.8038,-7.4967]]],[[[121.0844,-7.3498],[121.092,-7.3013],[121.1696,-7.3511],[121.1013,-7.3984],[121.0677,-7.3746],[121.0844,-7.3498]]],[[[119.2701,-5.4552],[119.312,-5.476],[119.2914,-5.493],[119.3103,-5.4904],[119.3132,-5.5142],[119.3013,-5.5254],[119.2955,-5.5081],[119.2827,-5.5152],[119.2985,-5.5286],[119.2821,-5.538],[119.2583,-5.5353],[119.262,-5.5215],[119.2524,-5.5314],[119.2364,-5.5076],[119.2471,-5.4879],[119.2496,-5.5069],[119.2687,-5.5035],[119.2679,-5.4787],[119.2896,-5.4725],[119.2571,-5.468],[119.2701,-5.4552]]],[[[120.561,-4.7529],[120.5296,-4.7109],[120.5732,-4.7036],[120.6107,-4.7348],[120.6046,-4.7499],[120.561,-4.7529]]],[[[117.886,-5.389],[117.904,-5.3477],[117.9374,-5.3743],[117.9115,-5.4228],[117.886,-5.389]]],[[[121.6969,-7.3296],[121.6403,-7.3165],[121.6362,-7.2999],[121.719,-7.3124],[121.6969,-7.3296]]],[[[120.4097,-3.9208],[120.4036,-3.8595],[120.4276,-3.8572],[120.4298,-3.9074],[120.4097,-3.9208]]],[[[120.3866,-6.1454],[120.4156,-6.1154],[120.3977,-6.1479],[120.3986,-6.2168],[120.3741,-6.1893],[120.3866,-6.1454]]],[[[120.7701,-6.866],[120.7582,-6.8073],[120.7693,-6.7875],[120.7877,-6.8041],[120.7918,-6.8448],[120.7762,-6.8758],[120.7701,-6.866]]],[[[120.6536,-4.7678],[120.6548,-4.7054],[120.6763,-4.7227],[120.6684,-4.7629],[120.6536,-4.7678]]],[[[117.7496,-2.5624],[117.7236,-2.5482],[117.7289,-2.5221],[117.7544,-2.5265],[117.7496,-2.5624]]],[[[120.491,-4.0652],[120.485,-4.0333],[120.5143,-4.0353],[120.5083,-4.0626],[120.491,-4.0652]]],[[[118.0053,-2.6426],[117.9805,-2.6311],[117.9855,-2.61],[118.0099,-2.6136],[118.0053,-2.6426]]],[[[118.1729,-3.0592],[118.1519,-3.0478],[118.1562,-3.0266],[118.1767,-3.0302],[118.1729,-3.0592]]],[[[118.1669,-3.1631],[118.1459,-3.1516],[118.1502,-3.1305],[118.1708,-3.134],[118.1669,-3.1631]]],[[[120.4025,-6.5975],[120.4141,-6.5942],[120.4163,-6.6492],[120.4033,-6.6407],[120.4025,-6.5975]]],[[[118.3335,-3.0935],[118.3182,-3.0798],[118.3268,-3.0519],[118.3335,-3.0935]]],[[[120.7386,-5.0741],[120.7393,-5.0322],[120.7505,-5.0438],[120.7386,-5.0741]]],[[[118.8789,-2.6226],[118.8926,-2.6132],[118.888,-2.65],[118.8789,-2.6226]]],[[[117.8421,-2.4682],[117.8249,-2.46],[117.8285,-2.4449],[117.8453,-2.4475],[117.8421,-2.4682]]],[[[121.7728,-7.3013],[121.7666,-7.2882],[121.7914,-7.2847],[121.7728,-7.3013]]],[[[117.856,-3.3319],[117.8443,-3.3102],[117.8588,-3.3126],[117.856,-3.3319]]],[[[118.0845,-2.7153],[118.0718,-2.696],[118.0875,-2.6981],[118.0845,-2.7153]]],[[[120.4073,-5.6665],[120.4117,-5.65],[120.4296,-5.654],[120.4073,-5.6665]]],[[[120.4871,-3.3308],[120.4839,-3.3137],[120.4997,-3.3148],[120.4871,-3.3308]]],[[[118.4434,-5.4183],[118.4513,-5.4051],[118.4529,-5.4273],[118.4434,-5.4183]]],[[[120.462,-5.75],[120.4759,-5.7631],[120.4562,-5.7607],[120.462,-5.75]]],[[[120.402,-6.4814],[120.4121,-6.4758],[120.4054,-6.4961],[120.402,-6.4814]]]]},"properties":{"name":"SULAWESI SELATAN"}},{"type":"Feature","geometry":{"type":"MultiPolygon","coordinates":[[[[106.7213,-6.09],[106.744,-6.1063],[106.8002,-6.1014],[106.827,-6.1245],[106.8793,-6.0974],[106.9046,-6.1074],[106.9723,-6.0893],[106.9703,-6.1989],[106.9456,-6.2547],[106.9076,-6.2673],[106.9226,-6.3114],[106.9132,-6.3669],[106.8463,-6.3469],[106.7946,-6.3617],[106.8078,-6.3173],[106.7759,-6.3167],[106.744,-6.2351],[106.7193,-6.2254],[106.7204,-6.1882],[106.6855,-6.1695],[106.6857,-6.0991],[106.7213,-6.09]]]]},"properties":{"name":"DKI JAKARTA"}},{"type":"Feature","geometry":{"type":"MultiPolygon","coordinates":[[[[106.3961,-6.9798],[106.3914,-6.9],[106.4276,-6.8651],[106.4343,-6.8206],[106.5115,-6.766],[106.4307,-6.7003],[106.4319,-6.5866],[106.4003,-6.5272],[106.4049,-6.4531],[106.4358,-6.4527],[106.456,-6.4288],[106.4325,-6.3642],[106.4391,-6.3431],[106.4727,-6.312],[106.5002,-6.3567],[106.5317,-6.3533],[106.5169,-6.3275],[106.5777,-6.3426],[106.5953,-6.3637],[106.7617,-6.3627],[106.7759,-6.3167],[106.805,-6.3145],[106.7946,-6.3617],[106.8463,-6.3469],[106.9132,-6.3669],[106.9226,-6.3114],[106.9076,-6.2673],[106.9456,-6.2547],[106.9703,-6.1989],[106.9723,-6.0893],[107.0187,-6.0789],[107.0018,-6.0556],[107.0333,-6.0525],[106.9819,-6.0082],[107.0106,-5.9926],[107.0156,-5.9483],[106.9896,-5.9353],[107.0205,-5.9128],[107.1009,-5.9309],[107.1248,-5.9681],[107.1669,-5.9865],[107.2664,-5.9588],[107.3292,-5.9645],[107.3877,-6.0163],[107.465,-6.1417],[107.5316,-6.1741],[107.6211,-6.1894],[107.6575,-6.2436],[107.6809,-6.2412],[107.6946,-6.2207],[107.7261,-6.2321],[107.8197,-6.1788],[107.8495,-6.1856],[107.854,-6.2102],[107.8711,-6.1819],[107.8792,-6.2133],[107.8965,-6.2164],[107.8755,-6.2251],[107.8853,-6.2348],[108.1292,-6.3386],[108.2046,-6.3059],[108.1766,-6.2898],[108.2065,-6.269],[108.1942,-6.2615],[108.2045,-6.2447],[108.2351,-6.2539],[108.2177,-6.2303],[108.2612,-6.2538],[108.304,-6.2462],[108.3377,-6.2804],[108.3442,-6.234],[108.3503,-6.2619],[108.3712,-6.2597],[108.3683,-6.3294],[108.4173,-6.4031],[108.5395,-6.4868],[108.5545,-6.6761],[108.5992,-6.7663],[108.6272,-6.774],[108.6447,-6.7523],[108.6707,-6.76],[108.6842,-6.7693],[108.6719,-6.7814],[108.6832,-6.8068],[108.7546,-6.8184],[108.8011,-6.7919],[108.7998,-6.7612],[108.8293,-6.7461],[108.826,-6.8269],[108.7545,-6.9146],[108.7611,-6.9831],[108.7986,-7.005],[108.7803,-7.0413],[108.7777,-7.1048],[108.7299,-7.1137],[108.6969,-7.1512],[108.6518,-7.1554],[108.6134,-7.1392],[108.5561,-7.173],[108.5825,-7.242],[108.5556,-7.2879],[108.561,-7.3354],[108.5855,-7.3505],[108.6379,-7.3518],[108.6492,-7.3372],[108.6771,-7.3508],[108.6845,-7.391],[108.7254,-7.4288],[108.7153,-7.4726],[108.7531,-7.5435],[108.7528,-7.5905],[108.7344,-7.6138],[108.8043,-7.6731],[108.7632,-7.6972],[108.6778,-7.6828],[108.6601,-7.6988],[108.6737,-7.7293],[108.6349,-7.6868],[108.5192,-7.6969],[108.4985,-7.7126],[108.4945,-7.793],[108.4434,-7.8221],[108.3439,-7.8182],[108.0855,-7.7745],[107.9025,-7.7253],[107.8396,-7.7341],[107.7953,-7.6806],[107.6835,-7.6656],[107.6739,-7.6276],[107.6025,-7.5715],[107.4808,-7.5361],[107.4743,-7.5172],[107.3968,-7.4931],[107.2421,-7.4872],[106.9075,-7.4343],[106.5629,-7.4165],[106.4299,-7.3574],[106.3993,-7.3806],[106.3932,-7.3296],[106.3703,-7.3081],[106.3718,-7.2359],[106.3996,-7.1864],[106.4575,-7.1832],[106.4558,-7.1281],[106.5397,-7.0565],[106.5442,-7.0291],[106.5435,-6.9825],[106.5109,-6.9635],[106.4374,-6.9529],[106.3961,-6.9798]]],[[[108.7352,-5.6034],[108.7686,-5.6034],[108.8145,-5.6484],[108.8001,-5.7044],[108.7591,-5.6268],[108.751,-5.6917],[108.7352,-5.6034]]]]},"properties":{"name":"JAWA BARAT"}},{"type":"Feature","geometry":{"type":"MultiPolygon","coordinates":[[[[134.659,-2.826],[134.6858,-2.8989],[134.674,-2.9243],[134.6866,-2.971],[134.7329,-2.9905],[134.7681,-2.9888],[134.7731,-2.9462],[134.817,-2.9396],[134.8002,-2.9128],[134.8287,-2.9099],[134.823,-2.883],[134.8491,-2.8884],[134.8312,-2.9638],[134.8515,-3.0016],[134.8123,-3.0196],[134.808,-3.0627],[134.8204,-3.0798],[134.7994,-3.128],[134.8288,-3.1231],[134.8649,-3.166],[134.8484,-3.2006],[134.8571,-3.2236],[134.8649,-3.2014],[134.8732,-3.2118],[134.8594,-3.2482],[134.9299,-3.2674],[134.9176,-3.2433],[134.9502,-3.2429],[134.9477,-3.2205],[134.9591,-3.2231],[134.9434,-3.2805],[134.9791,-3.3235],[135.0733,-3.332],[135.1173,-3.3785],[135.2348,-3.3721],[135.3391,-3.3944],[135.4184,-3.3627],[135.4732,-3.3695],[135.5573,-3.2963],[135.5663,-3.2648],[135.554,-3.257],[135.6098,-3.1759],[135.7544,-3.111],[135.7671,-3.0822],[135.7276,-3.0705],[135.7406,-3.0556],[135.7948,-3.0503],[135.8263,-3.0096],[135.8721,-2.9859],[135.8827,-3.0101],[135.8796,-2.9864],[135.8987,-3.0004],[135.891,-2.9754],[135.908,-2.967],[135.905,-2.9888],[135.9311,-2.9885],[135.9256,-2.9671],[135.9138,-2.9709],[135.932,-2.9323],[135.9712,-2.9644],[135.9716,-2.9469],[135.9938,-2.9561],[135.9372,-2.9356],[135.9582,-2.9269],[135.9864,-2.943],[135.9901,-2.9167],[135.9723,-2.8882],[135.9692,-2.9201],[135.9353,-2.9083],[135.9383,-2.8726],[135.9124,-2.8855],[135.965,-2.7927],[135.9478,-2.7751],[135.9726,-2.7593],[136.0163,-2.7735],[135.9782,-2.7534],[136.0015,-2.7435],[136.015,-2.7146],[136.0228,-2.7405],[136.0416,-2.7407],[136.0251,-2.7391],[136.013,-2.6997],[136.0607,-2.6628],[136.1098,-2.663],[136.2319,-2.6024],[136.2811,-2.4803],[136.2928,-2.486],[136.2761,-2.4649],[136.2985,-2.4061],[136.3397,-2.3721],[136.3495,-2.3417],[136.3271,-2.2836],[136.3447,-2.281],[136.3387,-2.2565],[136.4167,-2.2032],[136.4544,-2.2119],[136.508,-2.187],[136.5319,-2.2214],[136.5591,-2.2113],[136.5994,-2.254],[136.6246,-2.2434],[136.6718,-2.2574],[136.7061,-2.224],[136.7462,-2.2506],[136.794,-2.2063],[136.8114,-2.2297],[136.8154,-2.1753],[136.8363,-2.1703],[136.8403,-2.1928],[136.8768,-2.1703],[136.9097,-2.1714],[136.9423,-2.1175],[136.9584,-2.1352],[136.9583,-2.1214],[137.0025,-2.1249],[137.044,-2.1768],[137.0322,-2.1405],[137.0072,-2.1266],[137.0147,-2.1153],[137.0673,-2.095],[137.121,-2.1032],[137.1373,-2.1208],[137.1322,-2.0969],[137.1798,-2.1123],[137.1633,-2.0943],[137.1786,-2.0763],[137.2014,-2.0641],[137.2319,-2.0679],[137.2348,-2.0827],[137.2323,-2.0656],[137.21,-2.0621],[137.2736,-2.0389],[137.2163,-2.0275],[137.2359,-2.0099],[137.2549,-2.0195],[137.227,-2.0029],[137.2719,-1.9856],[137.2343,-1.9989],[137.2016,-1.9628],[137.2232,-1.9602],[137.199,-1.9615],[137.1861,-1.9387],[137.16,-1.933],[137.1481,-1.9009],[137.095,-1.8546],[137.1023,-1.8017],[137.2003,-1.7498],[137.2375,-1.7472],[137.3121,-1.6949],[137.3746,-1.6741],[137.4796,-1.5968],[137.5287,-1.5783],[137.5221,-1.5956],[137.5365,-1.5732],[137.6476,-1.5156],[137.7376,-1.495],[137.7467,-1.4776],[137.8079,-1.4969],[137.7712,-1.4814],[137.8379,-1.4589],[137.8869,-1.4611],[137.9167,-1.4985],[137.8728,-1.6672],[137.8902,-1.7255],[137.8829,-1.8141],[137.9,-1.8652],[137.8492,-1.9821],[137.8464,-2.0933],[137.9385,-2.1771],[137.9552,-2.2307],[138.0265,-2.3162],[138.0803,-2.3219],[138.1743,-2.4188],[138.2056,-2.4816],[138.3419,-2.6052],[138.4417,-2.7686],[138.457,-2.8467],[138.4218,-2.9276],[138.3131,-2.9483],[138.2346,-3.0233],[137.7853,-3.0607],[137.6938,-3.0496],[137.5902,-3.0112],[137.5268,-3.0569],[137.4236,-3.0545],[137.3512,-3.0848],[137.265,-3.1651],[137.1658,-3.175],[137.1525,-3.3289],[137.0847,-3.5854],[137.0618,-3.7826],[136.984,-4.1684],[137.7916,-4.1786],[137.7267,-4.3972],[137.7415,-4.4837],[137.8126,-4.5933],[137.803,-4.6494],[137.7546,-4.7871],[137.6368,-5.0002],[137.6133,-4.9813],[137.6348,-4.9219],[137.6179,-4.9113],[137.6781,-4.8654],[137.6246,-4.8998],[137.6143,-4.8851],[137.6268,-4.8827],[137.6304,-4.852],[137.6205,-4.8849],[137.5915,-4.8689],[137.62,-4.901],[137.615,-4.9187],[137.6315,-4.9225],[137.6152,-4.9298],[137.6085,-4.9054],[137.5871,-4.9001],[137.6068,-4.9066],[137.6166,-4.9343],[137.6089,-4.9554],[137.5837,-4.9486],[137.59,-4.936],[137.5812,-4.9476],[137.6017,-4.9563],[137.5711,-4.9889],[137.5956,-5.0082],[137.5769,-5.0073],[137.5447,-5.0591],[137.5506,-5.1146],[137.5232,-5.1148],[137.5204,-5.091],[137.5122,-5.1057],[137.5272,-5.1265],[137.4973,-5.1451],[137.4541,-5.1009],[137.4552,-5.0694],[137.4761,-5.0398],[137.4897,-5.0517],[137.4818,-5.0366],[137.5023,-5.0192],[137.5434,-5.0041],[137.5345,-4.9808],[137.5654,-4.9594],[137.5207,-5.0003],[137.5102,-4.964],[137.5264,-4.9306],[137.5206,-4.9155],[137.516,-4.9584],[137.4957,-4.9413],[137.4973,-4.8675],[137.4924,-4.9371],[137.5176,-5.0008],[137.4615,-5.0411],[137.4192,-5.1245],[137.4352,-5.0489],[137.4192,-5.0054],[137.4542,-4.995],[137.4565,-4.9416],[137.4789,-4.9386],[137.4799,-4.9239],[137.4559,-4.9022],[137.4687,-4.924],[137.4385,-4.9184],[137.4335,-4.9422],[137.3895,-4.9638],[137.3379,-5.0414],[137.2933,-5.0014],[137.307,-4.9735],[137.3281,-4.9978],[137.3138,-4.9678],[137.3671,-4.9682],[137.3809,-4.9053],[137.4265,-4.9128],[137.4016,-4.915],[137.3888,-4.8982],[137.4314,-4.8582],[137.3734,-4.907],[137.3401,-4.8607],[137.3552,-4.884],[137.3203,-4.8892],[137.3015,-4.9129],[137.2847,-4.858],[137.2839,-4.8904],[137.2721,-4.891],[137.2679,-4.8666],[137.2706,-4.8929],[137.2843,-4.8971],[137.2306,-4.9565],[137.2235,-4.9351],[137.2229,-4.9481],[137.2093,-4.937],[137.2189,-4.9016],[137.2048,-4.8875],[137.225,-4.8673],[137.2193,-4.8507],[137.2453,-4.8378],[137.2361,-4.8169],[137.2416,-4.8388],[137.2166,-4.8502],[137.2224,-4.8684],[137.2016,-4.8857],[137.2123,-4.9239],[137.1944,-4.9299],[137.2243,-4.961],[137.1937,-4.9979],[137.1267,-4.9632],[137.1411,-4.9478],[137.1398,-4.8929],[137.166,-4.907],[137.1466,-4.8859],[137.1814,-4.8876],[137.2083,-4.8463],[137.1807,-4.8648],[137.18,-4.8847],[137.1631,-4.8762],[137.1817,-4.8308],[137.1712,-4.8322],[137.1762,-4.8622],[137.1579,-4.8626],[137.1633,-4.803],[137.1765,-4.7997],[137.1599,-4.8062],[137.1516,-4.7812],[137.1654,-4.8135],[137.1492,-4.8321],[137.157,-4.8723],[137.0883,-4.8745],[137.1065,-4.841],[137.1275,-4.8412],[137.1313,-4.7989],[137.1199,-4.8412],[137.0858,-4.8265],[137.0967,-4.7787],[137.0811,-4.8009],[137.0346,-4.7967],[137.0509,-4.8123],[137.0575,-4.8658],[137.0403,-4.884],[137.0682,-4.9085],[137.0187,-4.9192],[137.0113,-4.8858],[137.0047,-4.9103],[137.026,-4.9244],[136.9805,-4.9372],[136.9267,-4.8905],[136.9984,-4.8591],[137.012,-4.8078],[136.9964,-4.8566],[136.986,-4.8151],[136.9898,-4.859],[136.9305,-4.8648],[136.9433,-4.8486],[136.9122,-4.8596],[136.9293,-4.8261],[136.9055,-4.8507],[136.914,-4.873],[136.8858,-4.861],[136.8736,-4.8388],[136.8885,-4.835],[136.8842,-4.8194],[136.8715,-4.8349],[136.857,-4.824],[136.8877,-4.7831],[136.8819,-4.7668],[136.884,-4.7849],[136.8354,-4.8187],[136.8634,-4.7489],[136.8559,-4.7239],[136.8589,-4.7595],[136.8299,-4.8165],[136.8423,-4.8294],[136.8183,-4.8234],[136.8205,-4.8083],[136.7988,-4.8297],[136.7933,-4.8055],[136.8167,-4.7806],[136.7995,-4.8032],[136.793,-4.7848],[136.7547,-4.7849],[136.7782,-4.7926],[136.7577,-4.8106],[136.703,-4.8074],[136.7079,-4.7785],[136.6799,-4.8004],[136.6662,-4.7847],[136.6659,-4.8115],[136.6092,-4.8193],[136.5689,-4.7866],[136.6294,-4.7775],[136.6069,-4.7742],[136.6215,-4.7599],[136.5797,-4.7774],[136.5737,-4.7174],[136.5819,-4.7627],[136.5454,-4.7907],[136.537,-4.7819],[136.55,-4.785],[136.5571,-4.7662],[136.5413,-4.7394],[136.5472,-4.7746],[136.501,-4.754],[136.5175,-4.7232],[136.5083,-4.7459],[136.4669,-4.7397],[136.4556,-4.7142],[136.4191,-4.7146],[136.4209,-4.6965],[136.3972,-4.7005],[136.3242,-4.6672],[136.3524,-4.6351],[136.2956,-4.6749],[136.2866,-4.6517],[136.2854,-4.6679],[136.2415,-4.6654],[136.1421,-4.6321],[136.1889,-4.6154],[136.1882,-4.5917],[136.1814,-4.6233],[136.1364,-4.6227],[136.1638,-4.5836],[136.164,-4.5485],[136.1596,-4.5821],[136.1377,-4.5959],[136.1401,-4.5721],[136.1273,-4.6118],[136.1132,-4.6],[136.115,-4.6232],[136.0779,-4.5902],[136.0814,-4.5714],[136.0502,-4.5829],[136.0503,-4.5612],[136.073,-4.5543],[136.0659,-4.5208],[136.0678,-4.554],[136.0383,-4.5787],[135.9465,-4.5038],[136.0821,-4.3551],[136.1567,-4.1882],[135.7966,-4.1888],[135.6995,-3.9176],[135.6757,-3.8986],[135.188,-3.7399],[134.9503,-3.6395],[134.8887,-3.631],[134.413,-3.4741],[134.2096,-3.3932],[134.2795,-3.2402],[134.3313,-3.1774],[134.4265,-3.112],[134.4394,-3.0662],[134.4279,-3.0089],[134.5989,-2.8913],[134.659,-2.826]]],[[[135.8203,-1.03],[135.7901,-0.9792],[135.7526,-0.8309],[135.7341,-0.8065],[135.7131,-0.8054],[135.7293,-0.7777],[135.6475,-0.8916],[135.5323,-0.7876],[135.4705,-0.7535],[135.4983,-0.8054],[135.5086,-0.7923],[135.5215,-0.8004],[135.5442,-0.8771],[135.3922,-0.7246],[135.3917,-0.6923],[135.3572,-0.6335],[135.3889,-0.62],[135.4097,-0.6525],[135.4461,-0.6415],[135.442,-0.6568],[135.4594,-0.6466],[135.5351,-0.6713],[135.5906,-0.6616],[135.5976,-0.7001],[135.623,-0.6672],[135.6487,-0.6608],[135.6809,-0.6823],[135.6918,-0.7182],[135.7283,-0.7064],[135.7551,-0.7369],[135.786,-0.721],[135.8111,-0.6826],[135.8585,-0.696],[135.9243,-0.7848],[136.0377,-0.8404],[136.0366,-0.8588],[136.0517,-0.855],[136.035,-0.8958],[136.0621,-0.8875],[136.0933,-0.9171],[136.1013,-0.9599],[136.1543,-0.9983],[136.168,-1.0417],[136.26,-1.0147],[136.327,-1.0757],[136.386,-1.0722],[136.3166,-1.1414],[136.1401,-1.2038],[136.0646,-1.1871],[136.0294,-1.1498],[135.9416,-1.1507],[135.9014,-1.1818],[135.8542,-1.1695],[135.7984,-1.1005],[135.8158,-1.0888],[135.8203,-1.03]]],[[[136.3923,-1.7186],[136.4542,-1.6983],[136.5881,-1.7303],[136.7986,-1.7402],[136.9126,-1.7935],[136.8549,-1.8277],[136.8063,-1.8132],[136.7594,-1.8278],[136.7206,-1.8191],[136.7044,-1.8258],[136.7172,-1.8354],[136.7085,-1.845],[136.6935,-1.8356],[136.6361,-1.8743],[136.5392,-1.8706],[136.5106,-1.8505],[136.5057,-1.8596],[136.5523,-1.8903],[136.5407,-1.9005],[136.4915,-1.8795],[136.469,-1.8962],[136.4168,-1.8743],[136.4021,-1.8881],[136.3456,-1.8609],[136.3141,-1.8648],[136.2675,-1.8921],[136.2628,-1.9133],[136.2511,-1.8867],[136.2257,-1.9066],[136.2271,-1.8843],[136.2036,-1.8628],[136.1742,-1.8748],[136.1496,-1.8555],[136.074,-1.852],[136.0271,-1.821],[135.9817,-1.8202],[135.9121,-1.7585],[135.9007,-1.7889],[135.8686,-1.7427],[135.8527,-1.7443],[135.8732,-1.7609],[135.8599,-1.7693],[135.8466,-1.7485],[135.8328,-1.7649],[135.81,-1.7286],[135.7641,-1.7493],[135.7766,-1.7265],[135.7908,-1.7293],[135.7611,-1.7108],[135.745,-1.7195],[135.7316,-1.6922],[135.6733,-1.7087],[135.6463,-1.6989],[135.6529,-1.6866],[135.6185,-1.6987],[135.6212,-1.686],[135.576,-1.687],[135.5514,-1.6645],[135.5182,-1.6871],[135.5192,-1.6637],[135.5108,-1.6864],[135.474,-1.6794],[135.4702,-1.6354],[135.4443,-1.6441],[135.44,-1.6117],[135.409,-1.602],[135.4778,-1.5974],[135.6257,-1.6291],[135.688,-1.6224],[135.6913,-1.636],[135.7854,-1.63],[135.8461,-1.6404],[135.8354,-1.6587],[135.8514,-1.6638],[135.9142,-1.637],[136.0547,-1.661],[136.2069,-1.6511],[136.3923,-1.7186]]],[[[134.9606,-1.1121],[134.8994,-1.1326],[134.8601,-1.1269],[134.8484,-1.0796],[134.7993,-1.0235],[134.8163,-0.9452],[134.8513,-0.9219],[134.887,-0.9259],[134.9576,-0.9645],[134.9329,-1.0652],[134.9691,-1.0401],[134.9642,-1.0149],[134.9908,-1.0023],[134.9916,-1.0649],[134.9606,-1.1121]]],[[[137.4066,-5.1062],[137.3399,-5.048],[137.3825,-5.0259],[137.3523,-5.035],[137.3872,-4.979],[137.4159,-4.9781],[137.3939,-4.9635],[137.4368,-4.9489],[137.439,-4.9216],[137.4609,-4.9202],[137.4788,-4.9318],[137.4542,-4.9403],[137.4496,-4.995],[137.4166,-5.003],[137.4278,-5.0595],[137.4066,-5.1062]]],[[[137.2848,-5.0006],[137.2871,-5.0239],[137.2375,-4.992],[137.2807,-4.9088],[137.3074,-4.9171],[137.3363,-4.8899],[137.3682,-4.8889],[137.3546,-4.9664],[137.298,-4.9576],[137.2848,-5.0006]]],[[[135.2005,-1.5152],[135.097,-1.5082],[135.0987,-1.4789],[135.1173,-1.4638],[135.1568,-1.489],[135.2147,-1.4747],[135.2059,-1.5001],[135.2212,-1.5047],[135.2427,-1.4822],[135.25,-1.517],[135.258,-1.4762],[135.2946,-1.4713],[135.3103,-1.4933],[135.3356,-1.4806],[135.3245,-1.5055],[135.2992,-1.5159],[135.2072,-1.5253],[135.2005,-1.5152]]],[[[136.8761,-4.885],[136.827,-4.9087],[136.7955,-4.8895],[136.8443,-4.87],[136.7907,-4.8861],[136.8104,-4.8341],[136.8517,-4.8325],[136.9031,-4.8713],[136.8761,-4.885]]],[[[137.1156,-4.9593],[137.1081,-4.9743],[137.0908,-4.9695],[137.0593,-4.9393],[137.0795,-4.9327],[137.0792,-4.8982],[137.0977,-4.8762],[137.1372,-4.882],[137.1156,-4.8924],[137.1301,-4.8978],[137.1302,-4.9336],[137.1156,-4.9593]]],[[[136.6864,-4.8254],[136.7161,-4.8275],[136.6831,-4.8187],[136.6945,-4.7975],[136.7085,-4.8108],[136.7657,-4.8112],[136.7679,-4.8253],[136.7467,-4.8739],[136.6864,-4.8254]]],[[[137.5976,-5.096],[137.5645,-5.1146],[137.5513,-5.0725],[137.5948,-5.0214],[137.5892,-5.0379],[137.6023,-5.033],[137.6147,-5.0514],[137.5976,-5.096]]],[[[135.7227,-2.9802],[135.706,-2.9642],[135.7332,-2.9374],[135.8088,-2.9399],[135.7227,-2.9802]]],[[[137.0568,-1.8708],[136.9566,-1.8371],[137.0319,-1.8321],[137.0586,-1.8534],[137.0568,-1.8708]]],[[[134.8394,-2.6894],[134.8646,-2.705],[134.8415,-2.7261],[134.8007,-2.7111],[134.806,-2.6874],[134.8394,-2.6894]]],[[[137.0575,-4.8162],[137.0608,-4.8028],[137.0899,-4.8076],[137.0835,-4.8279],[137.1003,-4.8441],[137.0845,-4.8601],[137.0555,-4.8463],[137.0575,-4.8162]]],[[[137.6203,-5.0012],[137.6194,-5.0206],[137.5961,-5.0129],[137.5769,-4.9788],[137.6144,-4.9585],[137.6203,-5.0012]]],[[[136.3589,-1.9101],[136.3621,-1.9626],[136.3292,-1.9102],[136.3589,-1.9101]]],[[[136.5932,-1.234],[136.5765,-1.2034],[136.5897,-1.1966],[136.6136,-1.2196],[136.5932,-1.234]]],[[[135.6753,-2.9435],[135.6819,-2.9266],[135.7356,-2.91],[135.6753,-2.9435]]],[[[136.2004,-1.2342],[136.2286,-1.2339],[136.1974,-1.2606],[136.1861,-1.2457],[136.2004,-1.2342]]],[[[137.2252,-2.0007],[137.2129,-2.0192],[137.1941,-1.9908],[137.2257,-1.9877],[137.2252,-2.0007]]],[[[136.314,-1.2204],[136.3352,-1.2196],[136.3425,-1.2381],[136.2947,-1.2446],[136.314,-1.2204]]],[[[135.8099,-1.7867],[135.8258,-1.8064],[135.8038,-1.8192],[135.7944,-1.8017],[135.8099,-1.7867]]],[[[136.6018,-1.1809],[136.5918,-1.1686],[136.6055,-1.1403],[136.6268,-1.158],[136.6018,-1.1809]]],[[[136.7787,-4.8708],[136.7668,-4.8581],[136.7798,-4.8303],[136.7947,-4.8462],[136.7787,-4.8708]]],[[[136.6725,-4.8418],[136.6523,-4.8294],[136.6702,-4.814],[136.6815,-4.8266],[136.6725,-4.8418]]],[[[135.9347,-2.9303],[135.95,-2.9069],[135.9738,-2.9276],[135.9347,-2.9303]]],[[[137.054,-4.8819],[137.0637,-4.8608],[137.0808,-4.8789],[137.0701,-4.8944],[137.054,-4.8819]]],[[[136.6046,-1.2612],[136.5926,-1.251],[136.6079,-1.2329],[136.6175,-1.2502],[136.6046,-1.2612]]],[[[137.0994,-1.8958],[137.0923,-1.8581],[137.1155,-1.8778],[137.0994,-1.8958]]],[[[136.6024,-1.3293],[136.5921,-1.277],[136.6108,-1.2827],[136.6024,-1.3293]]],[[[136.2961,-1.9101],[136.2974,-1.9411],[136.2815,-1.8973],[136.2924,-1.8886],[136.2961,-1.9101]]],[[[136.5134,-1.2501],[136.5011,-1.2351],[136.5351,-1.2426],[136.5134,-1.2501]]],[[[137.6247,-5.0261],[137.614,-5.049],[137.5915,-5.036],[137.5999,-5.0202],[137.6247,-5.0261]]],[[[136.45,-1.2237],[136.4465,-1.2432],[136.4331,-1.2069],[136.4442,-1.2015],[136.45,-1.2237]]],[[[135.7764,-3.0542],[135.7701,-3.042],[135.8005,-3.0284],[135.7764,-3.0542]]],[[[135.515,-0.9736],[135.4986,-0.9752],[135.4923,-0.9412],[135.515,-0.9736]]],[[[136.7788,-4.8022],[136.7911,-4.8104],[136.7787,-4.8226],[136.7788,-4.8022]]],[[[135.6163,-3.0779],[135.6264,-3.0809],[135.6126,-3.0944],[135.6163,-3.0779]]],[[[136.243,-2.233],[136.2461,-2.2173],[136.2612,-2.2207],[136.243,-2.233]]],[[[137.186,-2.0151],[137.1786,-2.0013],[137.2036,-2.0172],[137.186,-2.0151]]],[[[135.7762,-1.7635],[135.7911,-1.7734],[135.7688,-1.78],[135.7762,-1.7635]]],[[[135.2552,-0.3967],[135.2648,-0.4102],[135.2525,-0.4118],[135.2552,-0.3967]]]]},"properties":{"name":"IRIAN JAYA TENGAH"}},{"type":"Feature","geometry":{"type":"MultiPolygon","coordinates":[[[[122.6195,-8.4033],[122.6238,-8.3884],[122.6706,-8.3954],[122.729,-8.3638],[122.7693,-8.3679],[122.8134,-8.3015],[122.8869,-8.2897],[122.9153,-8.2205],[122.941,-8.2046],[122.9042,-8.179],[122.8688,-8.1764],[122.8118,-8.2014],[122.7905,-8.2383],[122.7375,-8.2331],[122.7834,-8.1605],[122.7863,-8.111],[122.8342,-8.1012],[122.8691,-8.0651],[122.9743,-8.1324],[122.9647,-8.1997],[122.9833,-8.2177],[122.9864,-8.2526],[123.0229,-8.2819],[123.0229,-8.3183],[122.9691,-8.3544],[122.9173,-8.3321],[122.8828,-8.3895],[122.8928,-8.4526],[122.859,-8.4555],[122.7872,-8.4266],[122.7921,-8.4827],[122.8467,-8.5498],[122.8464,-8.5776],[122.8231,-8.6027],[122.7841,-8.6191],[122.739,-8.6159],[122.73,-8.6417],[122.6701,-8.6327],[122.6239,-8.6625],[122.563,-8.6739],[122.5143,-8.7266],[122.4256,-8.7548],[122.1999,-8.7593],[122.1836,-8.742],[122.127,-8.7364],[122.0858,-8.7502],[122.0258,-8.8078],[121.9284,-8.8417],[121.8651,-8.8458],[121.7783,-8.8934],[121.6732,-8.8595],[121.6485,-8.917],[121.6273,-8.9037],[121.6379,-8.8564],[121.5861,-8.8182],[121.5315,-8.8213],[121.4698,-8.801],[121.3765,-8.8005],[121.3611,-8.8957],[121.3111,-8.9251],[121.2515,-8.9001],[121.1618,-8.894],[120.9975,-8.9596],[120.9069,-8.9225],[120.827,-8.822],[120.7782,-8.8322],[120.7668,-8.8733],[120.73,-8.878],[120.6331,-8.845],[120.5896,-8.7972],[120.3745,-8.7999],[120.3207,-8.8381],[120.3046,-8.8259],[120.2837,-8.8372],[120.2215,-8.8255],[120.1793,-8.7763],[120.1365,-8.764],[120.1373,-8.7766],[120.0637,-8.8055],[119.9532,-8.8183],[119.9348,-8.8435],[119.9222,-8.8381],[119.9242,-8.871],[119.8988,-8.8624],[119.8979,-8.8107],[119.871,-8.8132],[119.8482,-8.7959],[119.8389,-8.8076],[119.8004,-8.7623],[119.813,-8.6039],[119.7998,-8.5989],[119.8091,-8.5833],[119.7949,-8.5835],[119.8294,-8.5397],[119.8763,-8.5138],[119.8818,-8.4758],[119.8593,-8.4269],[119.8835,-8.4252],[119.8783,-8.4568],[119.9087,-8.4702],[119.9615,-8.4448],[119.9719,-8.4212],[120.0002,-8.4548],[120.0219,-8.4361],[120.0043,-8.4076],[120.0224,-8.405],[120.0306,-8.3752],[120.047,-8.3894],[120.0778,-8.3728],[120.058,-8.3987],[120.0896,-8.3806],[120.0877,-8.4068],[120.101,-8.4061],[120.0916,-8.429],[120.1143,-8.4331],[120.1287,-8.4106],[120.1271,-8.3514],[120.168,-8.3698],[120.2008,-8.2983],[120.2633,-8.2729],[120.3322,-8.2706],[120.3617,-8.2848],[120.4055,-8.271],[120.4202,-8.2281],[120.4419,-8.2371],[120.4648,-8.2828],[120.5275,-8.2601],[120.5603,-8.2914],[120.5909,-8.2884],[120.6046,-8.2697],[120.5967,-8.2445],[120.6506,-8.2733],[120.6896,-8.3207],[120.7155,-8.3161],[120.7397,-8.3416],[120.8081,-8.3332],[120.8595,-8.3532],[120.8862,-8.3479],[120.8864,-8.3655],[120.8974,-8.3506],[120.9438,-8.3483],[120.9546,-8.372],[120.95,-8.3501],[120.9833,-8.3496],[120.9817,-8.3702],[120.968,-8.372],[121.0255,-8.4172],[121.1876,-8.4413],[121.2386,-8.4782],[121.2625,-8.4702],[121.306,-8.4926],[121.3573,-8.5711],[121.419,-8.5898],[121.4704,-8.5665],[121.4986,-8.5835],[121.4978,-8.6292],[121.5508,-8.5805],[121.5881,-8.58],[121.5701,-8.5606],[121.5747,-8.5359],[121.615,-8.5673],[121.6062,-8.5129],[121.6236,-8.4778],[121.6495,-8.4853],[121.6468,-8.5051],[121.6695,-8.5017],[121.676,-8.545],[121.6748,-8.5133],[121.7317,-8.5004],[121.808,-8.5165],[121.8481,-8.4877],[121.8755,-8.5045],[121.918,-8.5027],[121.9609,-8.4488],[121.9588,-8.4785],[122.0165,-8.4456],[122.03,-8.45],[122.0152,-8.4716],[122.0205,-8.5354],[122.0485,-8.5225],[122.0592,-8.5351],[122.0768,-8.5266],[122.0929,-8.549],[122.0915,-8.5319],[122.1267,-8.5414],[122.2553,-8.6404],[122.2974,-8.6505],[122.3636,-8.6185],[122.4794,-8.6159],[122.5225,-8.5535],[122.522,-8.534],[122.4823,-8.4996],[122.4953,-8.4701],[122.5376,-8.4762],[122.5936,-8.4301],[122.6013,-8.3985],[122.6195,-8.4033]]],[[[124.0465,-9.3428],[124.0943,-9.4158],[124.137,-9.4348],[124.204,-9.3762],[124.2324,-9.385],[124.2713,-9.4231],[124.2767,-9.5019],[124.2914,-9.5066],[124.3536,-9.479],[124.3602,-9.4548],[124.3449,-9.4316],[124.3689,-9.4164],[124.3785,-9.3566],[124.4542,-9.3114],[124.4723,-9.1824],[124.5359,-9.1972],[124.6204,-9.1633],[124.6803,-9.1171],[124.7032,-9.0597],[124.7326,-9.0677],[124.8162,-9.0137],[124.8518,-9.0191],[124.8806,-8.9888],[124.95,-8.9674],[124.9374,-9.0351],[124.9657,-9.0623],[124.9889,-9.0671],[125.0678,-9.0299],[125.1141,-8.9761],[125.1862,-9.0339],[125.1808,-9.1752],[125.1018,-9.2008],[125.0577,-9.1755],[125.0197,-9.1774],[124.9865,-9.2005],[125.0001,-9.298],[125.0505,-9.3307],[125.092,-9.4645],[125.0071,-9.5396],[124.9885,-9.6386],[124.9461,-9.6803],[124.9352,-9.6752],[124.9535,-9.6583],[124.9526,-9.6266],[124.9335,-9.622],[124.9149,-9.6433],[124.8982,-9.6233],[124.9136,-9.645],[124.9502,-9.6272],[124.9506,-9.6578],[124.8459,-9.7456],[124.7495,-9.8882],[124.6928,-9.9239],[124.6722,-9.9208],[124.6529,-9.9568],[124.5781,-10.0062],[124.5357,-10.017],[124.4956,-10.0994],[124.4146,-10.1587],[124.3707,-10.1706],[124.1345,-10.1601],[124.0928,-10.1805],[124.0698,-10.2217],[124.01,-10.2714],[123.9604,-10.2744],[123.9412,-10.3008],[123.9107,-10.2956],[123.7969,-10.3545],[123.7041,-10.3665],[123.6575,-10.3507],[123.6077,-10.3711],[123.5448,-10.3308],[123.4607,-10.3618],[123.4631,-10.3297],[123.4983,-10.2754],[123.4874,-10.2271],[123.5251,-10.2174],[123.5297,-10.1763],[123.6184,-10.1444],[123.6447,-10.1505],[123.7,-10.1082],[123.7411,-10.0976],[123.7628,-10.0584],[123.7531,-10.0327],[123.6935,-10.0121],[123.677,-10.0218],[123.6479,-10.0089],[123.6017,-10.0488],[123.5791,-10.0281],[123.584,-9.9227],[123.6014,-9.9044],[123.6454,-9.8984],[123.6704,-9.8497],[123.6656,-9.8075],[123.6418,-9.7841],[123.6799,-9.7568],[123.6695,-9.6379],[123.7199,-9.601],[123.7317,-9.5743],[123.7831,-9.5506],[123.7921,-9.4971],[123.8279,-9.5022],[123.8446,-9.4807],[123.8675,-9.4799],[123.8999,-9.434],[123.9375,-9.4253],[123.9833,-9.3575],[124.0465,-9.3428]]],[[[119.6801,-9.8281],[119.6884,-9.8182],[119.6606,-9.7765],[119.6154,-9.7999],[119.6232,-9.7615],[119.5912,-9.7839],[119.5824,-9.7631],[119.5694,-9.7738],[119.5435,-9.7536],[119.5296,-9.7683],[119.4613,-9.7408],[119.4114,-9.7678],[119.4123,-9.7865],[119.3923,-9.7974],[119.3501,-9.7609],[119.3186,-9.7668],[119.2996,-9.744],[119.2187,-9.7376],[119.1873,-9.7575],[119.0334,-9.6804],[118.9853,-9.6076],[118.9299,-9.5621],[118.9378,-9.5234],[118.9939,-9.4551],[119.0562,-9.4244],[119.1051,-9.4213],[119.1876,-9.3763],[119.2117,-9.3954],[119.3002,-9.3627],[119.3813,-9.3857],[119.4637,-9.3597],[119.5257,-9.381],[119.6251,-9.342],[119.6837,-9.3792],[119.7973,-9.3966],[119.9363,-9.2768],[119.9595,-9.3218],[120.0886,-9.4656],[120.1382,-9.4858],[120.1908,-9.4676],[120.2226,-9.4938],[120.2489,-9.6461],[120.3017,-9.6457],[120.3194,-9.6773],[120.3633,-9.6459],[120.4517,-9.6284],[120.5004,-9.7051],[120.5523,-9.7145],[120.6613,-9.8966],[120.7372,-9.9241],[120.7962,-9.9711],[120.8246,-10.0297],[120.8015,-10.0978],[120.821,-10.0817],[120.6796,-10.2144],[120.6407,-10.2159],[120.6116,-10.2459],[120.5363,-10.2322],[120.4863,-10.2615],[120.4527,-10.3182],[120.3543,-10.2488],[120.2091,-10.2556],[120.1792,-10.2303],[120.1929,-10.2349],[120.1948,-10.2184],[120.1638,-10.2415],[120.113,-10.1836],[120.0817,-10.182],[120.0493,-10.1315],[120.0069,-10.1255],[120.0209,-10.0846],[119.9943,-10.0353],[119.9482,-9.9962],[119.9511,-9.9717],[119.9031,-9.9709],[119.9051,-9.9456],[119.882,-9.9583],[119.8587,-9.9185],[119.7803,-9.9167],[119.7717,-9.8959],[119.687,-9.8508],[119.6801,-9.8281]]],[[[124.3539,-8.3803],[124.4033,-8.2967],[124.4662,-8.2581],[124.5081,-8.2627],[124.5672,-8.2241],[124.5163,-8.2227],[124.4008,-8.2803],[124.3941,-8.2209],[124.4739,-8.1304],[124.6041,-8.1306],[124.5932,-8.1925],[124.6096,-8.2043],[124.6703,-8.1693],[124.7531,-8.1533],[124.8779,-8.1742],[124.9219,-8.1718],[124.9639,-8.1482],[125.0042,-8.1651],[125.0926,-8.1532],[125.1432,-8.2442],[125.1291,-8.2919],[125.1423,-8.3267],[125.0671,-8.3632],[124.8922,-8.3713],[124.7889,-8.4092],[124.6638,-8.3952],[124.5451,-8.446],[124.5042,-8.4194],[124.4124,-8.4631],[124.4112,-8.4417],[124.3613,-8.4461],[124.3329,-8.4252],[124.3539,-8.3803]]],[[[123.5276,-8.3623],[123.5595,-8.3687],[123.587,-8.3521],[123.5957,-8.3242],[123.5725,-8.3133],[123.5744,-8.2874],[123.6033,-8.2909],[123.5991,-8.3201],[123.6327,-8.2929],[123.6036,-8.2198],[123.647,-8.217],[123.6549,-8.2488],[123.642,-8.2482],[123.6847,-8.2589],[123.7102,-8.2396],[123.6951,-8.2178],[123.7237,-8.2158],[123.7796,-8.169],[123.8376,-8.2013],[123.8516,-8.2273],[123.864,-8.211],[123.8999,-8.2147],[123.9218,-8.2448],[123.8354,-8.2836],[123.7968,-8.2722],[123.7639,-8.2885],[123.6734,-8.4284],[123.6502,-8.4283],[123.6478,-8.4047],[123.6204,-8.4061],[123.5537,-8.4696],[123.5861,-8.5316],[123.5473,-8.5716],[123.5162,-8.5637],[123.4914,-8.5172],[123.4487,-8.535],[123.4261,-8.5776],[123.3941,-8.5866],[123.317,-8.5282],[123.293,-8.5506],[123.2442,-8.5404],[123.2235,-8.5554],[123.2267,-8.536],[123.2088,-8.5213],[123.2934,-8.4641],[123.3403,-8.3989],[123.4328,-8.3693],[123.4711,-8.3394],[123.414,-8.2929],[123.3463,-8.3073],[123.3871,-8.2621],[123.4093,-8.2526],[123.4539,-8.2726],[123.4965,-8.2416],[123.5579,-8.2413],[123.4982,-8.3404],[123.4966,-8.361],[123.5276,-8.3623]]],[[[123.1958,-10.588],[123.2298,-10.6012],[123.3111,-10.5912],[123.3174,-10.5754],[123.2771,-10.5753],[123.2509,-10.5982],[123.2121,-10.5751],[123.2635,-10.5164],[123.3703,-10.4747],[123.3802,-10.4294],[123.426,-10.4697],[123.3824,-10.4867],[123.3783,-10.5002],[123.3869,-10.4911],[123.3992,-10.5051],[123.3584,-10.546],[123.3848,-10.5667],[123.3425,-10.589],[123.4227,-10.6142],[123.4311,-10.658],[123.4111,-10.6654],[123.4086,-10.6865],[123.3357,-10.6763],[123.3032,-10.7185],[123.2572,-10.7333],[123.2253,-10.8269],[123.2094,-10.816],[123.1871,-10.8336],[123.1334,-10.8105],[123.0938,-10.8515],[123.0773,-10.842],[123.0618,-10.8588],[122.9669,-10.861],[122.9382,-10.8847],[122.9643,-10.909],[122.9415,-10.9008],[122.9059,-10.9206],[122.8854,-10.9027],[122.853,-10.9138],[122.8425,-10.939],[122.8195,-10.9194],[122.8275,-10.8627],[122.8032,-10.8021],[122.8109,-10.781],[122.8522,-10.7884],[122.8301,-10.7764],[122.8674,-10.7509],[123.0403,-10.7288],[123.1265,-10.6425],[123.1523,-10.6542],[123.178,-10.6336],[123.1958,-10.588]],[[123.3119,-10.5424],[123.3367,-10.5343],[123.3295,-10.5251],[123.354,-10.5028],[123.3438,-10.4922],[123.2936,-10.5167],[123.3119,-10.5424]]],[[[123.9428,-8.4026],[123.9618,-8.3473],[124.0539,-8.2937],[124.079,-8.3095],[124.0878,-8.3759],[124.0969,-8.3664],[124.1073,-8.389],[124.1153,-8.3739],[124.1022,-8.3603],[124.1591,-8.3173],[124.18,-8.2744],[124.1985,-8.2736],[124.2459,-8.1924],[124.2749,-8.1744],[124.3162,-8.1845],[124.3197,-8.231],[124.293,-8.2675],[124.2955,-8.3314],[124.2429,-8.3611],[124.2035,-8.4159],[124.2069,-8.4623],[124.1694,-8.4888],[124.1385,-8.5385],[124.0593,-8.5514],[124.0628,-8.4915],[124.0318,-8.4223],[123.9815,-8.4184],[123.9358,-8.4615],[123.9109,-8.439],[123.9428,-8.4026]]],[[[123.165,-8.3917],[123.0054,-8.4135],[123.0031,-8.3692],[123.0336,-8.3103],[123.1448,-8.2355],[123.1851,-8.2427],[123.1985,-8.2256],[123.2193,-8.2461],[123.2451,-8.2285],[123.2766,-8.2522],[123.3343,-8.2648],[123.3056,-8.2965],[123.309,-8.3607],[123.2896,-8.3929],[123.165,-8.3917]]],[[[121.8719,-10.6122],[121.7565,-10.6104],[121.6949,-10.5722],[121.852,-10.4876],[121.8524,-10.4465],[121.8874,-10.4273],[121.9928,-10.4393],[122.0019,-10.4654],[121.9864,-10.5421],[121.9523,-10.5491],[121.8719,-10.6122]]],[[[119.4425,-8.7503],[119.4093,-8.7183],[119.3789,-8.7342],[119.3752,-8.715],[119.4091,-8.6821],[119.4107,-8.6505],[119.401,-8.6228],[119.3811,-8.6321],[119.391,-8.5983],[119.3751,-8.5874],[119.4392,-8.5231],[119.4162,-8.5027],[119.4524,-8.4892],[119.4231,-8.4495],[119.4549,-8.4494],[119.4595,-8.4264],[119.4765,-8.4506],[119.4737,-8.4791],[119.5122,-8.4935],[119.5299,-8.4825],[119.5371,-8.4971],[119.5549,-8.4785],[119.5511,-8.4987],[119.5754,-8.4895],[119.5723,-8.5317],[119.5625,-8.5135],[119.5517,-8.5349],[119.5641,-8.5876],[119.578,-8.5926],[119.5216,-8.6006],[119.5266,-8.58],[119.506,-8.5684],[119.4923,-8.5991],[119.4561,-8.6041],[119.469,-8.6273],[119.4961,-8.6191],[119.478,-8.6508],[119.4573,-8.6485],[119.4358,-8.6736],[119.4581,-8.6992],[119.4518,-8.7381],[119.4743,-8.735],[119.4425,-8.7503]]],[[[123.3282,-10.3451],[123.3064,-10.3143],[123.3042,-10.269],[123.3686,-10.209],[123.3919,-10.1438],[123.4506,-10.1175],[123.4662,-10.1658],[123.4998,-10.1633],[123.5006,-10.1859],[123.4276,-10.2353],[123.418,-10.214],[123.3962,-10.2106],[123.3966,-10.239],[123.4192,-10.2569],[123.423,-10.2997],[123.399,-10.2953],[123.4154,-10.3295],[123.3845,-10.3399],[123.3787,-10.3118],[123.3502,-10.3102],[123.3282,-10.3451]]],[[[123,-8.4974],[122.9458,-8.5949],[122.9144,-8.6172],[122.8901,-8.6165],[122.8731,-8.5915],[122.8827,-8.5375],[122.9481,-8.4944],[122.9574,-8.4575],[122.9796,-8.4384],[123.0208,-8.4511],[123.1466,-8.4245],[123.1696,-8.437],[123.1484,-8.4632],[123.0802,-8.4909],[123.0515,-8.4944],[123.026,-8.4781],[123,-8.4974]]],[[[119.6352,-8.6028],[119.666,-8.6118],[119.6617,-8.654],[119.6733,-8.6625],[119.6622,-8.6647],[119.6764,-8.6872],[119.6799,-8.6716],[119.6889,-8.6801],[119.7114,-8.6643],[119.6895,-8.6353],[119.7159,-8.653],[119.7209,-8.6189],[119.8061,-8.6221],[119.801,-8.6547],[119.7593,-8.6659],[119.7477,-8.6949],[119.7285,-8.698],[119.715,-8.6758],[119.6934,-8.7231],[119.7362,-8.7537],[119.7142,-8.761],[119.7332,-8.7647],[119.7136,-8.7769],[119.7173,-8.7913],[119.6999,-8.7825],[119.7104,-8.796],[119.6966,-8.8082],[119.6781,-8.8067],[119.6622,-8.7721],[119.6218,-8.7926],[119.6053,-8.7486],[119.6149,-8.732],[119.6343,-8.7395],[119.6183,-8.7238],[119.6383,-8.7227],[119.62,-8.7057],[119.6635,-8.7027],[119.6542,-8.6637],[119.6521,-8.6854],[119.6314,-8.6845],[119.6446,-8.6555],[119.616,-8.6106],[119.6352,-8.6028]]],[[[125.5443,-8.3066],[125.5094,-8.2874],[125.5038,-8.2682],[125.6366,-8.1363],[125.6447,-8.1737],[125.6096,-8.2354],[125.6012,-8.2959],[125.5796,-8.3176],[125.5443,-8.3066]]],[[[122.3898,-8.5042],[122.3512,-8.4904],[122.3394,-8.439],[122.3804,-8.4341],[122.4131,-8.453],[122.42,-8.4402],[122.4208,-8.4821],[122.3898,-8.5042]]],[[[121.7251,-8.3617],[121.6807,-8.3404],[121.7002,-8.3007],[121.7436,-8.3141],[121.7476,-8.3463],[121.7251,-8.3617]]],[[[121.5793,-10.6428],[121.5247,-10.6378],[121.5633,-10.6008],[121.6408,-10.6024],[121.6386,-10.6169],[121.5793,-10.6428]]],[[[124.3534,-8.3266],[124.3165,-8.3132],[124.3208,-8.282],[124.3629,-8.2827],[124.3534,-8.3266]]],[[[123.4042,-10.4975],[123.4423,-10.4907],[123.4423,-10.5013],[123.3854,-10.5607],[123.3656,-10.5439],[123.4051,-10.5167],[123.4042,-10.4975]]],[[[120.2713,-8.8746],[120.2945,-8.8533],[120.3133,-8.8767],[120.2767,-8.8977],[120.2713,-8.8746]]],[[[119.5627,-8.6917],[119.5413,-8.6623],[119.6055,-8.6303],[119.6036,-8.6596],[119.5613,-8.6653],[119.5627,-8.6917]]],[[[122.8719,-10.9686],[122.8803,-10.9962],[122.8673,-11.0021],[122.8349,-10.9636],[122.8719,-10.9686]]],[[[123.825,-8.4163],[123.8086,-8.4042],[123.8164,-8.365],[123.8357,-8.3774],[123.825,-8.4163]]],[[[123.9267,-8.3826],[123.8979,-8.3617],[123.9509,-8.3468],[123.9267,-8.3826]]],[[[121.5122,-8.9356],[121.5019,-8.9189],[121.519,-8.877],[121.5284,-8.921],[121.5122,-8.9356]]],[[[122.6758,-10.828],[122.6398,-10.7984],[122.6662,-10.7939],[122.688,-10.8231],[122.6758,-10.828]]],[[[119.7923,-8.8229],[119.7733,-8.8163],[119.786,-8.7876],[119.8051,-8.7996],[119.7923,-8.8229]]],[[[122.2814,-8.3787],[122.2878,-8.3598],[122.3266,-8.3505],[122.3125,-8.3734],[122.2814,-8.3787]]],[[[122.9349,-10.9352],[122.9286,-10.91],[122.9654,-10.9138],[122.9349,-10.9352]]],[[[119.661,-8.8167],[119.6317,-8.8032],[119.6576,-8.7828],[119.6713,-8.8041],[119.661,-8.8167]]],[[[119.868,-8.4016],[119.8398,-8.3805],[119.8799,-8.3788],[119.868,-8.4016]]],[[[120.1984,-10.3267],[120.1699,-10.3214],[120.2097,-10.3049],[120.1984,-10.3267]]],[[[122.5144,-8.4427],[122.5015,-8.4347],[122.5146,-8.4184],[122.5251,-8.4289],[122.5144,-8.4427]]],[[[122.7536,-10.7863],[122.7479,-10.7733],[122.7804,-10.7721],[122.7536,-10.7863]]],[[[122.1092,-8.1295],[122.1055,-8.1178],[122.1387,-8.1114],[122.1366,-8.1271],[122.1092,-8.1295]]],[[[122.4432,-8.485],[122.4264,-8.4728],[122.4559,-8.4646],[122.4607,-8.481],[122.4432,-8.485]]],[[[121.0119,-8.3915],[120.9933,-8.3791],[121.0165,-8.3732],[121.0119,-8.3915]]],[[[124.0775,-8.2403],[124.0674,-8.2294],[124.0849,-8.2222],[124.0775,-8.2403]]],[[[124.3658,-8.2271],[124.3546,-8.2165],[124.363,-8.2005],[124.3658,-8.2271]]],[[[124.2742,-8.4916],[124.2678,-8.4748],[124.2848,-8.4716],[124.2742,-8.4916]]],[[[119.7179,-8.5165],[119.7188,-8.4948],[119.7347,-8.4948],[119.7179,-8.5165]]],[[[124.0253,-8.2322],[124.0288,-8.2121],[124.0442,-8.2106],[124.0253,-8.2322]]],[[[122.981,-10.9195],[122.9704,-10.906],[122.9932,-10.9038],[122.981,-10.9195]]],[[[119.6611,-8.5651],[119.6505,-8.5347],[119.6678,-8.5272],[119.6611,-8.5651]]],[[[123.8786,-8.4439],[123.8729,-8.4309],[123.8902,-8.4277],[123.8786,-8.4439]]],[[[120.1143,-10.341],[120.0981,-10.3358],[120.121,-10.3295],[120.1143,-10.341]]],[[[119.7867,-8.5294],[119.799,-8.5158],[119.8016,-8.5279],[119.7867,-8.5294]]],[[[119.7783,-8.6802],[119.7762,-8.6655],[119.789,-8.673],[119.7783,-8.6802]]]]},"properties":{"name":"NUSA TENGGARA TIMUR"}},{"type":"Feature","geometry":{"type":"MultiPolygon","coordinates":[[[[115.1949,-8.7323],[115.1809,-8.7611],[115.2177,-8.7856],[115.2198,-8.7514],[115.235,-8.7996],[115.2165,-8.8302],[115.1666,-8.8479],[115.0873,-8.8356],[115.0881,-8.8127],[115.1674,-8.7692],[115.1522,-8.7494],[115.1633,-8.7059],[115.1403,-8.6671],[115.0981,-8.6388],[115.058,-8.5805],[114.8955,-8.457],[114.75,-8.3985],[114.578,-8.3979],[114.4455,-8.219],[114.4283,-8.1681],[114.4384,-8.1801],[114.4621,-8.1652],[114.4406,-8.1572],[114.4317,-8.0982],[114.4876,-8.0936],[114.5186,-8.1533],[114.5891,-8.1153],[114.5902,-8.1381],[114.6142,-8.1232],[114.854,-8.1953],[114.9974,-8.1738],[115.1134,-8.08],[115.1822,-8.0588],[115.4456,-8.1585],[115.565,-8.2335],[115.6447,-8.332],[115.7033,-8.3563],[115.7169,-8.3896],[115.6991,-8.4251],[115.6419,-8.4619],[115.616,-8.5069],[115.5838,-8.516],[115.5347,-8.5005],[115.5134,-8.5112],[115.5207,-8.5333],[115.5046,-8.5453],[115.354,-8.5809],[115.2625,-8.6532],[115.2579,-8.7067],[115.1949,-8.7323]],[[115.1742,-8.2627],[115.1662,-8.2822],[115.1806,-8.2757],[115.1742,-8.2627]],[[115.1165,-8.238],[115.1042,-8.2428],[115.1137,-8.2513],[115.1357,-8.2412],[115.1165,-8.238]],[[115.4097,-8.2297],[115.3767,-8.2744],[115.3923,-8.2855],[115.4191,-8.2615],[115.421,-8.2319],[115.4097,-8.2297]]],[[[115.6238,-8.7735],[115.5882,-8.8182],[115.4514,-8.7464],[115.4452,-8.7222],[115.4889,-8.6722],[115.5656,-8.671],[115.6249,-8.7518],[115.6238,-8.7735]]],[[[115.4535,-8.6701],[115.4649,-8.6722],[115.4507,-8.689],[115.4274,-8.6897],[115.4535,-8.6701]]],[[[115.2322,-8.7329],[115.2214,-8.7413],[115.2285,-8.722],[115.2322,-8.7329]]]]},"properties":{"name":"BALI"}},{"type":"Feature","geometry":{"type":"MultiPolygon","coordinates":[[[[100.3307,2.5342],[100.3629,2.3898],[100.393,2.3231],[100.4854,2.2213],[100.5649,2.1635],[100.6781,2.1291],[100.7845,2.0744],[100.8714,1.9754],[100.8904,1.9754],[100.88,2.0458],[100.7895,2.1224],[100.7658,2.2299],[100.8163,2.2792],[100.9356,2.2997],[101.0449,2.295],[101.078,2.2157],[101.2991,2.0447],[101.3601,1.8306],[101.3545,1.7804],[101.4082,1.7009],[101.4773,1.6862],[101.5469,1.6412],[101.6052,1.6412],[101.7172,1.6755],[101.7568,1.6644],[101.9956,1.4648],[102.1484,1.3795],[102.1464,1.2742],[102.1592,1.2344],[102.1796,1.2308],[102.2038,1.1969],[102.1848,1.1047],[102.2184,1.0117],[102.2515,0.9646],[102.3246,0.9139],[102.4013,0.8146],[102.4927,0.7554],[102.5598,0.7411],[102.6862,0.7568],[102.7686,0.7325],[102.8815,0.7321],[103.1128,0.46],[103.1773,0.4647],[103.2358,0.5002],[103.28,0.5057],[103.327,0.5488],[103.3959,0.5337],[103.5804,0.3973],[103.6023,0.3491],[103.6558,0.3389],[103.7261,0.2793],[103.7643,0.2003],[103.7746,0.0902],[103.8052,-0.0001],[103.6777,-0.0214],[103.6161,-0.0067],[103.5807,-0.0247],[103.5676,-0.0389],[103.5866,-0.031],[103.5931,-0.047],[103.5614,-0.0757],[103.5788,-0.0743],[103.5933,-0.0949],[103.5489,-0.1205],[103.5,-0.1201],[103.5001,-0.187],[103.5563,-0.1896],[103.5232,-0.2076],[103.5313,-0.2231],[103.6227,-0.2296],[103.6286,-0.248],[103.7135,-0.2662],[103.7608,-0.3048],[103.7766,-0.3389],[103.66,-0.3621],[103.6137,-0.3912],[103.5883,-0.3797],[103.5747,-0.3964],[103.6015,-0.4323],[103.5486,-0.4836],[103.5183,-0.4965],[103.5061,-0.4846],[103.5038,-0.5064],[103.3935,-0.5201],[103.4264,-0.5401],[103.4148,-0.6252],[103.3808,-0.6475],[103.416,-0.6697],[103.3917,-0.6933],[103.3982,-0.7247],[103.4605,-0.7421],[103.4823,-0.7714],[103.4098,-0.7735],[103.3601,-0.8032],[103.3458,-0.7863],[103.126,-0.7464],[103.0089,-0.7552],[102.9134,-0.8864],[102.7895,-0.9769],[102.7698,-1.0083],[102.7794,-1.0266],[102.7549,-1.0242],[102.7304,-1.072],[102.6846,-1.0789],[102.6665,-1.1093],[102.638,-1.1204],[102.6168,-1.0946],[102.4838,-1.081],[102.4425,-1.0255],[102.3824,-1.0267],[102.3862,-0.9934],[102.3263,-0.9633],[102.3068,-0.9174],[102.2543,-0.9215],[102.2036,-0.9485],[102.165,-0.8987],[102.1393,-0.8994],[102.1166,-0.9212],[102.0624,-0.8895],[102.042,-0.9003],[101.9836,-0.8804],[101.9243,-0.9415],[101.8551,-0.9652],[101.8453,-0.9826],[101.6503,-0.9341],[101.6456,-0.908],[101.5959,-0.8512],[101.5035,-0.8115],[101.4203,-0.7397],[101.3958,-0.7387],[101.4076,-0.7207],[101.3959,-0.7003],[101.3554,-0.6873],[101.3598,-0.6593],[101.308,-0.627],[101.2538,-0.6254],[101.1623,-0.5363],[101.1058,-0.5016],[101.0689,-0.5006],[101.0248,-0.3984],[101.0429,-0.3843],[101.0364,-0.3494],[100.9964,-0.3144],[100.915,-0.3257],[100.9254,-0.3428],[100.9075,-0.3717],[100.8605,-0.332],[100.8465,-0.3394],[100.833,-0.3203],[100.8388,-0.2906],[100.781,-0.2304],[100.7833,-0.1907],[100.7509,-0.128],[100.7616,-0.1145],[100.7484,-0.0652],[100.7712,-0.0217],[100.7535,0.0649],[100.7922,0.1208],[100.7824,0.1643],[100.7476,0.1895],[100.6057,0.1835],[100.4641,0.2222],[100.4372,0.2479],[100.4041,0.3276],[100.3697,0.353],[100.2862,0.3274],[100.2773,0.4272],[100.2196,0.5249],[100.2065,0.5841],[100.2557,0.7094],[100.1305,0.809],[100.119,0.8283],[100.1372,0.8423],[100.1313,0.9029],[100.104,0.9055],[100.0819,0.9381],[100.1406,0.9511],[100.1447,0.9878],[100.1614,0.9992],[100.1263,1.0404],[100.1377,1.0645],[100.1113,1.069],[100.1022,1.0918],[100.1834,1.1211],[100.1305,1.1746],[100.1235,1.2549],[100.0943,1.3298],[100.0564,1.3511],[100.0581,1.3743],[100.081,1.3878],[100.2428,1.3927],[100.2694,1.4199],[100.3159,1.4165],[100.3376,1.4312],[100.2839,1.4639],[100.2955,1.4799],[100.3317,1.4795],[100.3234,1.4433],[100.3867,1.4532],[100.4293,1.4968],[100.4339,1.516],[100.4159,1.5371],[100.4553,1.6291],[100.4412,1.646],[100.4462,1.6719],[100.4114,1.6977],[100.4278,1.7311],[100.4186,1.7707],[100.3281,1.7882],[100.2854,1.8133],[100.3195,1.9032],[100.3249,2.0367],[100.3609,2.2079],[100.307,2.3574],[100.3024,2.4269],[100.3307,2.5342]]],[[[108.2132,3.661],[108.1555,3.6297],[108.1403,3.6601],[108.0891,3.6769],[108.1214,3.7469],[108.1406,3.7519],[108.1544,3.7359],[108.1542,3.7635],[108.1932,3.7828],[108.2809,3.7109],[108.2459,3.7711],[108.1952,3.8063],[108.0635,3.8347],[108.0168,3.8855],[108.0283,3.902],[107.9931,3.9445],[107.9925,4.0011],[107.9683,4.0097],[108.0629,4.0686],[108.1739,4.1716],[108.2158,4.2318],[108.2377,4.2187],[108.2304,4.1613],[108.2703,4.0826],[108.2987,4.0865],[108.2999,4.0564],[108.3995,3.9614],[108.3813,3.9358],[108.3858,3.8994],[108.3587,3.907],[108.3517,3.8786],[108.3595,3.8943],[108.3786,3.8894],[108.3757,3.8595],[108.4024,3.8897],[108.4079,3.8607],[108.3836,3.7938],[108.3106,3.7349],[108.2981,3.658],[108.2132,3.661]]],[[[102.7419,1.0],[102.7742,1.0055],[102.7922,0.981],[102.875,0.9508],[102.9471,0.8807],[103.0432,0.8215],[103.0448,0.7192],[103.0182,0.6873],[102.9866,0.6893],[102.9209,0.7685],[102.8623,0.7903],[102.6494,0.7927],[102.5783,0.7674],[102.4258,0.8329],[102.4026,0.8894],[102.4362,0.9396],[102.4697,0.9304],[102.4945,0.9442],[102.4546,1.0714],[102.4801,1.1312],[102.5424,1.1246],[102.6109,1.0502],[102.599,1.0254],[102.6092,0.9984],[102.6453,0.9924],[102.7273,1.0233],[102.7435,1.0165],[102.7419,1.0]]],[[[101.55,2.0494],[101.5933,2.1002],[101.6534,2.1284],[101.7032,2.0992],[101.7175,2.0484],[101.7354,2.045],[101.7769,1.9824],[101.7815,1.9399],[101.7488,1.8867],[101.728,1.7682],[101.6144,1.6912],[101.4507,1.729],[101.3802,1.9106],[101.3943,2.0084],[101.4212,2.0465],[101.4708,2.0683],[101.5146,2.0387],[101.55,2.0494]]],[[[104.4418,1.0],[104.4577,1.0172],[104.4961,1.0111],[104.4572,1.0553],[104.4224,1.038],[104.4062,1.0531],[104.381,1.0079],[104.3461,1.0182],[104.3251,1.0445],[104.3069,1.0352],[104.3412,1.023],[104.3362,1.0009],[104.2564,1.0004],[104.2305,1.0154],[104.239,1.0355],[104.2173,1.0633],[104.2226,1.089],[104.2457,1.1197],[104.331,1.1359],[104.3321,1.1623],[104.3151,1.1799],[104.343,1.1882],[104.3704,1.1757],[104.3964,1.2029],[104.5027,1.1663],[104.5375,1.1769],[104.5552,1.2211],[104.5897,1.2233],[104.5833,1.153],[104.6372,1.106],[104.6614,1.0427],[104.6338,0.9769],[104.6611,0.9137],[104.6209,0.9008],[104.6094,0.826],[104.594,0.8085],[104.556,0.8135],[104.4752,0.8488],[104.4907,0.8751],[104.4385,0.9057],[104.4374,0.9264],[104.4439,0.9359],[104.4893,0.9195],[104.5062,0.9371],[104.4965,0.9454],[104.4825,0.9255],[104.4145,0.9561],[104.4139,0.9781],[104.4679,0.9823],[104.4418,1.0]]],[[[102.4844,1.231],[102.4337,1.0753],[102.4799,0.9482],[102.431,0.9512],[102.4112,0.923],[102.3823,0.9136],[102.2736,1.006],[102.2298,1.1005],[102.2437,1.1927],[102.2009,1.2791],[102.2256,1.3495],[102.2056,1.4118],[102.2837,1.4181],[102.4844,1.231]]],[[[102.7958,1.0],[102.7874,1.0205],[102.7209,1.043],[102.6429,1.0094],[102.6186,1.0157],[102.6522,1.0395],[102.6843,1.1185],[102.7528,1.1606],[102.8961,1.1253],[102.9956,1.0764],[103.0947,0.9744],[103.1594,0.896],[103.1542,0.8517],[103.1285,0.8321],[103.0729,0.8294],[102.949,0.9057],[102.883,0.9668],[102.7958,1.0]]],[[[102.0,1.5939],[102.0,1.609],[102.058,1.6081],[102.1531,1.5762],[102.4568,1.5222],[102.4941,1.469],[102.4845,1.4449],[102.5037,1.2511],[102.3886,1.3309],[102.2875,1.4315],[102.1342,1.455],[102.0675,1.4943],[102.0237,1.5377],[102.0,1.5939]]],[[[104.588,-0.001],[104.6653,-0.0727],[104.6219,-0.0862],[104.6722,-0.1296],[104.6608,-0.0929],[104.6866,-0.0897],[104.7358,-0.1427],[104.7554,-0.193],[104.8149,-0.2058],[104.8137,-0.1567],[104.8294,-0.1374],[104.8985,-0.2356],[104.9693,-0.286],[104.9925,-0.2789],[105.0,-0.3071],[104.9213,-0.2807],[104.8989,-0.2979],[104.9312,-0.327],[104.9182,-0.3435],[104.9067,-0.3261],[104.8491,-0.3224],[104.7919,-0.2825],[104.7961,-0.2632],[104.7496,-0.2522],[104.7576,-0.2365],[104.7034,-0.2068],[104.6459,-0.2192],[104.5993,-0.2543],[104.5645,-0.2435],[104.5196,-0.2774],[104.5039,-0.2709],[104.5071,-0.2461],[104.4328,-0.2389],[104.4286,-0.1859],[104.4739,-0.161],[104.4709,-0.1415],[104.506,-0.1304],[104.5203,-0.0699],[104.4982,-0.0535],[104.4956,-0.0031],[104.5305,-0.014],[104.5491,0.001],[104.5475,0.03],[104.588,-0.001]]],[[[104.3608,-0.4344],[104.3392,-0.4229],[104.3488,-0.3887],[104.3585,-0.4099],[104.4021,-0.4113],[104.4303,-0.3867],[104.4254,-0.3643],[104.4458,-0.3396],[104.4749,-0.3383],[104.4827,-0.3556],[104.5312,-0.3715],[104.5948,-0.4762],[104.5896,-0.4973],[104.5653,-0.5003],[104.5312,-0.5455],[104.5039,-0.6482],[104.4585,-0.6227],[104.432,-0.5746],[104.3941,-0.6042],[104.3855,-0.6707],[104.3647,-0.6847],[104.3505,-0.6702],[104.3254,-0.549],[104.2411,-0.4891],[104.2769,-0.3985],[104.317,-0.3871],[104.328,-0.3416],[104.3388,-0.3874],[104.3102,-0.4207],[104.3311,-0.4496],[104.3372,-0.4402],[104.347,-0.4527],[104.3608,-0.4344]]],[[[103.5,0.6444],[103.4897,0.6246],[103.4633,0.6201],[103.4539,0.6366],[103.3969,0.6487],[103.3951,0.6761],[103.3545,0.7296],[103.341,0.8052],[103.3712,0.8985],[103.4849,0.8498],[103.528,0.8029],[103.5254,0.766],[103.5,0.7827],[103.5136,0.7432],[103.5,0.7067],[103.5168,0.6968],[103.5,0.6898],[103.52,0.689],[103.5,0.6444]]],[[[103.9617,1.0015],[103.916,1.0318],[103.8935,1.0832],[103.9135,1.092],[103.9241,1.067],[103.9361,1.0776],[103.9455,1.0616],[103.9311,1.0941],[103.945,1.099],[103.9205,1.1355],[103.9476,1.1409],[103.9686,1.1331],[103.9654,1.1192],[103.9789,1.133],[104.006,1.1177],[103.9929,1.1428],[104.0106,1.1365],[104.0083,1.1789],[104.0287,1.1872],[104.0246,1.1685],[104.0558,1.1555],[104.0483,1.1344],[104.0764,1.1164],[104.084,1.1421],[104.109,1.1388],[104.0751,1.1599],[104.0781,1.1845],[104.0956,1.1921],[104.1003,1.1768],[104.1033,1.196],[104.1314,1.1781],[104.1532,1.1357],[104.1395,1.0358],[104.1134,1.0286],[104.1035,1.0617],[104.067,1.0614],[104.1042,1.0381],[104.0822,1.0197],[104.1011,0.9792],[104.0769,0.9968],[104.067,0.9809],[104.0465,0.9992],[104.0418,0.9794],[104.0086,0.9822],[103.9882,1.0174],[103.9617,1.0015]]],[[[103.2012,0.7045],[103.2248,0.7036],[103.2727,0.6608],[103.2973,0.6092],[103.2976,0.553],[103.28,0.5286],[103.2103,0.5211],[103.1639,0.4964],[103.1313,0.5581],[103.1432,0.6637],[103.1546,0.686],[103.2012,0.7045]]],[[[105.8183,2.9725],[105.82,2.8869],[105.7984,2.8868],[105.7818,2.9089],[105.7624,2.8925],[105.7654,2.8708],[105.7205,2.8737],[105.7356,2.847],[105.7527,2.8548],[105.7692,2.8366],[105.724,2.8156],[105.6909,2.8509],[105.7064,2.9238],[105.694,2.9324],[105.714,2.9587],[105.713,2.9843],[105.6741,3.0063],[105.6909,3.003],[105.7056,3.0272],[105.6915,3.0589],[105.7112,3.0273],[105.739,3.0449],[105.7217,2.9942],[105.7422,2.9695],[105.7831,2.9712],[105.8029,2.9946],[105.8471,2.9874],[105.849,2.9549],[105.8183,2.9725]]],[[[104.1523,0.9026],[104.1663,0.9034],[104.1674,0.8653],[104.1847,0.8847],[104.1825,0.867],[104.224,0.8788],[104.2398,0.8592],[104.2676,0.8605],[104.2611,0.8391],[104.1836,0.7838],[104.1676,0.7864],[104.1462,0.8547],[104.1215,0.8594],[104.1184,0.8757],[104.094,0.8668],[104.0952,0.9236],[104.0786,0.9408],[104.0798,0.9564],[104.1223,0.9602],[104.1264,0.9357],[104.1558,0.9235],[104.1523,0.9026]]],[[[108.828,2.9484],[108.8383,2.9956],[108.8838,3.0084],[108.8875,2.9514],[108.8711,2.9384],[108.8853,2.939],[108.8877,2.9167],[108.8819,2.8826],[108.8216,2.8457],[108.7753,2.8819],[108.828,2.9484]]],[[[104.5491,0.1369],[104.5465,0.15],[104.5712,0.1412],[104.5436,0.1682],[104.5388,0.1468],[104.5056,0.1903],[104.5245,0.1845],[104.524,0.1994],[104.4764,0.2339],[104.4869,0.2457],[104.5368,0.2028],[104.5168,0.2461],[104.6637,0.073],[104.7036,0.0459],[104.7009,0.0177],[104.6228,0.0757],[104.6338,0.0794],[104.6274,0.0985],[104.621,0.0886],[104.6036,0.1016],[104.6168,0.0841],[104.6034,0.0842],[104.5491,0.1369]]],[[[103.3775,1.0001],[103.3111,1.0334],[103.3176,1.0691],[103.3059,1.0764],[103.331,1.1173],[103.3507,1.1327],[103.3689,1.1242],[103.3726,1.1381],[103.3882,1.1199],[103.3764,1.1076],[103.3898,1.0637],[103.4474,1.0017],[103.4344,0.9883],[103.3775,1.0001]]],[[[106.2055,3.1534],[106.1926,3.231],[106.2164,3.2153],[106.2244,3.2353],[106.2748,3.1947],[106.2709,3.1721],[106.2858,3.1787],[106.288,3.1604],[106.2664,3.1164],[106.2743,3.1057],[106.2811,3.1203],[106.2871,3.1039],[106.2758,3.0763],[106.2738,3.1021],[106.2592,3.092],[106.2474,3.1222],[106.2347,3.0951],[106.2218,3.129],[106.21,3.1179],[106.2055,3.1534]]],[[[103.8957,1.0],[103.9342,1.0016],[103.9649,0.9693],[103.9608,0.9345],[103.9378,0.9431],[103.9408,0.91],[103.8368,0.972],[103.837,1.0131],[103.8698,1.0011],[103.8565,1.0299],[103.8806,1.0302],[103.8762,1.0115],[103.8957,1.0]]],[[[103.8132,0.8356],[103.8345,0.8039],[103.8324,0.7513],[103.8195,0.751],[103.8187,0.7739],[103.7595,0.8006],[103.7718,0.813],[103.7405,0.8221],[103.7158,0.8719],[103.7643,0.8795],[103.8132,0.8356]]],[[[104.2633,0.748],[104.3088,0.7085],[104.2579,0.7095],[104.2496,0.6948],[104.2166,0.7273],[104.1963,0.7232],[104.1701,0.7791],[104.2623,0.801],[104.2779,0.7938],[104.2591,0.7716],[104.2633,0.748]]],[[[106.2948,3.3283],[106.2895,3.2516],[106.274,3.2626],[106.2725,3.298],[106.2588,3.2896],[106.2835,3.2286],[106.2649,3.2258],[106.2249,3.258],[106.2454,3.2891],[106.2324,3.3017],[106.2409,3.3433],[106.2638,3.3394],[106.267,3.3805],[106.2905,3.3832],[106.306,3.3671],[106.2922,3.3561],[106.2948,3.3283]]],[[[104.4667,0.0495],[104.4917,0.014],[104.4661,0.0218],[104.3915,0.0973],[104.378,0.1245],[104.4291,0.0884],[104.4099,0.1146],[104.4246,0.1114],[104.3996,0.1274],[104.3992,0.1604],[104.4904,0.0668],[104.4839,0.0444],[104.4554,0.0602],[104.4667,0.0495]]],[[[108.9747,2.5377],[108.9761,2.5578],[109.0106,2.5624],[109.066,2.5245],[109.1153,2.532],[109.1164,2.5091],[109.0823,2.4892],[109.0539,2.5003],[109.0186,2.4822],[109.009,2.5033],[109.0313,2.5233],[109.0035,2.5352],[108.9798,2.524],[108.9747,2.5377]]],[[[103.8845,0.8644],[103.906,0.8424],[103.8826,0.7964],[103.8284,0.8477],[103.8085,0.8967],[103.8845,0.8644]]],[[[103.4751,0.905],[103.48,0.8559],[103.4309,0.8708],[103.4013,0.9081],[103.4334,0.9261],[103.4751,0.905]]],[[[100.7454,2.1711],[100.733,2.229],[100.7507,2.2556],[100.788,2.1249],[100.7454,2.1711]]],[[[104.3532,0.3619],[104.4323,0.3103],[104.3936,0.3183],[104.4206,0.2986],[104.3926,0.2876],[104.3734,0.3203],[104.3703,0.3073],[104.3513,0.3142],[104.3355,0.3384],[104.3488,0.3473],[104.3244,0.376],[104.3532,0.3619]]],[[[104.4605,-0.285],[104.4738,-0.2809],[104.4898,-0.3106],[104.4593,-0.3304],[104.3872,-0.3031],[104.4054,-0.2861],[104.4605,-0.285]]],[[[106.1781,3.3127],[106.1697,3.3338],[106.2001,3.3462],[106.1992,3.3786],[106.2246,3.3933],[106.213,3.3588],[106.2361,3.3429],[106.2149,3.2945],[106.2,3.3255],[106.1884,3.2985],[106.1781,3.3127]]],[[[103.0756,0.773],[103.0914,0.8019],[103.1132,0.7877],[103.1126,0.7328],[103.0933,0.7176],[103.0732,0.7298],[103.0756,0.773]]],[[[100.883,2.0001],[100.8753,1.9885],[100.8031,2.0815],[100.8479,2.0672],[100.88,2.0295],[100.883,2.0001]]],[[[108,4.739],[107.9684,4.6756],[107.9343,4.6893],[107.9695,4.7195],[108,4.7771],[108,4.739]]],[[[104.2348,0.699],[104.2773,0.6759],[104.2872,0.612],[104.2089,0.7009],[104.2117,0.7207],[104.2348,0.699]]],[[[103.0604,0.6331],[103.0791,0.5924],[103.063,0.5626],[103.0228,0.6428],[103.0364,0.6632],[103.0604,0.6331]]],[[[107.5285,1.0087],[107.5314,1.0271],[107.5532,1.023],[107.601,0.991],[107.5518,0.9484],[107.5521,0.9721],[107.5737,0.9931],[107.5638,1.0036],[107.5447,0.9745],[107.5533,0.995],[107.539,0.9873],[107.5285,1.0087]]],[[[106.2075,2.7845],[106.1944,2.809],[106.2261,2.806],[106.2456,2.7699],[106.2358,2.7594],[106.2519,2.758],[106.2403,2.7316],[106.2659,2.7238],[106.2619,2.7138],[106.1986,2.756],[106.2215,2.7648],[106.2075,2.7845]]],[[[107.7573,2.9804],[107.7492,3.012],[107.8014,3.0214],[107.8124,2.9826],[107.7573,2.9804]]],[[[104.8119,1.0001],[104.7882,1.0025],[104.7836,1.026],[104.8487,1.0097],[104.8541,0.9839],[104.839,0.962],[104.8141,0.9631],[104.8302,0.9746],[104.8069,0.9866],[104.8119,1.0001]]],[[[103.7755,0.9999],[103.7531,1.0266],[103.7711,1.0286],[103.7734,1.0454],[103.7905,1.0323],[103.795,1.0426],[103.806,0.9727],[103.7834,0.9763],[103.7755,0.9999]]],[[[103.5,0.8621],[103.486,0.9292],[103.5291,0.8766],[103.5,0.8621]]],[[[104.7114,0.7893],[104.747,0.786],[104.7504,0.7533],[104.6911,0.7682],[104.6929,0.7914],[104.7114,0.7893]]],[[[106.3069,3.1144],[106.2986,3.1234],[106.2935,3.1044],[106.2834,3.1237],[106.3142,3.1682],[106.3095,3.134],[106.3318,3.1571],[106.3258,3.1381],[106.3397,3.1508],[106.341,3.1228],[106.3211,3.1203],[106.3072,3.0865],[106.3069,3.1144]]],[[[103.9007,0.7841],[103.8869,0.7941],[103.9071,0.8325],[103.9406,0.7794],[103.9175,0.7533],[103.9146,0.7893],[103.9007,0.7841]]],[[[103.729,0.7357],[103.7494,0.7365],[103.7333,0.7166],[103.74,0.6859],[103.6903,0.7146],[103.6898,0.731],[103.729,0.7357]]],[[[104.5085,0.7583],[104.5071,0.7719],[104.5438,0.7974],[104.5873,0.7814],[104.5381,0.7701],[104.5142,0.7421],[104.5085,0.7583]]],[[[107.427,0.9578],[107.426,0.9793],[107.4628,0.976],[107.4683,0.926],[107.4398,0.9329],[107.427,0.9578]]],[[[108.1231,3.6204],[108.1028,3.5859],[108.085,3.5966],[108.0657,3.5851],[108.0984,3.6344],[108.1231,3.6204]]],[[[103.6687,0.8134],[103.665,0.8327],[103.7032,0.8039],[103.7249,0.7577],[103.701,0.7559],[103.6687,0.8134]]],[[[104.6602,0.819],[104.6206,0.8077],[104.645,0.8669],[104.6643,0.8504],[104.6602,0.819]]],[[[103.4695,0.9504],[103.4662,0.921],[103.4401,0.9269],[103.4215,0.9577],[103.4695,0.9504]]],[[[100.6337,2.2235],[100.6704,2.2031],[100.685,2.1675],[100.6392,2.1952],[100.6337,2.2235]]],[[[104.3308,0.3218],[104.3651,0.3059],[104.3847,0.2757],[104.3534,0.2778],[104.3214,0.3102],[104.3308,0.3218]]],[[[104.074,0.9555],[104.0682,0.9121],[104.0472,0.9271],[104.0468,0.9606],[104.0606,0.9718],[104.074,0.9555]]],[[[104.6628,0.8564],[104.6766,0.8942],[104.6992,0.8867],[104.6944,0.8472],[104.6628,0.8564]]],[[[104.1908,0.5955],[104.2003,0.6113],[104.2293,0.5694],[104.2158,0.5763],[104.1957,0.5591],[104.1933,0.5702],[104.1962,0.5413],[104.1908,0.5955]]],[[[104.6142,0.7714],[104.5795,0.7563],[104.5879,0.7929],[104.6343,0.7911],[104.6142,0.7714]]],[[[104.3166,0.1489],[104.3331,0.1064],[104.2901,0.1408],[104.2885,0.175],[104.3166,0.1489]]],[[[103.8412,1.0351],[103.8469,1.0723],[103.8846,1.0505],[103.8476,1.0236],[103.8412,1.0351]]],[[[104.1905,-0.386],[104.1721,-0.3719],[104.1844,-0.363],[104.2321,-0.3712],[104.2298,-0.3873],[104.1905,-0.386]]],[[[104.1743,0.9543],[104.1974,0.9428],[104.1498,0.9342],[104.1436,0.9713],[104.1717,0.9711],[104.1743,0.9543]]],[[[104.7218,0.7356],[104.7175,0.759],[104.7615,0.7404],[104.7338,0.7167],[104.7218,0.7356]]],[[[108.0467,3.6572],[108.0713,3.6631],[108.0846,3.6389],[108.0501,3.6298],[108.0467,3.6572]]],[[[104.6409,0.8686],[104.6277,0.8514],[104.6183,0.8621],[104.6243,0.8965],[104.6586,0.8914],[104.6607,0.8771],[104.6409,0.8686]]],[[[105.9691,3.0749],[105.9819,3.0845],[105.9893,3.0715],[105.9767,3.0173],[105.9643,3.0233],[105.9691,3.0749]]],[[[104.2218,0.197],[104.2336,0.1996],[104.2399,0.1742],[104.2274,0.156],[104.1975,0.1704],[104.2218,0.197]]],[[[104.191,-0.4053],[104.1954,-0.3928],[104.2305,-0.3989],[104.2178,-0.429],[104.1961,-0.4252],[104.191,-0.4053]]],[[[106.3285,3.3815],[106.3266,3.4051],[106.3442,3.4147],[106.3374,3.3526],[106.3181,3.3221],[106.3285,3.3815]]],[[[103.6414,-0.0336],[103.6366,-0.0521],[103.6,-0.0217],[103.616,-0.0096],[103.6414,-0.0336]]],[[[103.5712,0.5426],[103.5761,0.5579],[103.6157,0.4969],[103.5946,0.4917],[103.5712,0.5426]]],[[[101.3913,1.8078],[101.3924,1.8279],[101.4058,1.8197],[101.4031,1.7599],[101.3913,1.8078]]],[[[104.5253,0.4257],[104.5571,0.4128],[104.5267,0.4129],[104.5318,0.3607],[104.513,0.4165],[104.5147,0.4342],[104.5253,0.4257]]],[[[104.455,0.8635],[104.4162,0.8771],[104.4546,0.8877],[104.4843,0.8694],[104.455,0.8635]]],[[[103.5611,0.443],[103.5879,0.4085],[103.5561,0.4226],[103.5434,0.4466],[103.5611,0.443]]],[[[108.8538,3.0318],[108.8365,3.0501],[108.8444,3.0617],[108.8688,3.0488],[108.8709,3.0205],[108.8494,3.0143],[108.8538,3.0318]]],[[[104.3596,0.1582],[104.3499,0.1883],[104.3814,0.1557],[104.3947,0.1137],[104.3596,0.1582]]],[[[108.0186,3.8167],[108.0321,3.764],[107.9961,3.8152],[108.0186,3.8167]]],[[[103.0938,0.6649],[103.1094,0.6708],[103.1154,0.6496],[103.0989,0.6279],[103.0938,0.6649]]],[[[104.6163,0.7351],[104.6618,0.7524],[104.6254,0.7138],[104.6163,0.7351]]],[[[103.0909,0.821],[103.1104,0.8116],[103.0783,0.796],[103.0676,0.8223],[103.0909,0.821]]],[[[104.7752,0.0461],[104.7769,0.0301],[104.732,0.0426],[104.7613,0.0467],[104.7658,0.0643],[104.7752,0.0461]]],[[[104.1846,1.0393],[104.1642,1.0246],[104.1676,1.0616],[104.1846,1.0393]]],[[[103.6829,0.6351],[103.7055,0.6195],[103.6861,0.6053],[103.6671,0.6385],[103.6829,0.6351]]],[[[103.5288,0.7702],[103.5333,0.7943],[103.5481,0.7893],[103.5431,0.7546],[103.5288,0.7702]]],[[[103.3817,1.1619],[103.4057,1.1276],[103.3748,1.1483],[103.3817,1.1619]]],[[[107.8432,4.1194],[107.8664,4.1642],[107.864,4.1302],[107.8432,4.1194]]],[[[108.8937,2.7256],[108.9203,2.7698],[108.9298,2.7639],[108.8937,2.7256]]],[[[103.4092,0.9236],[103.4063,0.942],[103.4248,0.9468],[103.4343,0.9315],[103.4092,0.9236]]],[[[104.3001,0.3402],[104.3204,0.327],[104.3109,0.3032],[104.299,0.3081],[104.3001,0.3402]]],[[[104.1713,0.9118],[104.159,0.9241],[104.1771,0.9371],[104.1906,0.926],[104.1713,0.9118]]],[[[107.916,3.8865],[107.8982,3.9138],[107.9231,3.9075],[107.916,3.8865]]],[[[104.1567,1.0],[104.1824,1.0234],[104.1858,1.006],[104.1683,0.9921],[104.1567,1.0]]],[[[104.2388,0.9927],[104.2581,0.994],[104.2622,0.9748],[104.2326,0.9761],[104.2388,0.9927]]],[[[105.707,3.0752],[105.6954,3.0986],[105.7329,3.0851],[105.707,3.0752]]],[[[104.1485,-0.3449],[104.1739,-0.352],[104.1504,-0.3645],[104.1485,-0.3449]]],[[[100.7718,2.2616],[100.7938,2.2675],[100.7651,2.2325],[100.7718,2.2616]]],[[[104.5025,0.1412],[104.515,0.1105],[104.482,0.1445],[104.5025,0.1412]]],[[[106.4046,3.1398],[106.4171,3.1544],[106.4357,3.1286],[106.4046,3.1398]]],[[[104.8379,-0.0398],[104.8775,-0.0819],[104.8365,-0.0544],[104.8379,-0.0398]]],[[[104.518,0.0],[104.5099,0.0111],[104.5301,0.0234],[104.5434,0.0105],[104.518,0.0]]],[[[104.6914,0.7526],[104.6912,0.7647],[104.7152,0.7591],[104.7008,0.7376],[104.6914,0.7526]]],[[[103.6511,-0.038],[103.6355,-0.0163],[103.672,-0.0406],[103.6511,-0.038]]],[[[104.3069,0.7546],[104.332,0.761],[104.3579,0.7391],[104.3069,0.7546]]],[[[106.0813,3.1387],[106.0837,3.1566],[106.0977,3.1392],[106.089,3.1223],[106.0813,3.1387]]],[[[106.1467,2.9264],[106.146,2.9152],[106.1112,2.9249],[106.1201,2.9385],[106.1467,2.9264]]],[[[103.6721,0.7388],[103.6876,0.7252],[103.6752,0.7117],[103.6535,0.7435],[103.6721,0.7388]]],[[[106.3418,3.0751],[106.3557,3.0941],[106.3525,3.0496],[106.3418,3.0751]]],[[[105.6558,3.1148],[105.671,3.0904],[105.6392,3.1107],[105.6558,3.1148]]],[[[104.4944,0.042],[104.5158,0.0471],[104.4959,0.0235],[104.4944,0.042]]],[[[104.0898,0.6404],[104.1056,0.6264],[104.0843,0.6038],[104.0781,0.646],[104.0898,0.6404]]],[[[103.9065,1.0238],[103.9055,1.0008],[103.8879,1.0245],[103.8984,1.035],[103.9065,1.0238]]],[[[104.4599,0.1221],[104.4727,0.096],[104.4452,0.1249],[104.4465,0.1379],[104.4599,0.1221]]],[[[107.3919,1.1011],[107.4045,1.113],[107.4168,1.0976],[107.3916,1.088],[107.3919,1.1011]]],[[[104.6106,0.7133],[104.6243,0.7115],[104.6188,0.6963],[104.5956,0.7031],[104.6106,0.7133]]],[[[104.3972,1.0],[104.3634,0.9921],[104.3911,1.0134],[104.3972,1.0]]],[[[104.2219,0.535],[104.2211,0.5565],[104.2363,0.5522],[104.2375,0.5314],[104.2219,0.535]]],[[[103.2908,1.1173],[103.2938,1.1425],[103.3041,1.1403],[103.3033,1.1153],[103.2908,1.1173]]],[[[104.2792,0.6774],[104.2759,0.6914],[104.298,0.692],[104.2973,0.6737],[104.2792,0.6774]]],[[[103.8001,1.0854],[103.7965,1.1067],[103.8194,1.086],[103.8001,1.0854]]],[[[104.054,0.9093],[104.0368,0.8897],[104.0416,0.9127],[104.054,0.9093]]],[[[103.4205,-0.7125],[103.4288,-0.7255],[103.4041,-0.7256],[103.4205,-0.7125]]],[[[106.4855,3.205],[106.4988,3.2026],[106.4968,3.1839],[106.4906,3.1968],[106.4745,3.1897],[106.4855,3.205]]],[[[106.4005,3.0368],[106.4027,3.0257],[106.416,3.035],[106.4072,3.0128],[106.3931,3.0252],[106.4005,3.0368]]],[[[108.0435,3.5568],[108.0326,3.5701],[108.0432,3.59],[108.0435,3.5568]]],[[[103.7512,0.8999],[103.7654,0.8817],[103.7413,0.8949],[103.7512,0.8999]]],[[[108.9541,2.4789],[108.9413,2.4811],[108.9441,2.5011],[108.9583,2.4967],[108.9541,2.4789]]],[[[104.3209,0.6845],[104.3285,0.6626],[104.3104,0.6635],[104.3209,0.6845]]],[[[101.3696,1.7925],[101.3779,1.8029],[101.3775,1.766],[101.3696,1.7925]]],[[[104.4572,0.3566],[104.4642,0.3656],[104.4889,0.3472],[104.4572,0.3566]]],[[[104.7468,0.9379],[104.7559,0.9183],[104.7334,0.9319],[104.732,0.9428],[104.7468,0.9379]]],[[[104.6147,0.8256],[104.6253,0.8365],[104.625,0.8193],[104.6091,0.8132],[104.6147,0.8256]]],[[[104.2232,-0.3472],[104.2312,-0.3297],[104.2338,-0.3568],[104.2232,-0.3472]]],[[[103.651,0.6123],[103.6298,0.6241],[103.6617,0.6179],[103.651,0.6123]]],[[[104.4555,0.2427],[104.4691,0.2263],[104.4314,0.2501],[104.4555,0.2427]]],[[[106.2822,3.3968],[106.2876,3.3867],[106.2655,3.3938],[106.2822,3.3968]]],[[[106.3898,3.3025],[106.4096,3.3095],[106.3933,3.2896],[106.3898,3.3025]]],[[[106.4461,3.2321],[106.4355,3.2385],[106.4485,3.2491],[106.4461,3.2321]]],[[[106.3016,3.2563],[106.2936,3.2339],[106.2954,3.275],[106.3016,3.2563]]],[[[104.4728,0.1746],[104.4803,0.1605],[104.4591,0.1644],[104.4728,0.1746]]],[[[103.9563,0.9207],[103.9647,0.9086],[103.9527,0.9052],[103.9563,0.9207]]],[[[106.4416,3.1751],[106.4303,3.1708],[106.4416,3.1974],[106.4416,3.1751]]],[[[103.6241,0.5213],[103.6333,0.5352],[103.6334,0.5155],[103.6241,0.5213]]],[[[103.7019,0.854],[103.6948,0.8374],[103.6903,0.8569],[103.7019,0.854]]],[[[104.1615,-0.3811],[104.1671,-0.372],[104.1753,-0.3908],[104.1615,-0.3811]]],[[[106.3837,3.1461],[106.3937,3.1533],[106.3972,3.1372],[106.3837,3.1461]]],[[[107.3696,1.011],[107.3576,1.0097],[107.3603,1.0229],[107.3696,1.011]]],[[[107.0108,0.6329],[107.0162,0.647],[107.0191,0.6243],[107.0108,0.6329]]],[[[104.3873,0.4851],[104.3698,0.4796],[104.3829,0.4957],[104.3873,0.4851]]],[[[103.6647,0.5637],[103.6595,0.5522],[103.6506,0.5709],[103.6647,0.5637]]],[[[103.339,0.9048],[103.3292,0.9023],[103.3342,0.917],[103.339,0.9048]]],[[[103.3792,0.9933],[103.3858,0.9823],[103.3677,0.9909],[103.3792,0.9933]]],[[[104.1184,0.9687],[104.1076,0.966],[104.1102,0.9805],[104.1184,0.9687]]],[[[104.1062,1.0126],[104.1181,1.0147],[104.1067,1.0009],[104.1062,1.0126]]],[[[106.1684,2.9583],[106.1551,2.9576],[106.1625,2.972],[106.1684,2.9583]]],[[[107.5068,0.9451],[107.4978,0.9337],[107.4973,0.95],[107.5068,0.9451]]],[[[103.9017,1.0478],[103.8942,1.0359],[103.8958,1.0591],[103.9017,1.0478]]],[[[104.0963,1.0154],[104.1075,1.0195],[104.0986,1.0027],[104.0963,1.0154]]],[[[104.1231,0.9932],[104.1329,0.9861],[104.1172,0.9838],[104.1231,0.9932]]]]},"properties":{"name":"RIAU"}},{"type":"Feature","geometry":{"type":"MultiPolygon","coordinates":[[[[119.5513,-0.8611],[119.6171,-0.8324],[119.6281,-0.795],[119.6831,-0.766],[119.6852,-0.7371],[119.6639,-0.7129],[119.7107,-0.6835],[119.7309,-0.6433],[119.7373,-0.6843],[119.7455,-0.6679],[119.7615,-0.6815],[119.7583,-0.7014],[119.7763,-0.7163],[119.8376,-0.877],[119.8683,-0.8833],[119.8779,-0.8601],[119.8822,-0.8208],[119.857,-0.7761],[119.8602,-0.7144],[119.8091,-0.6564],[119.7594,-0.4911],[119.7645,-0.3997],[119.7516,-0.3672],[119.8186,-0.1951],[119.7997,-0.1565],[119.8102,-0.1369],[119.7945,-0.1196],[119.723,-0.1454],[119.6739,-0.1203],[119.6055,-0.0074],[119.6644,-0.0187],[119.6741,-0.0016],[119.6624,0.0191],[119.7191,-0.0077],[119.7788,-0.1131],[119.8363,-0.1103],[119.8679,-0.0594],[119.8886,-0.0072],[119.8728,0.1129],[119.8594,0.1065],[119.7713,0.2123],[119.8079,0.2357],[119.8579,0.2129],[119.9051,0.2255],[119.8942,0.284],[119.8463,0.3332],[119.8898,0.3915],[119.8831,0.457],[119.9026,0.478],[120.0004,0.4811],[120.0472,0.5103],[120.0169,0.6522],[120.0416,0.7145],[120.0579,0.71],[120.0673,0.7333],[120.1039,0.7483],[120.1275,0.7385],[120.1728,0.7545],[120.237,0.7977],[120.2463,0.958],[120.2854,0.9768],[120.2813,0.9868],[120.3555,0.9841],[120.3284,0.8539],[120.3604,0.8278],[120.3761,0.8658],[120.3763,0.8303],[120.3993,0.7924],[120.4752,0.778],[120.4996,0.794],[120.5361,0.7911],[120.5588,0.7723],[120.5512,0.7557],[120.5989,0.7514],[120.5771,0.7692],[120.6131,0.8096],[120.6062,0.8718],[120.6389,0.9404],[120.6747,0.9496],[120.6741,0.9664],[120.6832,0.9508],[120.6939,0.9516],[120.6851,0.9624],[120.7344,0.9653],[120.7476,1.0054],[120.8103,1.0396],[120.798,1.0935],[120.7763,1.1122],[120.7884,1.1699],[120.8248,1.187],[120.8064,1.3301],[120.8371,1.3189],[120.8812,1.3276],[120.9049,1.3615],[120.9148,1.3456],[120.898,1.3394],[120.9045,1.3243],[120.8903,1.3309],[120.8935,1.3109],[120.9269,1.3244],[120.9206,1.335],[120.9407,1.3546],[120.9729,1.3497],[121.0613,1.3078],[121.1006,1.321],[121.257,1.2355],[121.3381,1.2674],[121.3556,1.2536],[121.4008,1.2658],[121.4354,1.3131],[121.4654,1.3121],[121.462,1.257],[121.4143,1.2402],[121.4344,1.2303],[121.4231,1.186],[121.4815,1.114],[121.5761,1.0641],[121.6384,1.0672],[121.6622,1.0449],[121.6607,1.0669],[121.6933,1.0776],[121.7261,1.0433],[121.7197,1.0868],[121.7508,1.0676],[121.8343,1.0981],[121.8884,1.0861],[121.9368,1.1067],[121.9571,1.06],[121.9664,1.0653],[121.9603,1.0468],[121.9898,1.0274],[122.0491,1.0514],[122.0697,1.0775],[122.0824,1.0635],[122.1154,1.0715],[122.1264,1.0516],[122.1596,1.0528],[122.1698,1.0354],[122.1881,1.0453],[122.0464,0.9833],[122.0253,0.9491],[121.9939,0.941],[121.9802,0.895],[121.9048,0.9639],[121.8596,0.9722],[121.5248,0.8552],[121.386,0.8707],[121.313,0.837],[121.2689,0.7967],[121.2299,0.7115],[121.1686,0.6906],[121.2557,0.5904],[121.3545,0.5713],[121.361,0.4946],[121.3453,0.4743],[121.2796,0.4962],[121.2413,0.4597],[121.1832,0.4594],[121.155,0.4096],[121.0848,0.3977],[121.0325,0.4392],[120.9037,0.3939],[120.8586,0.4409],[120.8177,0.448],[120.8156,0.4722],[120.7702,0.4561],[120.6913,0.5118],[120.5112,0.5111],[120.4386,0.4624],[120.413,0.4732],[120.3041,0.4136],[120.2115,0.27],[120.133,0.1854],[120.1209,0.1559],[120.1325,0.1251],[120.1037,0.0903],[120.0944,-0.0338],[120.0337,-0.0653],[120.0398,-0.1415],[120.0076,-0.1779],[120.0077,-0.2872],[120.0304,-0.3045],[120.037,-0.3828],[120.0706,-0.4436],[120.0463,-0.4983],[120.0555,-0.6341],[120.1315,-0.7752],[120.1733,-0.8002],[120.1942,-0.8478],[120.2184,-0.8456],[120.308,-0.9668],[120.3446,-0.957],[120.3694,-0.9277],[120.4095,-0.9249],[120.4587,-0.9933],[120.5066,-1.001],[120.5841,-1.1139],[120.5917,-1.1695],[120.5694,-1.2022],[120.5696,-1.2589],[120.6381,-1.3142],[120.6409,-1.3701],[120.6742,-1.4184],[120.6899,-1.4211],[120.7298,-1.3847],[120.7512,-1.3886],[120.7634,-1.3668],[120.7847,-1.3751],[120.8027,-1.3526],[120.8422,-1.3611],[120.8378,-1.3987],[120.8587,-1.4158],[120.9421,-1.418],[120.9778,-1.4029],[121.0125,-1.4224],[121.0359,-1.418],[121.036,-1.4374],[121.0976,-1.4396],[121.1582,-1.3703],[121.2181,-1.2049],[121.2769,-1.159],[121.3246,-1.0731],[121.3884,-1.036],[121.3924,-1.0063],[121.4467,-0.9748],[121.4737,-0.8996],[121.5876,-0.8694],[121.6032,-0.8464],[121.5934,-0.8314],[121.6508,-0.8064],[121.6671,-0.8589],[121.6548,-0.9137],[121.6676,-0.9249],[121.7682,-0.9731],[121.8266,-0.9597],[121.8598,-0.9824],[121.9497,-0.997],[122.008,-0.9393],[122.1045,-0.9625],[122.1484,-0.9134],[122.1511,-0.8643],[122.1677,-0.8471],[122.1594,-0.8208],[122.1884,-0.8169],[122.2012,-0.7899],[122.4154,-0.787],[122.4581,-0.7624],[122.5112,-0.7716],[122.5249,-0.7905],[122.5762,-0.7879],[122.6135,-0.7645],[122.643,-0.7717],[122.6447,-0.7955],[122.684,-0.8147],[122.7241,-0.8152],[122.7802,-0.7776],[122.9548,-0.7596],[122.9503,-0.7417],[122.8895,-0.7429],[122.8625,-0.7147],[122.7775,-0.7088],[122.7208,-0.6656],[122.7727,-0.6756],[122.8117,-0.6347],[122.8376,-0.6473],[122.8589,-0.625],[122.8767,-0.6432],[122.8927,-0.6201],[122.9163,-0.6319],[122.9512,-0.6228],[122.9354,-0.6361],[122.9564,-0.6488],[122.9663,-0.6253],[123.0495,-0.5967],[123.0592,-0.5694],[123.168,-0.5898],[123.1981,-0.5744],[123.2664,-0.588],[123.3943,-0.6495],[123.4108,-0.6639],[123.3818,-0.6753],[123.4213,-0.7263],[123.4433,-0.7163],[123.4272,-0.7525],[123.4465,-0.7504],[123.4568,-0.7764],[123.431,-0.808],[123.4384,-0.8473],[123.4078,-0.8644],[123.3896,-0.8987],[123.3908,-0.9617],[123.3707,-0.9855],[123.3744,-1.0037],[123.3184,-1.0542],[123.2634,-1.0513],[123.1737,-0.9629],[123.1391,-0.9589],[123.1322,-0.9046],[123.1486,-0.9055],[123.1475,-0.8893],[123.098,-0.8385],[123.0598,-0.8712],[123.073,-0.8877],[123.0559,-0.8981],[123.0733,-0.9016],[123.0418,-0.9042],[123.0398,-0.8748],[123.0216,-0.8976],[123.0385,-0.9139],[123.004,-0.8984],[122.79,-0.95],[122.7926,-1.0087],[122.7237,-1.0856],[122.7099,-1.1327],[122.6664,-1.1356],[122.6572,-1.1639],[122.6324,-1.1719],[122.6296,-1.2309],[122.5558,-1.2658],[122.5591,-1.3066],[122.4952,-1.3519],[122.478,-1.3929],[122.4097,-1.4373],[122.3905,-1.4887],[122.2877,-1.5388],[122.2177,-1.5978],[122.1832,-1.6076],[122.16,-1.5942],[122.0893,-1.617],[122.0329,-1.6087],[121.963,-1.674],[121.9262,-1.6785],[121.9075,-1.6974],[121.8947,-1.6725],[121.8865,-1.6846],[121.8638,-1.6683],[121.8686,-1.7034],[121.8899,-1.7032],[121.8613,-1.7051],[121.8541,-1.6909],[121.8105,-1.7288],[121.7491,-1.8872],[121.6846,-1.9433],[121.5691,-1.9523],[121.5259,-1.8931],[121.4905,-1.8693],[121.465,-1.8775],[121.4741,-1.8555],[121.4536,-1.867],[121.4723,-1.8364],[121.4503,-1.8036],[121.4227,-1.8206],[121.4113,-1.8076],[121.3722,-1.8098],[121.3331,-1.7742],[121.2953,-1.7995],[121.2911,-1.8583],[121.3249,-1.8653],[121.3446,-1.8472],[121.3608,-1.8749],[121.3336,-1.8784],[121.3493,-1.8985],[121.3294,-1.9002],[121.308,-1.9328],[121.351,-1.9524],[121.3429,-2.0046],[121.3791,-1.9786],[121.3774,-1.9193],[121.4152,-1.9101],[121.4481,-1.9869],[121.4966,-2.0243],[121.5028,-2.0621],[121.5322,-2.0502],[121.5499,-2.1719],[121.6095,-2.1894],[121.6599,-2.1898],[121.6746,-2.1748],[121.7224,-2.2011],[121.7929,-2.2902],[121.823,-2.2964],[121.838,-2.3471],[121.9641,-2.5282],[121.998,-2.6282],[122.0317,-2.6564],[122.0345,-2.6697],[122.0034,-2.6862],[122.0082,-2.7194],[122.0828,-2.7883],[122.1389,-2.7903],[122.1814,-2.8235],[122.1806,-2.8699],[122.208,-2.8979],[122.2498,-2.8779],[122.3186,-2.9142],[122.305,-2.9565],[122.2508,-3.024],[122.3333,-3.0835],[122.3754,-3.1409],[122.4279,-3.1255],[122.4486,-3.1612],[122.4686,-3.1489],[122.4869,-3.1789],[122.4255,-3.2026],[122.4286,-3.2815],[122.4033,-3.2405],[122.382,-3.2613],[122.3723,-3.2448],[122.3556,-3.2523],[122.3672,-3.2252],[122.3258,-3.2357],[122.3128,-3.2711],[122.286,-3.2539],[122.2944,-3.1952],[122.2725,-3.1348],[122.237,-3.1372],[122.1904,-3.0943],[122.1916,-3.0326],[122.1201,-3.0125],[122.1085,-2.9672],[121.987,-2.9618],[121.9495,-2.943],[121.8934,-2.7931],[121.8127,-2.7575],[121.7005,-2.5488],[121.6252,-2.53],[121.5695,-2.4963],[121.4996,-2.4922],[121.3235,-2.3739],[121.1765,-2.3368],[120.9355,-2.2311],[120.8217,-2.2072],[120.7614,-2.2301],[120.7033,-2.2126],[120.5785,-2.1225],[120.4805,-1.9988],[120.4643,-1.9529],[120.3963,-1.8856],[120.3831,-1.8901],[120.334,-2.0545],[120.2661,-2.0223],[120.1819,-2.0291],[120.1196,-2.0083],[120.0876,-1.9625],[119.9949,-1.9633],[119.9586,-2.0046],[119.8778,-2.0493],[119.8112,-2.0404],[119.8436,-1.9722],[119.8724,-1.9499],[119.8599,-1.8775],[119.9009,-1.8516],[119.905,-1.8004],[119.8658,-1.7708],[119.7549,-1.7564],[119.7759,-1.6933],[119.7538,-1.6536],[119.7282,-1.6451],[119.7354,-1.6126],[119.6691,-1.5457],[119.6566,-1.5031],[119.6917,-1.4506],[119.667,-1.443],[119.6386,-1.4052],[119.5883,-1.3964],[119.5797,-1.4245],[119.5434,-1.4381],[119.5386,-1.4241],[119.506,-1.4522],[119.518,-1.4163],[119.5059,-1.4179],[119.5002,-1.3955],[119.4506,-1.396],[119.4227,-1.3578],[119.4345,-1.3342],[119.5054,-1.3099],[119.5045,-1.2947],[119.4671,-1.3046],[119.4746,-1.2858],[119.5668,-1.274],[119.5811,-1.2561],[119.5798,-1.2135],[119.6097,-1.1204],[119.5867,-1.1196],[119.5699,-1.0279],[119.5496,-1.0065],[119.5513,-0.8611]],[[120.0564,-1.3113],[120.0496,-1.3307],[120.0748,-1.3546],[120.0963,-1.3342],[120.1063,-1.2803],[120.0664,-1.2898],[120.0564,-1.3113]],[[120.5319,-1.8738],[120.5246,-1.9091],[120.5539,-1.9217],[120.564,-1.9676],[120.6063,-1.9957],[120.6318,-2.0598],[120.6543,-2.0741],[120.6898,-2.0639],[120.7072,-2.0244],[120.6811,-1.9936],[120.6623,-1.8918],[120.6277,-1.832],[120.6403,-1.7649],[120.6113,-1.7712],[120.5994,-1.7909],[120.5301,-1.7894],[120.5319,-1.8738]]],[[[123.1695,-1.6346],[123.1561,-1.6432],[123.1545,-1.617],[123.1021,-1.5946],[123.1123,-1.5674],[123.1858,-1.5174],[123.1599,-1.4196],[123.1644,-1.3099],[123.149,-1.3036],[123.1245,-1.3243],[123.1184,-1.3124],[123.0034,-1.5216],[122.9513,-1.5515],[122.905,-1.6067],[122.8489,-1.5836],[122.8562,-1.5621],[122.8389,-1.5114],[122.8378,-1.5229],[122.8192,-1.5003],[122.8206,-1.4806],[122.7948,-1.4847],[122.7845,-1.461],[122.7911,-1.386],[122.824,-1.2818],[122.8762,-1.2391],[122.8991,-1.1867],[122.9433,-1.187],[122.9736,-1.2145],[123.106,-1.1685],[123.1447,-1.2121],[123.1624,-1.1615],[123.1857,-1.1615],[123.2145,-1.2115],[123.2459,-1.2333],[123.2283,-1.2411],[123.2182,-1.2763],[123.1859,-1.2703],[123.1984,-1.289],[123.183,-1.324],[123.1958,-1.3191],[123.1928,-1.3355],[123.2277,-1.3646],[123.2426,-1.4025],[123.2846,-1.3607],[123.2828,-1.3214],[123.3125,-1.3086],[123.369,-1.2259],[123.397,-1.2365],[123.4026,-1.221],[123.4051,-1.2563],[123.4282,-1.2699],[123.4439,-1.2665],[123.4395,-1.2351],[123.486,-1.2709],[123.5182,-1.2665],[123.5567,-1.2849],[123.5377,-1.4028],[123.4586,-1.5197],[123.442,-1.5083],[123.4155,-1.5328],[123.3748,-1.5001],[123.3589,-1.5265],[123.3563,-1.4737],[123.3301,-1.456],[123.3253,-1.4217],[123.2949,-1.4164],[123.2783,-1.4453],[123.257,-1.4485],[123.2399,-1.5561],[123.2593,-1.6385],[123.2399,-1.6458],[123.2296,-1.5998],[123.1695,-1.6346]]],[[[123.4767,-1.6562],[123.4809,-1.6185],[123.4989,-1.6034],[123.4967,-1.5838],[123.4781,-1.5762],[123.4838,-1.5399],[123.5074,-1.5006],[123.526,-1.5108],[123.5322,-1.4775],[123.5663,-1.5519],[123.5627,-1.5993],[123.5803,-1.6107],[123.5961,-1.593],[123.6277,-1.6247],[123.6076,-1.6373],[123.6155,-1.6949],[123.5763,-1.7268],[123.5402,-1.7249],[123.5194,-1.6998],[123.5124,-1.7213],[123.4902,-1.7094],[123.4767,-1.6562]]],[[[121.9147,-0.4536],[121.9177,-0.5186],[121.8874,-0.5415],[121.8707,-0.5374],[121.8807,-0.5245],[121.8623,-0.4981],[121.8255,-0.5032],[121.8591,-0.5188],[121.8296,-0.5339],[121.7744,-0.5009],[121.7405,-0.5068],[121.7014,-0.5644],[121.6587,-0.5761],[121.6519,-0.5449],[121.6706,-0.5345],[121.699,-0.4716],[121.7237,-0.4721],[121.7364,-0.4515],[121.7657,-0.4608],[121.7548,-0.4314],[121.77,-0.4173],[121.7833,-0.4515],[121.8643,-0.4127],[121.9147,-0.4536]]],[[[121.9652,-0.4204],[121.9183,-0.4342],[121.9222,-0.4528],[121.8722,-0.416],[121.8585,-0.3745],[121.8975,-0.3364],[121.9218,-0.354],[121.9233,-0.3747],[121.9467,-0.3566],[121.9639,-0.3631],[121.9452,-0.3366],[121.9281,-0.3457],[121.9219,-0.3295],[121.9368,-0.3254],[121.9648,-0.3282],[121.9694,-0.3507],[121.998,-0.3409],[121.9771,-0.3557],[122.0119,-0.3705],[122.0215,-0.3553],[122.0366,-0.3658],[122.0406,-0.3441],[122.0629,-0.3979],[122.0511,-0.4221],[122.0245,-0.4284],[122.0068,-0.3997],[122.0051,-0.4216],[121.9798,-0.4212],[121.9771,-0.4343],[121.9652,-0.4204]]],[[[123.1359,-1.7806],[123.134,-1.7993],[123.1546,-1.8184],[123.1442,-1.8627],[123.116,-1.872],[123.0927,-1.9124],[123.0636,-1.92],[123.0615,-1.8323],[123.0928,-1.7691],[123.1016,-1.7606],[123.1359,-1.7806]]],[[[122.096,-0.4034],[122.0949,-0.4471],[122.0702,-0.4241],[122.0685,-0.4362],[122.0747,-0.4182],[122.0609,-0.4104],[122.0786,-0.3964],[122.0649,-0.3967],[122.0553,-0.3593],[122.0868,-0.2719],[122.1042,-0.3428],[122.1324,-0.3581],[122.1364,-0.3434],[122.1499,-0.3986],[122.126,-0.4254],[122.096,-0.4034]]],[[[123.8604,-1.997],[123.8384,-2.017],[123.789,-1.9799],[123.7709,-1.9206],[123.7875,-1.879],[123.8504,-1.9457],[123.8604,-1.997]]],[[[122.3624,-0.3626],[122.338,-0.2913],[122.3148,-0.2912],[122.2972,-0.26],[122.2857,-0.271],[122.2803,-0.2579],[122.2732,-0.2704],[122.2434,-0.2604],[122.2248,-0.215],[122.3711,-0.2751],[122.3615,-0.3329],[122.3904,-0.3954],[122.3624,-0.3626]]],[[[121.6208,-0.2119],[121.5893,-0.2135],[121.563,-0.1807],[121.5867,-0.1379],[121.6248,-0.1238],[121.6489,-0.137],[121.6542,-0.1686],[121.6454,-0.1994],[121.6208,-0.2119]]],[[[123.3126,-1.7208],[123.3786,-1.6718],[123.3883,-1.7219],[123.3553,-1.7429],[123.3375,-1.7378],[123.3149,-1.7843],[123.2686,-1.7965],[123.3126,-1.7208]]],[[[122.5863,-3.3558],[122.565,-3.3538],[122.579,-3.2652],[122.569,-3.2019],[122.5936,-3.194],[122.6083,-3.3005],[122.6063,-3.3338],[122.5863,-3.3558]]],[[[123.3255,-1.2008],[123.299,-1.2902],[123.2748,-1.213],[123.3115,-1.1774],[123.3255,-1.2008]]],[[[122.1703,-0.2763],[122.1709,-0.2547],[122.1465,-0.2646],[122.1415,-0.2487],[122.1996,-0.2129],[122.1814,-0.2594],[122.2065,-0.2498],[122.2435,-0.2842],[122.2274,-0.3003],[122.221,-0.2838],[122.2039,-0.294],[122.1964,-0.2763],[122.1703,-0.2763]]],[[[120.3922,1.0352],[120.3826,1.011],[120.3625,1.0343],[120.3863,1.0829],[120.3998,1.067],[120.3922,1.0352]]],[[[122.5519,-0.4952],[122.5971,-0.4824],[122.6128,-0.5024],[122.555,-0.5238],[122.5198,-0.5042],[122.5519,-0.4952]]],[[[123.7268,-1.9073],[123.7352,-1.8978],[123.7428,-1.916],[123.7422,-1.9486],[123.7185,-1.9606],[123.7026,-1.9443],[123.7268,-1.9073]]],[[[123.6596,-1.9004],[123.662,-1.9645],[123.6363,-1.9441],[123.6423,-1.9045],[123.6596,-1.9004]]],[[[122.8947,-2.1685],[122.8787,-2.1402],[122.8947,-2.1278],[122.9142,-2.1331],[122.9177,-2.1579],[122.8947,-2.1685]]],[[[122.0427,-0.2559],[122.088,-0.2493],[122.0371,-0.28],[122.0231,-0.2728],[122.0427,-0.2559]]],[[[122.4054,-3.0275],[122.4299,-3.0441],[122.4254,-3.0592],[122.3891,-3.0393],[122.4054,-3.0275]]],[[[120.6558,1.0458],[120.664,1.0203],[120.6376,1.0518],[120.5984,1.0671],[120.6152,1.0724],[120.6558,1.0458]]],[[[123.6721,-1.9001],[123.6869,-1.883],[123.6932,-1.9271],[123.6721,-1.9001]]],[[[122.5074,-3.0621],[122.5188,-3.0889],[122.4829,-3.081],[122.4882,-3.0603],[122.5074,-3.0621]]],[[[121.3809,-1.8409],[121.404,-1.8382],[121.4068,-1.8561],[121.3795,-1.866],[121.37,-1.8519],[121.3809,-1.8409]]],[[[123.626,-2.1633],[123.6366,-2.142],[123.665,-2.1615],[123.626,-2.1633]]],[[[120.6898,0.9677],[120.7004,0.9888],[120.7043,0.9741],[120.7067,0.9863],[120.7255,0.975],[120.7155,0.9602],[120.6898,0.9677]]],[[[122.3153,-3.0001],[122.3617,-3.0135],[122.3406,-3.0225],[122.3153,-3.0001]]],[[[120.706,1.0],[120.7402,1.0],[120.71,0.9862],[120.706,1.0]]],[[[122.3197,-0.3904],[122.3183,-0.3741],[122.3427,-0.3674],[122.3375,-0.3911],[122.3197,-0.3904]]],[[[123.2897,-1.1534],[123.3005,-1.1632],[123.2787,-1.1846],[123.2897,-1.1534]]],[[[123.691,-1.8702],[123.7121,-1.8658],[123.7014,-1.9057],[123.691,-1.8702]]],[[[123.5282,-1.7535],[123.5397,-1.7322],[123.544,-1.7521],[123.5294,-1.7684],[123.5282,-1.7535]]],[[[119.8685,0.5283],[119.8786,0.5182],[119.8524,0.5046],[119.8568,0.5302],[119.8685,0.5283]]],[[[122.3688,-3.0303],[122.3861,-3.0396],[122.3604,-3.0419],[122.3688,-3.0303]]],[[[123.2807,-2.1526],[123.2772,-2.1384],[123.3002,-2.1367],[123.302,-2.1508],[123.2807,-2.1526]]],[[[123.3666,-1.8645],[123.3809,-1.8789],[123.3877,-1.8698],[123.3815,-1.8857],[123.3666,-1.8645]]],[[[123.4666,-2.2465],[123.4578,-2.2306],[123.4808,-2.2377],[123.4666,-2.2465]]],[[[123.4773,-1.9368],[123.4905,-1.945],[123.4718,-1.9499],[123.4773,-1.9368]]],[[[123.5447,-1.9284],[123.5319,-1.924],[123.5412,-1.9107],[123.5447,-1.9284]]],[[[122.4811,-3.0679],[122.4779,-3.0778],[122.4625,-3.0615],[122.4811,-3.0679]]],[[[121.8472,-0.3654],[121.8437,-0.3547],[121.8707,-0.3548],[121.8472,-0.3654]]],[[[122.3966,-3.3136],[122.4035,-3.3315],[122.3915,-3.331],[122.3966,-3.3136]]],[[[122.1208,-0.2633],[122.1121,-0.2734],[122.1056,-0.2625],[122.1208,-0.2633]]],[[[120.8805,1.3721],[120.8915,1.3774],[120.8864,1.3631],[120.8805,1.3721]]],[[[119.9035,0.4928],[119.9053,0.4806],[119.8926,0.4895],[119.9035,0.4928]]],[[[122.7781,-1.5127],[122.7789,-1.5014],[122.7885,-1.5096],[122.781,-1.525],[122.7781,-1.5127]]]]},"properties":{"name":"SULAWESI TENGAH"}},{"type":"Feature","geometry":{"type":"MultiPolygon","coordinates":[[[[113.9181,0.9793],[113.8932,1.046],[113.9431,1.063],[113.9847,1.1428],[114.0316,1.1474],[114.048,1.1327],[114.0818,1.1618],[114.1005,1.1488],[114.1196,1.1564],[114.1412,1.1991],[114.1275,1.2239],[114.1623,1.2665],[114.1432,1.2928],[114.1492,1.3787],[114.2132,1.4116],[114.2377,1.4446],[114.2878,1.4518],[114.4025,1.5173],[114.5385,1.4357],[114.5714,1.4354],[114.6063,1.4973],[114.6105,1.575],[114.6585,1.6025],[114.7068,1.6755],[114.7121,1.7824],[114.6963,1.8124],[114.7233,1.8337],[114.7215,1.8575],[114.7458,1.8681],[114.7867,1.8531],[114.8218,1.8968],[114.8562,1.8991],[114.8791,1.9202],[114.8519,1.9674],[114.8916,2.0219],[114.8657,2.0352],[114.8198,2.0158],[114.8057,2.0449],[114.819,2.0567],[114.8061,2.0753],[114.8153,2.1039],[114.7861,2.1271],[114.803,2.2438],[114.9175,2.2609],[114.959,2.292],[114.9435,2.3226],[114.9593,2.3658],[114.9935,2.352],[115.0469,2.3873],[115.0512,2.4053],[115.0913,2.4045],[115.1009,2.438],[115.1348,2.4692],[115.1968,2.471],[115.2403,2.4988],[115.2394,2.5298],[115.2149,2.5399],[115.1737,2.6057],[115.1162,2.5883],[115.0967,2.6125],[115.1198,2.6624],[115.1065,2.7226],[115.1425,2.7526],[115.1528,2.7983],[115.0934,2.8333],[115.1493,2.8823],[115.1626,2.9334],[115.2433,2.9769],[115.2829,3.0529],[115.3192,3.0206],[115.3283,2.9866],[115.3954,2.99],[115.4303,3.0294],[115.494,3.0379],[115.5182,3.0721],[115.5245,3.1361],[115.5621,3.1646],[115.522,3.2101],[115.5494,3.3763],[115.5912,3.4542],[115.6133,3.4495],[115.6276,3.4194],[115.6551,3.4485],[115.6115,3.523],[115.609,3.5769],[115.5778,3.6132],[115.5792,3.7332],[115.6197,3.8629],[115.5663,3.9232],[115.5814,3.9456],[115.6177,3.9476],[115.6415,3.9686],[115.7053,4.1906],[115.7303,4.1913],[115.7755,4.2446],[115.8082,4.2218],[115.8279,4.2282],[115.8346,4.2595],[115.8777,4.295],[115.869,4.3196],[115.8879,4.3898],[115.9095,4.3879],[115.9352,4.3534],[116.0036,4.3457],[116.0304,4.328],[116.0404,4.2914],[116.0772,4.2705],[116.1153,4.3328],[116.1562,4.3437],[116.1696,4.3843],[116.2713,4.3611],[116.3575,4.3834],[116.4278,4.3276],[116.4445,4.2892],[116.4755,4.301],[116.4882,4.3323],[116.5357,4.3261],[116.5342,4.3667],[116.5668,4.4039],[116.5819,4.3771],[116.6098,4.3661],[116.6239,4.3313],[116.6659,4.3462],[116.7104,4.3378],[116.7488,4.382],[116.7878,4.3383],[116.8098,4.3436],[116.8289,4.3265],[116.9085,4.3645],[116.9615,4.338],[117,4.3398],[117.0182,4.3169],[117.0447,4.3438],[117.2032,4.3361],[117.2482,4.3727],[117.318,4.3087],[117.373,4.2879],[117.4245,4.2431],[117.4665,4.176],[117.5296,4.1639],[117.5396,4.1798],[117.547,4.1685],[117.5743,4.1821],[117.5932,4.1742],[117.5453,4.1394],[117.5239,4.0988],[117.4156,4.1417],[117.4078,4.1288],[117.4309,4.0945],[117.4728,4.0812],[117.4759,4.0441],[117.5035,4.0514],[117.5463,4.0199],[117.6014,3.9287],[117.6438,3.907],[117.686,3.909],[117.6828,3.8688],[117.7335,3.8318],[117.7302,3.8072],[117.7774,3.7814],[117.7884,3.7525],[117.7292,3.7514],[117.6406,3.7785],[117.5158,3.7777],[117.4792,3.7429],[117.4695,3.7046],[117.4262,3.6702],[117.4865,3.6658],[117.4971,3.6306],[117.5212,3.6317],[117.4949,3.5906],[117.3894,3.6337],[117.2777,3.6124],[117.1583,3.6391],[117.0781,3.6295],[117.037,3.6033],[117.1445,3.6162],[117.2319,3.6002],[117.1983,3.5335],[117.2171,3.4931],[117.2574,3.4669],[117.3255,3.4561],[117.3022,3.4432],[117.3111,3.4069],[117.2886,3.4238],[117.2799,3.3823],[117.2683,3.3887],[117.2803,3.3795],[117.2924,3.4219],[117.3308,3.3929],[117.3263,3.3573],[117.2942,3.3564],[117.3061,3.3361],[117.2978,3.3157],[117.3077,3.3325],[117.2968,3.3565],[117.3284,3.3534],[117.3351,3.3826],[117.3095,3.4426],[117.3588,3.4423],[117.3729,3.4077],[117.4136,3.3861],[117.4121,3.3227],[117.3929,3.319],[117.3933,3.3492],[117.375,3.3529],[117.391,3.3345],[117.3718,3.2936],[117.335,3.2934],[117.3674,3.2895],[117.3449,3.2658],[117.3644,3.2481],[117.3819,3.2636],[117.3959,3.2514],[117.3765,3.2238],[117.3092,3.2045],[117.3211,3.1717],[117.3708,3.177],[117.4,3.1577],[117.4181,3.169],[117.4464,3.157],[117.4675,3.1262],[117.455,3.1195],[117.4803,3.0943],[117.4478,3.0755],[117.4449,3.0486],[117.541,3.0639],[117.5669,3.0427],[117.624,3.0532],[117.6188,3.0134],[117.5579,2.9575],[117.5226,2.9367],[117.5105,2.951],[117.5158,2.9357],[117.4899,2.9425],[117.5722,2.9392],[117.5812,2.9244],[117.5555,2.9023],[117.7194,2.8858],[117.7106,2.8539],[117.6855,2.8577],[117.6412,2.8156],[117.5999,2.8077],[117.6173,2.7904],[117.7231,2.771],[117.7781,2.7417],[117.7912,2.715],[117.7868,2.6437],[117.8054,2.6082],[117.963,2.4356],[117.9982,2.4332],[118.0179,2.388],[118.0119,2.3626],[118.0291,2.3542],[118.0445,2.3738],[118.0687,2.3156],[118.0886,2.3053],[118.0781,2.2772],[118.0941,2.2778],[118.074,2.244],[118.014,2.1886],[118.0046,2.1974],[117.9326,2.1722],[117.9008,2.2052],[117.8893,2.1901],[117.8148,2.1971],[117.7032,2.1768],[117.7242,2.0799],[117.7089,2.0723],[117.7157,2.0539],[117.6984,2.0496],[117.7158,2.0495],[117.7127,2.0716],[117.7602,2.0922],[117.8241,2.0993],[117.8076,2.0768],[117.8195,2.0615],[117.7792,2.0062],[117.8322,2.0025],[117.8603,1.9634],[117.8766,1.9683],[117.8692,1.8997],[117.8538,1.8904],[117.8867,1.8702],[117.8817,1.8531],[117.9103,1.8122],[117.957,1.7914],[118.0426,1.7844],[118.0588,1.7603],[118.0483,1.7262],[118.1197,1.6393],[118.1598,1.6276],[118.2427,1.5582],[118.3826,1.5011],[118.3737,1.4846],[118.4058,1.4878],[118.4121,1.442],[118.3723,1.4285],[118.4236,1.436],[118.413,1.4305],[118.4252,1.4158],[118.3994,1.4075],[118.4296,1.4031],[118.4411,1.3782],[118.4665,1.3994],[118.4598,1.3627],[118.4785,1.3879],[118.4878,1.3802],[118.4762,1.3682],[118.5144,1.38],[118.5054,1.3656],[118.5465,1.3648],[118.5477,1.3523],[118.5617,1.3716],[118.6823,1.2749],[118.6808,1.2595],[118.7092,1.2572],[118.7683,1.1937],[118.7625,1.1638],[118.7196,1.1581],[118.7748,1.1596],[118.7876,1.1394],[118.7772,1.1365],[118.8286,1.1019],[118.8389,1.0532],[118.8728,1.0701],[118.9472,1.0637],[118.9908,1.0275],[118.9676,0.946],[118.898,0.8791],[118.86,0.8808],[118.8265,0.8416],[118.8319,0.8306],[118.7925,0.8007],[118.7938,0.8157],[118.7832,0.8034],[118.7283,0.8228],[118.7089,0.8142],[118.6974,0.8461],[118.6749,0.859],[118.6314,0.8501],[118.5894,0.8101],[118.5062,0.8188],[118.4457,0.8458],[118.4166,0.8185],[118.3643,0.805],[118.3426,0.8164],[118.342,0.8402],[118.3167,0.8501],[118.0518,0.9124],[118.0481,0.947],[118.009,0.9601],[117.979,1.0831],[117.9616,1.084],[117.978,1.0685],[117.9639,1.0711],[117.9489,1.1012],[117.905,1.1136],[117.8867,1.1375],[117.9032,1.1516],[117.8886,1.1807],[117.863,1.1852],[117.8255,1.25],[117.8418,1.2096],[117.8631,1.1833],[117.8863,1.1807],[117.9003,1.1528],[117.8836,1.1417],[117.8954,1.1217],[117.8796,1.1217],[117.8926,1.1206],[117.8925,1.0987],[117.8799,1.1097],[117.8706,1.0842],[117.8939,1.0824],[117.8822,1.06],[117.9228,1.0656],[117.8929,1.0479],[117.9074,1.0634],[117.9336,1.0554],[117.92,1.0496],[117.9288,1.0379],[117.9138,1.0427],[117.9237,1.028],[117.9443,1.0333],[117.9732,0.9795],[117.9742,0.9302],[118.0192,0.8671],[118.0291,0.7815],[117.9727,0.7739],[117.9234,0.8057],[117.9135,0.8368],[117.7674,0.7686],[117.7109,0.6927],[117.7125,0.6277],[117.6745,0.6152],[117.6299,0.5064],[117.6002,0.4768],[117.6096,0.4259],[117.58,0.4035],[117.5654,0.4234],[117.5478,0.421],[117.5649,0.4185],[117.5532,0.4064],[117.5666,0.3901],[117.5443,0.3194],[117.5213,0.3216],[117.5335,0.2875],[117.5113,0.2692],[117.5299,0.2588],[117.5161,0.2396],[117.5272,0.2167],[117.5016,0.2065],[117.516,0.1952],[117.4933,0.1966],[117.4988,0.1762],[117.4776,0.1628],[117.4875,0.1488],[117.5063,0.1547],[117.5214,0.1215],[117.4628,0.088],[117.4793,0.0767],[117.4666,0.0444],[117.4853,0.062],[117.5102,0.0572],[117.5143,0.0458],[117.4962,0.048],[117.4863,0.0285],[117.5143,0.0316],[117.5066,0.0016],[117.5198,-0.0296],[117.4771,-0.0835],[117.4421,-0.2094],[117.4179,-0.2259],[117.4647,-0.3704],[117.459,-0.3867],[117.4342,-0.3818],[117.4379,-0.4216],[117.4246,-0.4346],[117.4548,-0.457],[117.4115,-0.5394],[117.3501,-0.5798],[117.3095,-0.5656],[117.2346,-0.5707],[117.2808,-0.5938],[117.3029,-0.6753],[117.2813,-0.7923],[117.2523,-0.8096],[117.2475,-0.9095],[117.1771,-0.9449],[117.0647,-1.1062],[117.0208,-1.1405],[117.001,-1.1989],[116.9127,-1.2634],[116.8107,-1.2821],[116.823,-1.2408],[116.8104,-1.2314],[116.8141,-1.1939],[116.7986,-1.2153],[116.7819,-1.2125],[116.7792,-1.1425],[116.7276,-1.1018],[116.7381,-1.0518],[116.7636,-1.021],[116.7544,-1.0275],[116.7531,-1.0115],[116.7753,-0.9999],[116.7557,-1.0],[116.7821,-0.9953],[116.7708,-0.9929],[116.7885,-0.982],[116.7805,-0.9676],[116.8044,-0.9624],[116.8221,-0.9282],[116.8036,-0.9621],[116.7895,-0.9624],[116.7878,-0.9416],[116.78,-0.9785],[116.765,-0.9752],[116.7567,-0.998],[116.7534,-0.9837],[116.7557,-1.0004],[116.7322,-1.0163],[116.737,-1.0374],[116.7165,-1.0274],[116.7165,-1.0054],[116.7151,-1.0246],[116.699,-1.0198],[116.7247,-1.0356],[116.7047,-1.0325],[116.7209,-1.0381],[116.7251,-1.0761],[116.7089,-1.0824],[116.717,-1.0972],[116.6984,-1.0845],[116.7118,-1.1048],[116.6976,-1.0999],[116.7014,-1.1207],[116.7644,-1.1826],[116.7506,-1.2253],[116.7776,-1.2439],[116.7583,-1.2869],[116.7612,-1.3604],[116.5999,-1.4207],[116.5417,-1.4618],[116.528,-1.5037],[116.5593,-1.5932],[116.5339,-1.6182],[116.3793,-1.6849],[116.3167,-1.695],[116.3075,-1.724],[116.2782,-1.7345],[116.2537,-1.7782],[116.2091,-1.7757],[116.2162,-1.7921],[116.2626,-1.8099],[116.3408,-1.7746],[116.3637,-1.7815],[116.372,-1.7618],[116.4503,-1.7702],[116.4536,-1.8054],[116.4166,-1.8661],[116.4391,-1.8752],[116.4581,-1.9189],[116.4573,-2.0537],[116.3482,-2.1215],[116.3858,-2.1162],[116.4322,-2.1333],[116.5003,-2.108],[116.5273,-2.1615],[116.5841,-2.1687],[116.5905,-2.2372],[116.5541,-2.4094],[116.25,-2.3169],[115.9847,-2.3126],[115.891,-2.3353],[115.8871,-2.3745],[115.8354,-2.3895],[115.8314,-2.3331],[115.8169,-2.3173],[115.8331,-2.2956],[115.8098,-2.2772],[115.811,-2.2376],[115.785,-2.2158],[115.8134,-2.0704],[115.782,-2.0545],[115.7217,-2.0627],[115.6948,-2.0408],[115.719,-1.9984],[115.6967,-1.9752],[115.7275,-1.9248],[115.7269,-1.8049],[115.7085,-1.789],[115.691,-1.8047],[115.681,-1.7944],[115.7071,-1.7333],[115.6652,-1.7067],[115.6683,-1.6313],[115.6362,-1.604],[115.6291,-1.5619],[115.659,-1.4711],[115.6888,-1.4488],[115.6948,-1.4161],[115.7416,-1.356],[115.7753,-1.2333],[115.8445,-1.1624],[115.7995,-1.1122],[115.7557,-1.1342],[115.7437,-1.0909],[115.6965,-1.0558],[115.6735,-1.0577],[115.6598,-1.0001],[115.5663,-0.9329],[115.5041,-0.8541],[115.4033,-0.8272],[115.3813,-0.8034],[115.3545,-0.5829],[115.3247,-0.5572],[115.306,-0.5047],[115.2454,-0.4479],[115.2606,-0.3901],[115.2388,-0.379],[115.2279,-0.3058],[115.253,-0.2935],[115.2387,-0.2408],[115.2694,-0.1895],[115.2666,-0.1529],[115.3198,-0.0979],[115.3023,-0.034],[115.1946,-0.0768],[115.1558,-0.1037],[115.1491,-0.1369],[115.0821,-0.153],[115.0444,-0.1903],[114.9927,-0.1857],[114.9879,-0.1727],[114.9345,-0.1887],[114.8958,0.0389],[114.836,0.0775],[114.8112,0.0703],[114.793,0.0912],[114.8121,0.1589],[114.8019,0.1761],[114.8274,0.1966],[114.833,0.2242],[114.8619,0.2333],[114.9029,0.3116],[114.9446,0.3309],[114.9543,0.3133],[115.0209,0.3268],[115.0488,0.3007],[115.1326,0.3837],[115.1362,0.43],[115.0963,0.4678],[115.0121,0.6112],[114.9807,0.7446],[114.9101,0.7934],[114.9067,0.7716],[114.8662,0.7392],[114.8778,0.6995],[114.8467,0.7155],[114.8244,0.7519],[114.7805,0.7312],[114.7635,0.7421],[114.7156,0.7054],[114.6974,0.7091],[114.7025,0.7284],[114.6588,0.7043],[114.6174,0.6406],[114.6058,0.647],[114.5899,0.6263],[114.5405,0.6303],[114.5425,0.5969],[114.5196,0.5649],[114.4585,0.5697],[114.4262,0.5415],[114.4336,0.507],[114.4123,0.4958],[114.3168,0.5415],[114.2224,0.5302],[114.1956,0.5414],[114.1827,0.5758],[114.1501,0.5849],[114.1724,0.631],[114.1496,0.6752],[114.1111,0.6978],[114.0652,0.6916],[114.006,0.6523],[113.979,0.6677],[113.8906,0.6414],[113.8817,0.6607],[113.8429,0.6653],[113.8433,0.703],[113.8763,0.7131],[113.8964,0.7388],[113.8904,0.7873],[113.925,0.8248],[113.9269,0.8437],[113.8762,0.893],[113.8817,0.9282],[113.9181,0.9793]]],[[[117.7353,3.7413],[117.8202,3.7165],[117.8303,3.6994],[117.773,3.6799],[117.7458,3.6332],[117.7156,3.6405],[117.6599,3.6102],[117.5758,3.6267],[117.5199,3.6687],[117.4822,3.7227],[117.52,3.7696],[117.5644,3.7729],[117.6399,3.7695],[117.7353,3.7413]]],[[[117.9081,4.166],[117.9291,4.1353],[117.9298,4.0662],[117.9109,4.0428],[117.8679,4.0308],[117.7035,4.1533],[117.8374,4.1988],[117.8876,4.1875],[117.9081,4.166]]],[[[117.284,3.5782],[117.3029,3.5541],[117.3518,3.5606],[117.4041,3.5415],[117.3741,3.5129],[117.3824,3.5223],[117.3985,3.5035],[117.3969,3.5299],[117.4096,3.5322],[117.4378,3.5227],[117.442,3.4975],[117.5086,3.4905],[117.4661,3.4688],[117.5037,3.4835],[117.5191,3.4702],[117.4855,3.4265],[117.3287,3.4872],[117.2348,3.4918],[117.2069,3.5332],[117.2219,3.5657],[117.2411,3.5811],[117.284,3.5782]]],[[[117.7285,4],[117.7236,3.9796],[117.6749,3.9607],[117.6024,4.0151],[117.5889,4.0858],[117.6351,4.1414],[117.6697,4.1459],[117.7531,4.066],[117.7285,4]]],[[[117.5713,3.4326],[117.6196,3.4339],[117.6702,3.4004],[117.6476,3.2319],[117.5458,3.3195],[117.5208,3.3648],[117.526,3.4114],[117.5513,3.4354],[117.5713,3.4326]]],[[[117.2847,-0.583],[117.366,-0.5872],[117.4724,-0.5501],[117.5083,-0.5742],[117.4555,-0.6301],[117.4757,-0.6668],[117.4692,-0.6815],[117.4341,-0.6546],[117.4257,-0.6813],[117.4069,-0.6773],[117.4116,-0.6963],[117.2847,-0.583]]],[[[117.4787,-0.7094],[117.5168,-0.7369],[117.6112,-0.7274],[117.6161,-0.771],[117.5982,-0.7892],[117.5548,-0.7849],[117.5508,-0.805],[117.5256,-0.8138],[117.4639,-0.75],[117.4858,-0.8011],[117.4039,-0.6974],[117.436,-0.6627],[117.4787,-0.7094]]],[[[117.3281,-0.6342],[117.3725,-0.6712],[117.384,-0.6962],[117.3744,-0.7164],[117.4084,-0.7849],[117.433,-0.788],[117.4397,-0.8164],[117.4154,-0.8365],[117.3921,-0.7765],[117.3737,-0.7783],[117.3794,-0.75],[117.3711,-0.7763],[117.3903,-0.7781],[117.4118,-0.8407],[117.4343,-0.8446],[117.4422,-0.8892],[117.4084,-0.8831],[117.3335,-0.7575],[117.2999,-0.6264],[117.3023,-0.613],[117.3281,-0.6342]]],[[[118.7936,1.3731],[118.8078,1.4014],[118.8491,1.3905],[118.8469,1.2644],[118.8686,1.1915],[118.8599,1.1643],[118.8414,1.1578],[118.7991,1.2731],[118.8067,1.3449],[118.7936,1.3731]]],[[[117.8503,3.5271],[117.873,3.465],[117.8661,3.4405],[117.7598,3.5047],[117.7535,3.5537],[117.802,3.5798],[117.8503,3.5271]]],[[[117.301,-0.6952],[117.3077,-0.6762],[117.3154,-0.6867],[117.3289,-0.7665],[117.3734,-0.8336],[117.3435,-0.9139],[117.3105,-0.8575],[117.3358,-0.8368],[117.3061,-0.8345],[117.2917,-0.7977],[117.301,-0.6952]]],[[[117.5268,3.483],[117.5144,3.4979],[117.4441,3.5034],[117.4484,3.5261],[117.4176,3.5473],[117.4863,3.5417],[117.6108,3.4968],[117.6223,3.4792],[117.6104,3.4673],[117.5495,3.4654],[117.5268,3.483]]],[[[117.4871,-0.5624],[117.4722,-0.5483],[117.4392,-0.5617],[117.4491,-0.5347],[117.52,-0.5274],[117.5327,-0.5456],[117.5726,-0.5102],[117.5867,-0.5161],[117.5829,-0.5756],[117.5546,-0.5973],[117.5124,-0.6013],[117.5093,-0.5679],[117.4871,-0.5624]]],[[[117.8831,2.148],[117.9483,2.1242],[117.9442,2.1039],[117.9051,2.0915],[117.8983,2.1182],[117.8615,2.1402],[117.8278,2.111],[117.8113,2.1138],[117.8007,2.1791],[117.8499,2.1821],[117.8802,2.1673],[117.8831,2.148]]],[[[117.4147,-0.5389],[117.5439,-0.4414],[117.5632,-0.4475],[117.55,-0.4665],[117.5876,-0.4601],[117.5963,-0.4736],[117.4484,-0.5336],[117.4355,-0.5441],[117.4428,-0.5634],[117.4182,-0.5614],[117.4147,-0.5389]]],[[[117.4578,3.271],[117.4747,3.2874],[117.4679,3.3041],[117.4427,3.2759],[117.3961,3.273],[117.3853,3.3112],[117.412,3.2996],[117.4018,3.3107],[117.4457,3.3357],[117.5084,3.3166],[117.527,3.2918],[117.5201,3.272],[117.4578,3.271]]],[[[117.5043,-0.4017],[117.5372,-0.3932],[117.5144,-0.4357],[117.4801,-0.4825],[117.4424,-0.5006],[117.4743,-0.4103],[117.5184,-0.3515],[117.541,-0.3737],[117.5043,-0.4017]]],[[[117.7183,3.869],[117.7621,3.8607],[117.8322,3.8028],[117.8366,3.7809],[117.7446,3.8021],[117.7367,3.8348],[117.7089,3.8576],[117.7183,3.869]]],[[[117.7864,2.1028],[117.7309,2.0817],[117.7121,2.1557],[117.7983,2.1704],[117.8014,2.1232],[117.7864,2.1028]]],[[[117.6719,2.9631],[117.6939,2.9383],[117.6298,2.9235],[117.5724,2.9164],[117.5827,2.9268],[117.5631,2.9457],[117.5804,2.9462],[117.5882,2.9666],[117.6565,2.9824],[117.6719,2.9631]]],[[[117.8395,2.0283],[117.8003,2.0203],[117.8215,2.0643],[117.81,2.0789],[117.8285,2.0871],[117.9086,2.0429],[117.8536,2.0163],[117.8395,2.0283]]],[[[117.5386,3.5684],[117.5755,3.5787],[117.6671,3.5438],[117.6197,3.5302],[117.5363,3.5545],[117.5066,3.5784],[117.5386,3.5684]]],[[[117.3039,3.5752],[117.2975,3.5944],[117.3973,3.6058],[117.465,3.5627],[117.4395,3.5558],[117.4004,3.5832],[117.3039,3.5752]]],[[[117.8783,2.1302],[117.9121,2.0823],[117.8997,2.0718],[117.8642,2.0765],[117.826,2.1079],[117.8583,2.1363],[117.8783,2.1302]]],[[[117.5041,3.3812],[117.503,3.3371],[117.4543,3.3436],[117.4524,3.3983],[117.4964,3.4005],[117.5041,3.3812]]],[[[117.7004,2.8312],[117.7328,2.8184],[117.7331,2.8021],[117.6747,2.7915],[117.6423,2.8088],[117.676,2.8426],[117.7004,2.8312]]],[[[117.5883,-0.4584],[117.5511,-0.4661],[117.5641,-0.4476],[117.552,-0.438],[117.5847,-0.44],[117.5845,-0.4168],[117.6058,-0.4058],[117.6272,-0.4237],[117.6235,-0.462],[117.6026,-0.4785],[117.5883,-0.4584]]],[[[117.4938,-0.3464],[117.452,-0.4399],[117.4259,-0.4331],[117.4391,-0.424],[117.4369,-0.3812],[117.4643,-0.3833],[117.4645,-0.3403],[117.4915,-0.329],[117.4938,-0.3464]]],[[[117.5001,-0.6238],[117.47,-0.6202],[117.4893,-0.6018],[117.5,-0.6139],[117.4994,-0.5933],[117.5,-0.6139],[117.5703,-0.6248],[117.5602,-0.6523],[117.5395,-0.6555],[117.5013,-0.6388],[117.5001,-0.6238]]],[[[117.4204,3.3356],[117.4182,3.3864],[117.3748,3.4106],[117.3687,3.4349],[117.4433,3.4054],[117.4401,3.3471],[117.4204,3.3356]]],[[[117.6295,2.8994],[117.5798,2.9066],[117.6448,2.9213],[117.6911,2.9274],[117.7089,2.9142],[117.6996,2.8961],[117.6295,2.8994]]],[[[117.3387,-2.3822],[117.3254,-2.3822],[117.3162,-2.3492],[117.3288,-2.2821],[117.3451,-2.3152],[117.3387,-2.3822]]],[[[117.4326,-0.7386],[117.459,-0.7836],[117.4185,-0.7562],[117.3803,-0.7174],[117.3868,-0.6948],[117.4274,-0.7198],[117.4326,-0.7386]]],[[[118.5,1.3866],[118.4696,1.4088],[118.4639,1.4285],[118.4784,1.4363],[118.463,1.4419],[118.4655,1.4709],[118.4976,1.4461],[118.4874,1.4416],[118.4966,1.4148],[118.5259,1.3975],[118.5,1.3866]]],[[[118.5856,2.207],[118.5624,2.242],[118.5721,2.3064],[118.643,2.2455],[118.6228,2.2447],[118.5708,2.3003],[118.5716,2.2429],[118.6537,2.1602],[118.5856,2.207]]],[[[117.5,-0.6938],[117.4719,-0.6833],[117.4849,-0.6493],[117.5323,-0.6734],[117.5284,-0.6904],[117.5,-0.6938]]],[[[117.4029,3.2559],[117.3844,3.2758],[117.4423,3.273],[117.4707,3.2972],[117.4254,3.2475],[117.4029,3.2559]]],[[[117.0846,-2.068],[117.0645,-2.0368],[117.0816,-2.0201],[117.105,-2.043],[117.0846,-2.068]]],[[[117.5805,4.1228],[117.5595,4.1014],[117.5402,4.1116],[117.5675,4.1447],[117.5898,4.1445],[117.5805,4.1228]]],[[[117.979,1.0],[117.9853,0.9788],[117.9678,0.9866],[117.9381,1.0522],[117.9797,1.0212],[117.9679,1.0141],[117.979,1.0]]],[[[117.4697,3.6947],[117.4879,3.6992],[117.4936,3.6699],[117.4304,3.6702],[117.4697,3.6947]]],[[[117.5,-0.6616],[117.486,-0.647],[117.4766,-0.6644],[117.4609,-0.6271],[117.4984,-0.6262],[117.5172,-0.6531],[117.5,-0.6616]]],[[[117.2859,-0.8763],[117.2753,-0.8546],[117.2849,-0.7956],[117.3022,-0.8484],[117.2859,-0.8763]]],[[[117.5872,3.0526],[117.5676,3.0473],[117.5559,3.0695],[117.6247,3.0691],[117.5872,3.0526]]],[[[118.5,1.8448],[118.4901,1.8801],[118.5012,1.8988],[118.521,1.8756],[118.5,1.8448]]],[[[117.5384,3.0898],[117.5707,3.0867],[117.5584,3.072],[117.5,3.0768],[117.5384,3.0898]]],[[[117.4449,-0.806],[117.4314,-0.7818],[117.4116,-0.7842],[117.4058,-0.7532],[117.4656,-0.8073],[117.4642,-0.8218],[117.4449,-0.806]]],[[[117.8975,2.1972],[117.9246,2.1661],[117.9139,2.1503],[117.8886,2.1836],[117.8975,2.1972]]],[[[117.408,-0.5582],[117.3653,-0.5828],[117.3486,-0.5767],[117.3967,-0.5453],[117.4181,-0.5464],[117.408,-0.5582]]],[[[117.2749,-0.8877],[117.2621,-0.8386],[117.2751,-0.8095],[117.2852,-0.8264],[117.2749,-0.8877]]],[[[117.5388,3.6028],[117.5492,3.5725],[117.5105,3.5878],[117.5226,3.6071],[117.5388,3.6028]]],[[[117.3821,-0.886],[117.3617,-0.8876],[117.3751,-0.8472],[117.393,-0.8769],[117.3821,-0.886]]],[[[118.7208,1.3655],[118.71,1.3797],[118.7219,1.3927],[118.7513,1.3927],[118.7208,1.3655]]],[[[117.7638,3.7541],[117.8118,3.7497],[117.8167,3.7292],[117.7638,3.7541]]],[[[117.7324,2.1779],[117.7745,2.1733],[117.7169,2.1597],[117.7066,2.1662],[117.7324,2.1779]]],[[[117.5673,-0.5153],[117.5319,-0.544],[117.5398,-0.5092],[117.5673,-0.5153]]],[[[118.9158,1.8646],[118.9026,1.8911],[118.9202,1.8988],[118.9324,1.8723],[118.9158,1.8646]]],[[[117.7986,3.7788],[117.818,3.7719],[117.8182,3.7543],[117.782,3.7674],[117.7801,3.7793],[117.7986,3.7788]]],[[[117.4682,3.0753],[117.4977,3.0726],[117.4539,3.0532],[117.4682,3.0753]]],[[[117.5099,3.6553],[117.5246,3.6372],[117.51,3.6292],[117.4923,3.6555],[117.5099,3.6553]]],[[[117.3827,3.3032],[117.3654,3.2507],[117.359,3.2654],[117.3827,3.3032]]],[[[118.4108,2.0224],[118.4031,2.0511],[118.4207,2.061],[118.4251,2.0334],[118.4108,2.0224]]],[[[117.5407,-0.5049],[117.5289,-0.5301],[117.5005,-0.5231],[117.5407,-0.5049]]],[[[116.7431,-1.4354],[116.7329,-1.412],[116.757,-1.4179],[116.7431,-1.4354]]],[[[116.485,-1.7435],[116.4748,-1.7201],[116.4989,-1.726],[116.485,-1.7435]]],[[[117.5904,3.1097],[117.5811,3.1162],[117.6024,3.1235],[117.6204,3.1108],[117.5904,3.1097]]],[[[118.0019,0.7193],[117.9998,0.7365],[118.0176,0.7421],[118.0203,0.7172],[118.0019,0.7193]]],[[[118.5103,2.1353],[118.5457,2.1372],[118.5644,2.1119],[118.5064,2.1332],[118.5163,2.1546],[118.537,2.156],[118.5544,2.1414],[118.5233,2.1535],[118.5103,2.1353]]],[[[117.4066,3.5638],[117.3712,3.5744],[117.4118,3.5771],[117.4179,3.5611],[117.4066,3.5638]]],[[[117.2978,-1.2903],[117.2882,-1.2716],[117.3129,-1.2722],[117.314,-1.2896],[117.2978,-1.2903]]],[[[118.2124,2.3635],[118.218,2.3424],[118.1948,2.3706],[118.2124,2.3635]]],[[[117.5,-0.3505],[117.51,-0.3535],[117.4859,-0.387],[117.5,-0.3505]]],[[[117.3596,3.6177],[117.378,3.6163],[117.3661,3.6087],[117.3237,3.6103],[117.3596,3.6177]]],[[[117.2391,-2.135],[117.2375,-2.1127],[117.2503,-2.1233],[117.2391,-2.135]]],[[[117.4835,-0.8228],[117.4912,-0.8382],[117.4708,-0.8321],[117.469,-0.8115],[117.4835,-0.8228]]],[[[117.4799,3.578],[117.4986,3.5623],[117.4696,3.5694],[117.4617,3.5835],[117.4799,3.578]]],[[[117.5843,-0.4178],[117.5843,-0.4396],[117.5568,-0.4345],[117.5843,-0.4178]]],[[[117.5908,3.0891],[117.6109,3.0831],[117.5754,3.0777],[117.5908,3.0891]]],[[[117.5723,3.1065],[117.5878,3.1027],[117.5672,3.0929],[117.5723,3.1065]]],[[[117.4492,3.4468],[117.4587,3.4332],[117.4296,3.4487],[117.4492,3.4468]]]]},"properties":{"name":"KALIMANTAN TIMUR"}},{"type":"Feature","geometry":{"type":"MultiPolygon","coordinates":[[[[123.4657,0.3303],[123.5192,0.4496],[123.5272,0.5717],[123.4976,0.6303],[123.3557,0.6665],[123.3287,0.7011],[123.2663,0.7338],[123.2408,0.836],[123.133,0.8901],[123.117,0.9291],[123.1486,0.9292],[123.1838,0.9064],[123.2052,0.9261],[123.1751,0.9558],[123.2187,0.9434],[123.2468,0.9478],[123.2528,0.9639],[123.2683,0.919],[123.2751,0.9296],[123.3492,0.9135],[123.357,0.925],[123.3614,0.9065],[123.3774,0.9177],[123.4003,0.903],[123.4064,0.9201],[123.4213,0.8952],[123.4514,0.9091],[123.5256,0.8907],[123.6059,0.9069],[123.705,0.862],[123.7165,0.8777],[123.7392,0.8693],[123.7569,0.8351],[123.7683,0.841],[123.7606,0.8583],[123.7897,0.8333],[123.8076,0.8407],[123.7961,0.8581],[123.8334,0.8429],[123.9167,0.8546],[123.9621,0.8399],[123.9347,0.8626],[124.0775,0.9243],[124.1377,0.9283],[124.2042,0.9907],[124.2999,1.0139],[124.3575,1.1363],[124.3527,1.1649],[124.4139,1.1961],[124.5205,1.1904],[124.5259,1.2167],[124.5484,1.2115],[124.5636,1.1856],[124.5837,1.1946],[124.6126,1.2528],[124.5697,1.2806],[124.5506,1.2725],[124.5164,1.3022],[124.5332,1.3566],[124.6136,1.42],[124.6744,1.396],[124.7595,1.4586],[124.8249,1.4633],[124.8454,1.5226],[124.8039,1.5737],[124.8665,1.6009],[124.8752,1.627],[124.9285,1.6608],[124.9212,1.6775],[124.9397,1.6964],[124.9665,1.6799],[124.962,1.7301],[124.9841,1.7225],[124.981,1.753],[125.0307,1.7309],[125.0144,1.6935],[125.043,1.6742],[125.0467,1.6858],[125.1118,1.6632],[125.1453,1.6863],[125.1748,1.6837],[125.1443,1.6054],[125.1713,1.5639],[125.2464,1.5189],[125.2345,1.4676],[125.1925,1.4386],[125.1239,1.4272],[125.1155,1.3995],[125.0762,1.3676],[125.0216,1.1482],[124.9713,1.0709],[124.8985,1.0008],[124.8936,0.9684],[124.7942,0.9472],[124.7626,0.8884],[124.7515,0.8973],[124.73,0.879],[124.7185,0.8958],[124.7105,0.8485],[124.7368,0.8548],[124.6717,0.8268],[124.638,0.7881],[124.6241,0.7562],[124.6352,0.7113],[124.5993,0.7062],[124.5943,0.6836],[124.583,0.696],[124.5448,0.6258],[124.5681,0.6191],[124.5709,0.5793],[124.542,0.589],[124.4948,0.5478],[124.513,0.4742],[124.4953,0.4678],[124.4912,0.4883],[124.4831,0.4688],[124.4482,0.4651],[124.4643,0.4518],[124.4543,0.4466],[124.4163,0.4571],[124.3645,0.4466],[124.3633,0.4217],[124.3576,0.4545],[124.3398,0.4353],[124.3257,0.4477],[124.3164,0.4091],[124.3063,0.4281],[124.2737,0.4296],[124.2907,0.4075],[124.2193,0.3845],[124.2131,0.3992],[124.085,0.3892],[124.0547,0.362],[124.0473,0.3772],[123.9946,0.3762],[123.9243,0.3459],[123.8875,0.3507],[123.8607,0.3287],[123.8088,0.3363],[123.8004,0.3161],[123.7104,0.3211],[123.6787,0.2977],[123.6406,0.3055],[123.6286,0.2934],[123.5731,0.3235],[123.4949,0.3086],[123.4657,0.3303]],[[124.4715,0.7662],[124.4527,0.7694],[124.4622,0.7336],[124.4715,0.7662]],[[124.861,1.2027],[124.8896,1.1703],[124.8992,1.178],[124.9101,1.2265],[124.9274,1.2381],[124.9244,1.2782],[124.8678,1.2326],[124.861,1.2027]]],[[[126.6889,4.3713],[126.7159,4.4701],[126.7354,4.4781],[126.7235,4.4904],[126.7284,4.5453],[126.7507,4.5604],[126.783,4.5376],[126.8034,4.5473],[126.8326,4.5039],[126.8548,4.5043],[126.8681,4.4451],[126.8516,4.3855],[126.9138,4.2863],[126.8574,4.263],[126.8656,4.23],[126.7888,4.1632],[126.8073,4.1233],[126.8069,4.0482],[126.7588,4.0118],[126.7089,4.0223],[126.6834,4.0105],[126.6644,4.0425],[126.6818,4.0892],[126.7331,4.1276],[126.7559,4.1964],[126.7892,4.2311],[126.7809,4.2638],[126.7084,4.2879],[126.714,4.3174],[126.6835,4.3447],[126.6889,4.3713]]],[[[125.6503,3.5092],[125.6695,3.4904],[125.6793,3.4348],[125.659,3.3863],[125.6212,3.384],[125.6205,3.369],[125.59,3.3771],[125.5868,3.4007],[125.5586,3.4204],[125.5671,3.4346],[125.5437,3.43],[125.5446,3.4074],[125.525,3.4094],[125.5237,3.4336],[125.5063,3.435],[125.4838,3.4782],[125.513,3.5587],[125.4905,3.5661],[125.4827,3.5879],[125.5034,3.5989],[125.4186,3.6345],[125.3987,3.664],[125.4054,3.7096],[125.448,3.7289],[125.5092,3.7168],[125.576,3.6366],[125.5642,3.6187],[125.5969,3.6098],[125.5623,3.5733],[125.5914,3.5693],[125.5903,3.5486],[125.6181,3.5364],[125.6427,3.4894],[125.6569,3.4885],[125.6503,3.5092]]],[[[125.3791,2.7974],[125.4226,2.8051],[125.4546,2.772],[125.4496,2.7529],[125.4072,2.7266],[125.3913,2.6869],[125.4306,2.6482],[125.4146,2.6353],[125.3758,2.6519],[125.3586,2.7152],[125.3791,2.7974]]],[[[126.7233,3.904],[126.6895,3.8819],[126.711,3.8263],[126.6837,3.8402],[126.6649,3.8927],[126.6686,3.9438],[126.6371,3.9667],[126.6272,3.9995],[126.6131,3.9995],[126.6065,4.0614],[126.6386,4.0431],[126.6502,3.99],[126.7223,3.9365],[126.7233,3.904]]],[[[126.8234,3.7457],[126.7854,3.763],[126.7532,3.807],[126.7408,3.8547],[126.7525,3.8737],[126.7983,3.8541],[126.8344,3.8149],[126.8499,3.7726],[126.8234,3.7457]]],[[[125.2317,1.3974],[125.2007,1.4057],[125.1703,1.3891],[125.1752,1.4061],[125.1648,1.4048],[125.1817,1.4291],[125.24,1.4422],[125.297,1.5557],[125.2601,1.4086],[125.2317,1.3974]]],[[[125.3756,2.3545],[125.3722,2.3723],[125.3932,2.3891],[125.4061,2.3731],[125.4373,2.3854],[125.4674,2.3528],[125.4317,2.3183],[125.3756,2.3545]]],[[[125.129,1.8301],[125.184,1.796],[125.1816,1.7744],[125.1481,1.7586],[125.1507,1.7372],[125.1148,1.8072],[125.1331,1.8155],[125.129,1.8301]]],[[[125.3636,2.0886],[125.3495,2.0783],[125.3396,2.0935],[125.3675,2.1151],[125.3563,2.1337],[125.3941,2.1238],[125.4154,2.1443],[125.4122,2.1128],[125.3636,2.0886]]],[[[124.7494,1.7365],[124.7569,1.7555],[124.7687,1.7413],[124.772,1.6928],[124.7311,1.7154],[124.7312,1.731],[124.7494,1.7365]]],[[[125.0652,1.843],[125.1023,1.8818],[125.061,1.809],[125.0492,1.8126],[125.0652,1.843]]],[[[127.1204,4.7798],[127.1382,4.7975],[127.1438,4.753],[127.1172,4.748],[127.1204,4.7798]]],[[[125.3523,2.3228],[125.3795,2.3332],[125.3747,2.2968],[125.3482,2.3058],[125.3523,2.3228]]],[[[124.7069,1.6476],[124.7137,1.6268],[124.6831,1.6242],[124.6866,1.6452],[124.7069,1.6476]]],[[[125.5185,3.17],[125.5281,3.1901],[125.5306,3.1579],[125.5009,3.1614],[125.5152,3.1678],[125.5008,3.1812],[125.5107,3.1874],[125.5185,3.17]]],[[[124.7571,1.6293],[124.7756,1.6276],[124.7808,1.5952],[124.7639,1.6214],[124.736,1.618],[124.7381,1.6356],[124.7571,1.6293]]],[[[127.0813,4.7559],[127.0975,4.7507],[127.0847,4.7359],[127.058,4.7467],[127.0813,4.7559]]],[[[125.3944,4.182],[125.4008,4.1637],[125.3732,4.1643],[125.3699,4.1753],[125.3944,4.182]]],[[[125.5896,3.7736],[125.5966,3.7868],[125.6352,3.7851],[125.5896,3.7736]]],[[[125.4513,3.2311],[125.4482,3.2495],[125.4613,3.2534],[125.4713,3.2371],[125.4513,3.2311]]],[[[125.7243,4.4663],[125.731,4.4554],[125.6946,4.4575],[125.7243,4.4663]]],[[[125.4491,2.6644],[125.4623,2.6702],[125.4635,2.641],[125.4407,2.6402],[125.4555,2.6485],[125.4491,2.6644]]],[[[125.5659,3.7606],[125.5784,3.7643],[125.5866,3.7467],[125.5606,3.7428],[125.5659,3.7606]]],[[[125.632,4.6523],[125.6343,4.635],[125.6168,4.6324],[125.632,4.6523]]],[[[125.4243,4.4783],[125.4318,4.4656],[125.4103,4.465],[125.4243,4.4783]]],[[[125.5617,3.4121],[125.5756,3.3852],[125.5552,3.3959],[125.5617,3.4121]]],[[[125.611,3.3622],[125.6216,3.3594],[125.6128,3.3367],[125.611,3.3622]]],[[[125.6995,3.4652],[125.7164,3.4751],[125.7104,3.4545],[125.6995,3.4652]]],[[[125.5191,4.7476],[125.5161,4.73],[125.5028,4.7343],[125.5191,4.7476]]],[[[125.1659,2.7386],[125.1804,2.7347],[125.1727,2.7214],[125.1659,2.7386]]],[[[125.5108,3.0731],[125.5009,3.0615],[125.5019,3.0903],[125.5108,3.0731]]],[[[125.6489,4.5921],[125.6594,4.5795],[125.6394,4.5838],[125.6489,4.5921]]],[[[124.7878,1.784],[124.7956,1.7962],[124.7968,1.7774],[124.7878,1.784]]],[[[125.298,2.3565],[125.3052,2.3674],[125.3097,2.3549],[125.298,2.3565]]],[[[125.4516,2.6865],[125.4614,2.6834],[125.4502,2.6755],[125.4516,2.6865]]]]},"properties":{"name":"SULAWESI UTARA"}},{"type":"Feature","geometry":{"type":"MultiPolygon","coordinates":[[[[134.659,-2.826],[134.5989,-2.8913],[134.4279,-3.0089],[134.4394,-3.0662],[134.4265,-3.112],[134.3313,-3.1774],[134.2795,-3.2402],[134.2096,-3.3932],[134.413,-3.4741],[134.9381,-3.6441],[134.8995,-3.6714],[134.9212,-3.7002],[134.9435,-3.6973],[134.9693,-3.6621],[134.9619,-3.6504],[135.188,-3.7399],[135.6757,-3.8986],[135.6995,-3.9176],[135.7966,-4.1888],[136.1567,-4.1882],[136.0821,-4.3551],[135.9465,-4.5038],[135.9067,-4.4845],[135.722,-4.4962],[135.7099,-4.4765],[135.7141,-4.4944],[135.5258,-4.4479],[135.3503,-4.4319],[135.3566,-4.4058],[135.3403,-4.4441],[135.1973,-4.4618],[135.1172,-4.4153],[135.1162,-4.3984],[135.1183,-4.4091],[135.0978,-4.4102],[135.0595,-4.3868],[135.0769,-4.3821],[135.07,-4.3741],[135.0421,-4.3774],[135.0133,-4.34],[135.0116,-4.3511],[134.9359,-4.3127],[135.0006,-4.3377],[134.9875,-4.3307],[135.0061,-4.3057],[134.9935,-4.3067],[134.9946,-4.3233],[134.9839,-4.2952],[134.9921,-4.3246],[134.9776,-4.3251],[134.9541,-4.3025],[134.9706,-4.2978],[134.936,-4.2842],[134.9422,-4.3054],[134.8906,-4.2559],[134.8132,-4.2531],[134.8096,-4.233],[134.8437,-4.2093],[134.7991,-4.239],[134.7614,-4.2077],[134.7369,-4.2067],[134.8154,-4.1871],[134.8441,-4.114],[134.9368,-4.0798],[134.9376,-4.0496],[134.92,-4.0386],[134.9809,-4.0339],[134.9775,-4.0229],[135.0261,-4.0107],[135.0594,-3.97],[135.1053,-3.9533],[135.2311,-3.9683],[135.2947,-3.992],[135.2468,-3.971],[135.3136,-3.9472],[135.3275,-3.9213],[135.3096,-3.9448],[135.2528,-3.9671],[135.1747,-3.9567],[135.1867,-3.9252],[135.2054,-3.9187],[135.1851,-3.9229],[135.1609,-3.961],[135.1086,-3.9497],[135.0566,-3.9674],[135.0263,-4.0049],[134.975,-4.0224],[134.9805,-4.0326],[134.9182,-4.0363],[134.9353,-4.0513],[134.9341,-4.0797],[134.8356,-4.1159],[134.8063,-4.1906],[134.728,-4.2021],[134.7152,-4.1614],[134.7308,-4.1727],[134.7094,-4.1417],[134.7129,-4.1262],[134.7289,-4.1273],[134.658,-4.1238],[134.6865,-4.1359],[134.6962,-4.1235],[134.7078,-4.1355],[134.6928,-4.1418],[134.624,-4.1193],[134.6534,-4.0756],[134.6689,-4.0805],[134.6659,-4.0945],[134.6723,-4.0756],[134.7227,-4.0604],[134.6665,-4.0385],[134.6573,-3.9807],[134.6887,-3.9869],[134.6826,-3.967],[134.7126,-3.9539],[134.7345,-3.9669],[134.7364,-3.9498],[134.7434,-4.0],[134.738,-3.9467],[134.7532,-3.9399],[134.7669,-3.9469],[134.7566,-3.9736],[134.761,-3.961],[134.7898,-3.9662],[134.8086,-3.9983],[134.812,-3.9801],[134.7691,-3.9586],[134.7615,-3.9324],[134.8257,-3.9476],[134.8482,-3.9843],[134.8355,-3.996],[134.8616,-3.9808],[134.8628,-3.9976],[134.8697,-3.9739],[134.9438,-3.9796],[134.9662,-3.9584],[134.9596,-3.9462],[134.9119,-3.9595],[134.9054,-3.9473],[134.9316,-3.9327],[134.8872,-3.9309],[134.8746,-3.9474],[134.7276,-3.9092],[134.736,-3.9364],[134.7023,-3.917],[134.6524,-3.9217],[134.6631,-3.9341],[134.6252,-3.9503],[134.6056,-3.9963],[134.5714,-3.9975],[134.5457,-4.035],[134.5113,-4.043],[134.4947,-4.0273],[134.5038,-4.0154],[134.4522,-3.9839],[134.4767,-3.982],[134.4771,-3.9686],[134.4393,-3.9169],[134.4032,-3.9184],[134.332,-3.877],[134.3195,-3.8827],[134.3272,-3.8947],[134.3603,-3.9157],[134.3453,-3.9129],[134.3526,-3.9657],[134.2697,-3.9346],[134.3347,-4.0186],[134.3195,-4.0442],[134.2984,-4.0479],[134.2426,-3.9675],[134.246,-3.9809],[134.2148,-3.973],[134.1642,-3.9257],[134.1679,-3.8899],[134.1602,-3.9055],[134.1036,-3.8987],[134.1926,-3.8308],[134.171,-3.7982],[134.1745,-3.7773],[134.1595,-3.782],[134.1408,-3.7437],[134.1312,-3.7629],[134.1186,-3.7505],[134.1029,-3.7685],[134.1181,-3.7921],[134.0648,-3.8214],[134.0362,-3.7859],[133.9617,-3.865],[133.9155,-3.7848],[133.9204,-3.7557],[133.9455,-3.777],[133.9161,-3.7503],[133.9075,-3.6993],[133.8439,-3.636],[133.8385,-3.56],[133.8022,-3.5896],[133.7841,-3.5643],[133.7897,-3.601],[133.77,-3.5648],[133.8191,-3.7279],[133.7527,-3.6479],[133.6947,-3.6719],[133.7047,-3.5899],[133.6266,-3.4793],[133.6422,-3.45],[133.6879,-3.4341],[133.6872,-3.4446],[133.6948,-3.415],[133.704,-3.4289],[133.6714,-3.3226],[133.6732,-3.2311],[133.7076,-3.2087],[133.7042,-3.1734],[133.7528,-3.1734],[133.7787,-3.1935],[133.7775,-3.1162],[133.8021,-3.1226],[133.8337,-3.0916],[133.8432,-3.0242],[133.9039,-3.0786],[133.8917,-3.1157],[133.8998,-3.1051],[133.922,-3.1282],[133.9394,-3.1185],[133.9102,-3.1041],[133.9113,-3.0793],[133.9294,-3.0711],[133.897,-3.0768],[133.8673,-3.0271],[133.8603,-2.922],[133.8538,-2.9138],[133.8605,-2.9336],[133.8457,-2.9387],[133.807,-2.9084],[133.8094,-2.883],[133.7969,-2.895],[133.8297,-2.9379],[133.807,-2.9332],[133.8318,-2.944],[133.8022,-2.9894],[133.7999,-3.029],[133.7367,-3.0364],[133.6559,-3.1256],[133.6782,-3.2121],[133.6546,-3.2354],[133.6683,-3.3427],[133.6472,-3.4073],[133.5422,-3.4312],[133.5256,-3.3807],[133.5309,-3.3576],[133.5512,-3.3522],[133.5293,-3.3539],[133.513,-3.3795],[133.5173,-3.3335],[133.4895,-3.3122],[133.5148,-3.3378],[133.4967,-3.386],[133.5227,-3.4379],[133.4839,-3.4456],[133.4425,-3.4115],[133.4189,-3.4175],[133.4115,-3.395],[133.4324,-3.3621],[133.3883,-3.3357],[133.4291,-3.3665],[133.4089,-3.3944],[133.4133,-3.4196],[133.4409,-3.42],[133.4553,-3.4431],[133.5018,-3.4625],[133.552,-3.4553],[133.6004,-3.5287],[133.5847,-3.5726],[133.4978,-3.6211],[133.4587,-3.6708],[133.4103,-3.6968],[133.4253,-3.6482],[133.4176,-3.6207],[133.4383,-3.5988],[133.4282,-3.5754],[133.4543,-3.5669],[133.4628,-3.5283],[133.4242,-3.5184],[133.4598,-3.5498],[133.4474,-3.5671],[133.4264,-3.5497],[133.4427,-3.5614],[133.4236,-3.5769],[133.4356,-3.601],[133.4168,-3.608],[133.3566,-3.5816],[133.3427,-3.5604],[133.358,-3.5517],[133.3131,-3.5629],[133.3114,-3.5779],[133.3171,-3.5615],[133.3394,-3.5616],[133.3693,-3.5988],[133.4032,-3.6015],[133.4122,-3.6542],[133.3976,-3.6695],[133.4091,-3.7133],[133.3969,-3.7511],[133.4156,-3.7993],[133.4545,-3.8244],[133.4604,-3.8617],[133.4022,-3.8906],[133.3745,-3.8844],[133.3805,-3.8619],[133.3557,-3.9028],[133.3162,-3.846],[133.2745,-3.8367],[133.2892,-3.8074],[133.2647,-3.7575],[133.2055,-3.7441],[133.2176,-3.7553],[133.2406,-3.7458],[133.2825,-3.7879],[133.2716,-3.8318],[133.2842,-3.8499],[133.2518,-3.854],[133.284,-3.8558],[133.2957,-3.8416],[133.3156,-3.8498],[133.3226,-3.8823],[133.351,-3.9092],[133.3907,-3.8965],[133.4047,-3.9085],[133.3505,-3.9551],[133.3585,-3.9646],[133.3426,-3.9812],[133.3239,-3.9847],[133.3002,-3.9582],[133.3342,-3.991],[133.3087,-4.0245],[133.2711,-4.0412],[133.2527,-4.077],[133.0773,-4.0585],[133.0331,-4.0808],[133.0233,-4.1223],[132.961,-4.1102],[132.9194,-4.0897],[132.9194,-4.0527],[132.8444,-3.9946],[132.843,-3.9639],[132.8095,-3.9495],[132.8198,-3.927],[132.8463,-3.9615],[132.8451,-3.9295],[132.7793,-3.8296],[132.7832,-3.7915],[132.732,-3.6883],[132.7245,-3.6392],[132.7498,-3.6288],[132.8908,-3.6484],[132.9049,-3.5815],[132.9415,-3.558],[132.9082,-3.5508],[132.9258,-3.5392],[132.902,-3.5348],[132.8912,-3.5105],[132.8844,-3.4877],[132.8976,-3.4665],[132.8531,-3.4801],[132.8161,-3.448],[132.7996,-3.3636],[132.8446,-3.3017],[132.8084,-3.2956],[132.8105,-3.2655],[132.7853,-3.2654],[132.7969,-3.2751],[132.7862,-3.2789],[132.7729,-3.2601],[132.727,-3.2829],[132.7284,-3.3386],[132.6623,-3.3177],[132.6394,-3.2692],[132.5943,-3.2305],[132.6372,-3.221],[132.6374,-3.1857],[132.5807,-3.164],[132.5606,-3.1116],[132.4788,-3.0356],[132.3481,-2.9655],[132.3501,-2.9361],[132.3421,-2.9497],[132.3102,-2.9344],[132.3129,-2.9232],[132.296,-2.9338],[132.215,-2.9234],[132.2056,-2.9062],[132.1987,-2.9301],[132.1851,-2.9172],[132.144,-2.9303],[132.1517,-2.9412],[132.097,-2.9302],[132.1166,-2.9498],[132.084,-2.9609],[132.0547,-2.8863],[132.045,-2.9231],[132.0294,-2.8976],[131.985,-2.8878],[131.9777,-2.9223],[131.9738,-2.8772],[132.0266,-2.8754],[132.0201,-2.8506],[132.037,-2.8359],[131.9755,-2.8287],[132.067,-2.7862],[132.0385,-2.769],[132.0027,-2.7796],[131.9493,-2.7656],[132.0483,-2.7281],[132.0656,-2.7474],[132.071,-2.7232],[132.1051,-2.7423],[132.0866,-2.7169],[132.0953,-2.7056],[132.1202,-2.7238],[132.1272,-2.7082],[132.1436,-2.7202],[132.2002,-2.7034],[132.1103,-2.6885],[132.1402,-2.6626],[132.2276,-2.6515],[132.3215,-2.6577],[132.3926,-2.6856],[132.4386,-2.6764],[132.4178,-2.6966],[132.4561,-2.7118],[132.4053,-2.7338],[132.3982,-2.7706],[132.4187,-2.7269],[132.4523,-2.7316],[132.4648,-2.7531],[132.4546,-2.732],[132.4793,-2.7342],[132.4503,-2.7225],[132.4976,-2.7094],[132.4661,-2.6909],[132.4991,-2.6767],[132.5179,-2.6903],[132.5213,-2.6781],[132.5878,-2.6914],[132.639,-2.7257],[132.6926,-2.7913],[132.7022,-2.7799],[132.7415,-2.8024],[132.7715,-2.7804],[132.7912,-2.7876],[132.793,-2.7716],[132.8083,-2.7816],[132.813,-2.757],[132.9482,-2.6352],[133.0528,-2.4892],[133.1306,-2.4356],[133.1962,-2.4294],[133.2218,-2.4113],[133.3107,-2.4444],[133.317,-2.5091],[133.2838,-2.5014],[133.2991,-2.5031],[133.2872,-2.527],[133.2619,-2.5179],[133.2588,-2.5013],[133.2658,-2.5282],[133.2428,-2.5232],[133.216,-2.5458],[133.2104,-2.5328],[133.2141,-2.5475],[133.2458,-2.526],[133.2793,-2.528],[133.2766,-2.5454],[133.3014,-2.5129],[133.3186,-2.5223],[133.3118,-2.5472],[133.3322,-2.4672],[133.3686,-2.503],[133.3369,-2.5163],[133.3334,-2.5323],[133.3707,-2.5476],[133.3348,-2.5287],[133.3725,-2.5029],[133.3885,-2.5226],[133.3834,-2.5835],[133.3636,-2.5854],[133.3643,-2.6039],[133.3461,-2.5923],[133.3598,-2.6033],[133.3502,-2.6113],[133.3797,-2.5885],[133.3812,-2.6172],[133.3671,-2.6124],[133.358,-2.6345],[133.3689,-2.6141],[133.383,-2.6332],[133.3537,-2.665],[133.3827,-2.6363],[133.382,-2.6682],[133.2997,-2.6735],[133.2965,-2.6554],[133.2982,-2.6772],[133.2768,-2.6652],[133.2911,-2.6829],[133.2629,-2.6759],[133.289,-2.6867],[133.2701,-2.7022],[133.1958,-2.6442],[133.2701,-2.7022],[133.2324,-2.7261],[133.2522,-2.7093],[133.2617,-2.7234],[133.2699,-2.7047],[133.2836,-2.7127],[133.2727,-2.7042],[133.3177,-2.6688],[133.3157,-2.7015],[133.3264,-2.6741],[133.3623,-2.6923],[133.397,-2.6717],[133.3861,-2.7231],[133.4334,-2.7701],[133.4131,-2.7395],[133.4051,-2.7471],[133.4081,-2.7288],[133.3958,-2.7381],[133.3898,-2.7003],[133.4134,-2.6964],[133.4063,-2.7177],[133.4197,-2.7266],[133.4091,-2.7165],[133.427,-2.6929],[133.4523,-2.7295],[133.4342,-2.713],[133.4261,-2.68],[133.4388,-2.6808],[133.46,-2.7241],[133.4589,-2.7067],[133.4828,-2.7036],[133.4819,-2.72],[133.4987,-2.7216],[133.4844,-2.7006],[133.4626,-2.7081],[133.4589,-2.6759],[133.4455,-2.6854],[133.4455,-2.6457],[133.479,-2.638],[133.4545,-2.6564],[133.475,-2.66],[133.4754,-2.6738],[133.4839,-2.6624],[133.4794,-2.683],[133.4911,-2.6633],[133.4726,-2.6493],[133.4941,-2.6433],[133.5147,-2.69],[133.5138,-2.6399],[133.5125,-2.6676],[133.5314,-2.6863],[133.5165,-2.6666],[133.5348,-2.67],[133.5195,-2.6632],[133.5253,-2.6471],[133.5706,-2.6726],[133.539,-2.6397],[133.5652,-2.6396],[133.5374,-2.631],[133.5652,-2.6093],[133.5813,-2.634],[133.6152,-2.6282],[133.6065,-2.6496],[133.6235,-2.6415],[133.6352,-2.6543],[133.6133,-2.613],[133.6233,-2.5972],[133.6037,-2.6116],[133.6144,-2.6241],[133.5865,-2.6318],[133.575,-2.5961],[133.6059,-2.6046],[133.5712,-2.5787],[133.6006,-2.5618],[133.5978,-2.5908],[133.6048,-2.5547],[133.6244,-2.541],[133.6139,-2.5677],[133.6319,-2.574],[133.6357,-2.5618],[133.6499,-2.5886],[133.6361,-2.5574],[133.6306,-2.5695],[133.616,-2.5628],[133.6286,-2.5372],[133.6514,-2.5353],[133.6566,-2.614],[133.6686,-2.5496],[133.6839,-2.5722],[133.6629,-2.6635],[133.672,-2.6849],[133.6512,-2.6754],[133.658,-2.6856],[133.628,-2.6919],[133.6699,-2.6887],[133.6866,-2.7045],[133.6623,-2.7422],[133.6483,-2.7186],[133.6176,-2.7315],[133.6475,-2.722],[133.6553,-2.7439],[133.6428,-2.7991],[133.6186,-2.7842],[133.6361,-2.7956],[133.6425,-2.8668],[133.6363,-2.8112],[133.6545,-2.7918],[133.6737,-2.8258],[133.6515,-2.7732],[133.6543,-2.762],[133.6615,-2.7793],[133.662,-2.7464],[133.6752,-2.7423],[133.6969,-2.7834],[133.6843,-2.758],[133.7021,-2.7615],[133.7222,-2.8154],[133.7056,-2.7642],[133.7307,-2.7662],[133.6763,-2.7365],[133.6927,-2.716],[133.705,-2.7458],[133.6909,-2.7232],[133.7149,-2.7181],[133.6936,-2.709],[133.7173,-2.7065],[133.6952,-2.7025],[133.6799,-2.6777],[133.7001,-2.6186],[133.7235,-2.6508],[133.7171,-2.6236],[133.7375,-2.6258],[133.7442,-2.6457],[133.7396,-2.6303],[133.7622,-2.628],[133.7618,-2.6435],[133.7351,-2.6541],[133.7614,-2.6512],[133.7335,-2.7102],[133.753,-2.6689],[133.7734,-2.7059],[133.738,-2.7252],[133.7368,-2.7541],[133.7401,-2.7272],[133.7661,-2.7238],[133.7851,-2.7647],[133.772,-2.6745],[133.7847,-2.6648],[133.8187,-2.6773],[133.7874,-2.6675],[133.8099,-2.6509],[133.8399,-2.6728],[133.8094,-2.7369],[133.8507,-2.6673],[133.8598,-2.7109],[133.8931,-2.699],[133.9039,-2.7362],[133.9017,-2.7152],[133.9306,-2.7096],[133.8997,-2.7113],[133.8888,-2.694],[133.8612,-2.7061],[133.8665,-2.6765],[133.9038,-2.6801],[133.8635,-2.6732],[133.8783,-2.6511],[133.8581,-2.6685],[133.8741,-2.633],[133.8402,-2.666],[133.8107,-2.64],[133.8193,-2.6256],[133.8365,-2.6404],[133.8183,-2.6225],[133.8182,-2.5426],[133.7969,-2.4893],[133.8823,-2.5057],[133.8698,-2.4915],[133.8184,-2.4956],[133.8038,-2.4834],[133.8276,-2.4635],[133.8408,-2.4744],[133.8337,-2.4474],[133.885,-2.4824],[133.8845,-2.4579],[133.9152,-2.4836],[133.9803,-2.4742],[133.9618,-2.5024],[134.0216,-2.5814],[134.0105,-2.5964],[134.0519,-2.634],[134.0099,-2.5908],[134.0247,-2.5793],[133.9878,-2.5467],[133.9631,-2.4953],[133.986,-2.4866],[134.0006,-2.45],[134.0261,-2.4654],[134.0208,-2.5195],[134.0275,-2.4772],[134.0531,-2.4947],[134.0236,-2.4515],[133.9662,-2.4304],[133.9651,-2.3992],[134.0177,-2.4022],[134.0689,-2.377],[134.0887,-2.3798],[134.089,-2.4059],[134.0966,-2.3894],[134.0665,-2.3747],[134.0156,-2.3987],[134.0033,-2.389],[134.0112,-2.3481],[134.0452,-2.3455],[134.061,-2.3178],[134.0352,-2.3323],[134.0408,-2.2555],[134.0604,-2.2342],[134.0466,-2.2301],[134.0572,-2.2468],[134.0377,-2.2541],[134.041,-2.3437],[134.0111,-2.3423],[133.9984,-2.3624],[133.9678,-2.3426],[133.9676,-2.3201],[134.0054,-2.3003],[134.0146,-2.2423],[134.0024,-2.2255],[134.017,-2.2164],[133.9982,-2.2232],[133.9991,-2.2127],[133.9912,-2.2393],[133.9589,-2.2296],[133.9642,-2.2],[133.9519,-2.2103],[133.9516,-2.2001],[133.9719,-2.1831],[133.9509,-2.1958],[133.954,-2.1706],[133.9728,-2.1497],[134.0219,-2.1562],[134.001,-2.1414],[133.9855,-2.1507],[133.9867,-2.1381],[133.9492,-2.1608],[133.9529,-2.1343],[133.9808,-2.1289],[133.9802,-2.1093],[133.9499,-2.1275],[133.9557,-2.1049],[133.9777,-2.0947],[133.9784,-2.0844],[133.9626,-2.0936],[133.9747,-2.0828],[133.9629,-2.0868],[133.9646,-2.0592],[133.9517,-2.0693],[133.9634,-2.0448],[133.9563,-2.0797],[133.9363,-2.0888],[133.9317,-2.0474],[133.9313,-2.0898],[133.9169,-2.1049],[133.9017,-2.0834],[133.9201,-2.062],[133.9124,-2.0473],[133.9044,-2.0974],[133.8933,-2.0657],[133.8958,-2.0876],[133.8768,-2.0737],[133.9025,-2.101],[133.8853,-2.1094],[133.863,-2.0957],[133.8704,-2.0824],[133.8578,-2.0968],[133.8802,-2.0459],[133.8543,-2.0975],[133.8524,-2.0511],[133.8505,-2.1004],[133.8226,-2.0659],[133.8272,-2.0865],[133.8129,-2.0943],[133.8037,-2.0739],[133.8073,-2.1039],[133.7811,-2.0629],[133.8082,-2.1072],[133.7883,-2.1098],[133.7634,-2.0852],[133.7997,-2.1128],[133.7921,-2.1235],[133.7524,-2.1107],[133.7374,-2.1564],[133.7208,-2.1511],[133.7337,-2.1454],[133.7269,-2.1098],[133.7321,-2.1239],[133.7114,-2.119],[133.7194,-2.1353],[133.6948,-2.1231],[133.7071,-2.1523],[133.7187,-2.1431],[133.7314,-2.163],[133.707,-2.1988],[133.6998,-2.173],[133.6836,-2.1706],[133.6998,-2.1409],[133.6883,-2.1454],[133.6726,-2.1221],[133.6609,-2.1452],[133.662,-2.117],[133.6271,-2.1778],[133.5915,-2.1603],[133.5746,-2.2176],[133.5322,-2.2356],[133.464,-2.2172],[133.4311,-2.2256],[133.4051,-2.1881],[133.409,-2.2062],[133.34,-2.2139],[133.2998,-2.2092],[133.2842,-2.1908],[133.2311,-2.2136],[133.2217,-2.1981],[133.1837,-2.1931],[133.097,-2.2322],[133.03,-2.2389],[132.9649,-2.2906],[132.9516,-2.2725],[132.9031,-2.2779],[132.837,-2.2384],[132.7629,-2.2546],[132.7129,-2.2957],[132.6336,-2.2736],[132.6139,-2.2127],[132.576,-2.1854],[132.5101,-2.1962],[132.3138,-2.277],[132.2491,-2.1989],[132.1931,-2.1587],[132.1951,-2.1436],[132.1418,-2.1431],[132.1273,-2.0875],[132.146,-2.0667],[132.1238,-2.0885],[132.1052,-2.0791],[132.1301,-2.1308],[132.0656,-2.0893],[132.0471,-2.0585],[132.0392,-2.0693],[132.0421,-2.05],[132.0805,-2.0362],[132.1046,-2.0],[132.0851,-2.0146],[132.073,-2.0],[132.0655,-2.0184],[132.056,-1.9999],[132.0612,-2.0109],[132.042,-2.0211],[131.9689,-1.9642],[131.9907,-1.9254],[131.9595,-1.9191],[131.934,-1.8846],[131.9268,-1.8611],[131.95,-1.8421],[131.9249,-1.8097],[131.9965,-1.7403],[132.0082,-1.773],[132.0266,-1.7723],[132.035,-1.7917],[132.054,-1.7746],[132.0707,-1.7847],[132.0591,-1.7693],[132.0403,-1.7841],[132.0376,-1.7621],[132.0377,-1.78],[132.0217,-1.7615],[132.0096,-1.7709],[132.0264,-1.7167],[132.0673,-1.7656],[132.0838,-1.7547],[132.0742,-1.7707],[132.0886,-1.7921],[132.0894,-1.7692],[132.0763,-1.7698],[132.087,-1.7547],[132.0681,-1.7629],[132.04,-1.7235],[132.0668,-1.7226],[132.0753,-1.7385],[132.0726,-1.724],[132.0872,-1.7241],[132.0684,-1.7201],[132.0819,-1.7049],[132.1039,-1.711],[132.0638,-1.6966],[132.0582,-1.7229],[132.0101,-1.6964],[132.0081,-1.6835],[132.0537,-1.6749],[132.0585,-1.6918],[132.0636,-1.659],[132.0426,-1.6692],[132.0157,-1.6554],[132.0354,-1.6347],[132.0105,-1.6408],[132.0245,-1.6648],[132.0055,-1.657],[131.9822,-1.7017],[131.9129,-1.7193],[131.8845,-1.6345],[131.9189,-1.5791],[131.9341,-1.574],[131.9535,-1.5959],[131.9551,-1.5805],[131.9368,-1.5773],[131.9531,-1.556],[131.9115,-1.549],[131.9176,-1.5596],[131.897,-1.575],[131.8484,-1.5808],[131.8095,-1.6138],[131.7685,-1.5727],[131.7123,-1.5737],[131.6974,-1.553],[131.7231,-1.5275],[131.7136,-1.5139],[131.6594,-1.5399],[131.6344,-1.5366],[131.5854,-1.4694],[131.5486,-1.4853],[131.5061,-1.4621],[131.4479,-1.5102],[131.3832,-1.4478],[131.4298,-1.423],[131.4353,-1.4001],[131.4696,-1.3909],[131.4693,-1.3745],[131.4577,-1.3958],[131.437,-1.3789],[131.4702,-1.3269],[131.4348,-1.3758],[131.4462,-1.3961],[131.4057,-1.4231],[131.3928,-1.407],[131.4147,-1.3562],[131.4384,-1.3472],[131.4236,-1.3462],[131.4315,-1.3109],[131.4211,-1.3442],[131.4366,-1.347],[131.4122,-1.3551],[131.3849,-1.3976],[131.3556,-1.361],[131.335,-1.3624],[131.3519,-1.3261],[131.3359,-1.319],[131.3492,-1.2676],[131.3233,-1.3255],[131.3313,-1.3348],[131.3102,-1.3509],[131.2939,-1.3509],[131.2916,-1.3152],[131.2596,-1.322],[131.257,-1.3078],[131.2599,-1.3249],[131.2902,-1.3171],[131.2948,-1.3338],[131.277,-1.3349],[131.3119,-1.3683],[131.2361,-1.3685],[131.2698,-1.3664],[131.2703,-1.3942],[131.3339,-1.4277],[131.3343,-1.4589],[131.2875,-1.4964],[131.2115,-1.5187],[131.1665,-1.4595],[131.0831,-1.447],[130.9936,-1.4549],[130.9273,-1.4293],[130.9942,-1.3838],[131.019,-1.285],[131.0459,-1.2525],[131.1691,-1.2212],[131.2447,-1.0807],[131.237,-1.0234],[131.2835,-0.9857],[131.2647,-0.9898],[131.265,-0.9745],[131.2789,-0.9742],[131.2663,-0.92],[131.3083,-0.921],[131.2401,-0.8757],[131.2226,-0.8174],[131.3943,-0.7741],[131.5058,-0.7262],[131.5368,-0.7249],[131.5425,-0.7384],[131.5033,-0.7691],[131.8326,-0.7091],[131.8975,-0.6778],[131.9226,-0.6247],[131.9829,-0.5704],[132.0681,-0.5371],[132.0881,-0.4795],[132.1663,-0.4246],[132.2383,-0.4049],[132.2564,-0.3802],[132.3303,-0.3838],[132.4126,-0.3435],[132.675,-0.3688],[132.7093,-0.3604],[132.7257,-0.3854],[132.8949,-0.4609],[132.9446,-0.4503],[132.9653,-0.4899],[132.9971,-0.4919],[133.0263,-0.5153],[133.0712,-0.5122],[133.0916,-0.5431],[133.1423,-0.5391],[133.1545,-0.566],[133.1359,-0.5885],[133.1559,-0.5681],[133.2255,-0.5944],[133.228,-0.6272],[133.2382,-0.6079],[133.3217,-0.6971],[133.3914,-0.7403],[133.534,-0.7502],[133.5423,-0.7815],[133.494,-0.8042],[133.5393,-0.7891],[133.5369,-0.7495],[133.565,-0.741],[133.5685,-0.7216],[133.7159,-0.751],[133.7365,-0.7352],[133.7351,-0.7169],[133.7925,-0.7243],[133.8114,-0.7479],[133.8755,-0.7118],[133.9294,-0.7299],[133.9456,-0.7117],[133.9719,-0.7175],[134.0324,-0.7933],[134.0822,-0.81],[134.1364,-0.8586],[134.1218,-0.8755],[134.0903,-0.8754],[134.0729,-0.8569],[134.0708,-0.8733],[134.0546,-0.8652],[134.0457,-0.9246],[134.0204,-0.9312],[134.0113,-0.9578],[134.0712,-1.0247],[134.0709,-1.0653],[134.1289,-1.1482],[134.1197,-1.1629],[134.132,-1.1481],[134.1902,-1.1953],[134.2473,-1.3082],[134.278,-1.3357],[134.2767,-1.3502],[134.2632,-1.34],[134.2425,-1.3566],[134.2128,-1.407],[134.1986,-1.5469],[134.1188,-1.6363],[134.0696,-1.6546],[134.0766,-1.6871],[134.0939,-1.6842],[134.0815,-1.6924],[134.1008,-1.745],[134.1021,-1.861],[134.122,-1.8628],[134.1342,-1.9558],[134.1544,-1.9638],[134.1368,-1.9663],[134.1326,-2.0294],[134.1227,-2.024],[134.1036,-2.0524],[134.1205,-2.1653],[134.1416,-2.1576],[134.1464,-2.1737],[134.1475,-2.2063],[134.1288,-2.2054],[134.1274,-2.2188],[134.1459,-2.2243],[134.1371,-2.2406],[134.1586,-2.2535],[134.161,-2.3114],[134.2158,-2.4245],[134.2465,-2.4434],[134.2611,-2.4337],[134.277,-2.4706],[134.2653,-2.4822],[134.3196,-2.5069],[134.286,-2.5235],[134.316,-2.5218],[134.3107,-2.5368],[134.3418,-2.5546],[134.3423,-2.5794],[134.3203,-2.5886],[134.3357,-2.5881],[134.3606,-2.6215],[134.3496,-2.6277],[134.3762,-2.6462],[134.3671,-2.668],[134.4085,-2.7216],[134.4078,-2.7708],[134.4565,-2.8148],[134.4443,-2.8497],[134.4552,-2.8674],[134.4966,-2.8712],[134.4888,-2.8518],[134.5123,-2.8529],[134.4975,-2.8496],[134.5137,-2.8478],[134.5213,-2.7956],[134.4577,-2.553],[134.511,-2.4861],[134.5683,-2.4877],[134.5152,-2.4797],[134.5198,-2.4672],[134.5509,-2.4757],[134.5309,-2.4511],[134.5654,-2.4573],[134.5996,-2.4907],[134.6303,-2.4787],[134.659,-2.5972],[134.659,-2.826]],[[134.7429,-4.056],[134.7549,-4.0256],[134.7405,-4.0303],[134.7429,-4.056]],[[135.0007,-3.8734],[135.0249,-3.8688],[134.989,-3.8473],[134.9778,-3.8584],[135.0007,-3.8734]],[[134.3049,-3.6221],[134.2808,-3.6128],[134.2746,-3.6441],[134.3021,-3.6394],[134.3049,-3.6221]],[[134.3383,-3.6729],[134.3022,-3.6805],[134.3048,-3.6467],[134.2891,-3.6601],[134.2964,-3.6715],[134.2658,-3.6693],[134.2667,-3.6852],[134.2463,-3.6947],[134.3383,-3.6859],[134.3552,-3.6784],[134.3383,-3.6729]],[[134.2005,-3.7776],[134.2127,-3.7736],[134.2353,-3.8052],[134.2439,-3.7923],[134.1928,-3.7139],[134.1806,-3.7391],[134.1941,-3.7327],[134.2065,-3.7506],[134.2005,-3.7776]],[[135.0874,-3.9117],[135.0746,-3.9034],[135.0819,-3.8727],[135.0413,-3.826],[135.0308,-3.8357],[135.0736,-3.8907],[135.0538,-3.8907],[135.0539,-3.8745],[135.0288,-3.8917],[135.0874,-3.9117]]],[[[130.2143,-0.2106],[130.3323,-0.2172],[130.3625,-0.1999],[130.3696,-0.2375],[130.4114,-0.209],[130.4391,-0.21],[130.429,-0.1726],[130.3698,-0.1814],[130.4184,-0.1662],[130.4161,-0.1267],[130.4111,-0.1366],[130.3914,-0.1246],[130.4116,-0.1629],[130.3782,-0.1579],[130.3842,-0.1722],[130.3652,-0.137],[130.359,-0.1603],[130.3322,-0.1406],[130.3497,-0.1912],[130.2982,-0.1747],[130.3001,-0.1486],[130.276,-0.1388],[130.2891,-0.1325],[130.2747,-0.1131],[130.2912,-0.0923],[130.3417,-0.1104],[130.3475,-0.0821],[130.3588,-0.1363],[130.375,-0.1193],[130.3622,-0.0766],[130.3978,-0.0781],[130.39,-0.1082],[130.4062,-0.1128],[130.4107,-0.1],[130.4282,-0.1039],[130.4187,-0.0865],[130.4309,-0.0761],[130.4408,-0.0988],[130.452,-0.0798],[130.5171,-0.0661],[130.5062,-0.0487],[130.5332,-0.0542],[130.5369,-0.0753],[130.5529,-0.071],[130.5404,-0.0551],[130.571,-0.0733],[130.5624,-0.0363],[130.5801,-0.06],[130.587,-0.0402],[130.6294,-0.0636],[130.7233,-0.0334],[130.7048,-0.0637],[130.7462,-0.061],[130.7818,-0.0472],[130.7368,-0.0391],[130.7513,-0.0195],[130.8209,-0.007],[130.9226,-0.0461],[130.9385,-0.0402],[130.9601,-0.0612],[130.9569,-0.0394],[130.9916,-0.0467],[131.0261,-0.0222],[131.0316,-0.0511],[131.0146,-0.0597],[131.1093,-0.0651],[131.1592,-0.1095],[131.1892,-0.1108],[131.1915,-0.1272],[131.238,-0.1465],[131.2581,-0.1356],[131.3012,-0.1646],[131.3127,-0.2055],[131.2881,-0.2429],[131.3347,-0.2983],[131.2928,-0.3053],[131.2928,-0.3251],[131.2714,-0.3314],[131.2664,-0.3502],[131.2344,-0.3459],[131.2348,-0.385],[131.1864,-0.3755],[131.1818,-0.345],[131.1621,-0.3348],[131.115,-0.3309],[131.1327,-0.3072],[131.1153,-0.3139],[131.0975,-0.2975],[131.1157,-0.3148],[131.1311,-0.3083],[131.1136,-0.3308],[131.073,-0.3168],[131.0275,-0.3547],[130.9946,-0.3409],[130.9892,-0.3574],[130.9562,-0.3517],[130.916,-0.3025],[130.8921,-0.3005],[130.9032,-0.2938],[130.8955,-0.272],[130.8596,-0.23],[130.7965,-0.2373],[130.7653,-0.1783],[130.7153,-0.1597],[130.7007,-0.1108],[130.6744,-0.1067],[130.6955,-0.0913],[130.6595,-0.0826],[130.6324,-0.0984],[130.6131,-0.0821],[130.6031,-0.0978],[130.6526,-0.1251],[130.6044,-0.1258],[130.6232,-0.1483],[130.6096,-0.1365],[130.6067,-0.1493],[130.6408,-0.1585],[130.6786,-0.2199],[130.7236,-0.2471],[130.7418,-0.2778],[130.7339,-0.2958],[130.783,-0.2917],[130.815,-0.3139],[130.8224,-0.2903],[130.8533,-0.3132],[130.9162,-0.3078],[130.942,-0.3548],[130.9167,-0.3596],[130.9338,-0.3803],[130.8717,-0.4289],[130.809,-0.4477],[130.7703,-0.435],[130.7228,-0.4477],[130.6958,-0.415],[130.6872,-0.3555],[130.6611,-0.3422],[130.6936,-0.3212],[130.6861,-0.3036],[130.6618,-0.2969],[130.6135,-0.3213],[130.5901,-0.3109],[130.5617,-0.3639],[130.5872,-0.3585],[130.5873,-0.3827],[130.5528,-0.4357],[130.5365,-0.4274],[130.555,-0.3951],[130.5542,-0.3783],[130.5398,-0.3854],[130.5408,-0.3011],[130.5205,-0.3091],[130.5105,-0.2263],[130.4327,-0.2884],[130.4258,-0.2586],[130.3703,-0.2588],[130.3766,-0.2742],[130.3404,-0.252],[130.3147,-0.2706],[130.3161,-0.249],[130.2884,-0.2283],[130.2143,-0.2106]]],[[[130.3817,-1.9797],[130.4156,-2.0098],[130.4659,-2.0052],[130.4441,-2.0226],[130.3607,-2.0378],[130.4061,-2.0129],[130.3948,-2.0019],[130.3767,-2.0127],[130.3711,-1.9968],[130.3217,-1.9815],[130.3425,-1.973],[130.3416,-1.9527],[130.3048,-2.0001],[130.2864,-1.9997],[130.2941,-2.0115],[130.2411,-2.0045],[130.2716,-2.0286],[130.2537,-2.0535],[130.1222,-2.0617],[130.0807,-2.0429],[130.109,-2.0387],[130.0866,-2.0298],[130.0942,-2.0174],[130.0641,-2.0271],[130.0483,-2.0147],[130.0368,-2.0285],[130.0349,-2.0122],[130.0103,-2.0241],[130.0191,-2.0086],[129.9841,-2.0181],[129.9788,-2.0025],[129.9604,-2.0145],[129.9418,-2.0087],[129.94,-1.9913],[129.8575,-1.9693],[129.7258,-1.8909],[129.7376,-1.8863],[129.7178,-1.8697],[129.7452,-1.8428],[129.8044,-1.8252],[129.814,-1.8359],[129.8971,-1.7753],[129.9724,-1.7605],[130.0523,-1.7177],[130.0946,-1.7231],[130.1218,-1.7064],[130.2546,-1.7221],[130.2712,-1.6903],[130.3461,-1.6647],[130.3772,-1.6839],[130.3473,-1.7245],[130.416,-1.7727],[130.4545,-1.8288],[130.4277,-1.8579],[130.4017,-1.8627],[130.4139,-1.8733],[130.4057,-1.8923],[130.335,-1.9189],[130.3676,-1.9338],[130.3526,-1.9545],[130.3725,-1.9428],[130.4315,-1.9528],[130.4134,-1.9857],[130.4085,-1.9715],[130.3817,-1.9797]]],[[[130.634,-0.9614],[130.7409,-0.93],[130.7904,-0.9311],[130.8312,-0.8976],[130.8572,-0.9058],[130.8994,-0.8898],[130.9241,-0.8923],[130.9222,-0.9287],[130.9368,-0.9412],[131.0272,-0.9117],[131.0496,-0.9301],[131.0579,-0.9622],[131.08,-0.9694],[131.0512,-1.0095],[131.0815,-1.011],[131.0298,-1.1968],[131.0395,-1.2421],[131.0011,-1.2762],[130.9896,-1.3327],[130.9678,-1.3548],[130.8985,-1.3199],[130.8569,-1.3462],[130.8332,-1.3064],[130.8196,-1.3073],[130.8295,-1.2973],[130.8076,-1.268],[130.7575,-1.2561],[130.7361,-1.2189],[130.7439,-1.1935],[130.7269,-1.1851],[130.7352,-1.1664],[130.6783,-1.1134],[130.7142,-1.101],[130.7042,-1.0892],[130.7153,-1.0811],[130.6357,-0.9831],[130.634,-0.9614]]],[[[130.5,-0.8022],[130.4837,-0.8337],[130.5421,-0.8421],[130.5646,-0.8228],[130.5665,-0.7953],[130.5853,-0.8117],[130.582,-0.8337],[130.6216,-0.8153],[130.6329,-0.7933],[130.6322,-0.8078],[130.647,-0.8055],[130.6387,-0.8171],[130.6625,-0.828],[130.6863,-0.8218],[130.6677,-0.8001],[130.7093,-0.8105],[130.7022,-0.8294],[130.7157,-0.8311],[130.7197,-0.8156],[130.7663,-0.8197],[130.7932,-0.7958],[130.7831,-0.8144],[130.7928,-0.8228],[130.8103,-0.8051],[130.8117,-0.8272],[130.8137,-0.7842],[130.7922,-0.7722],[130.8023,-0.7538],[130.8275,-0.7909],[130.8414,-0.768],[130.8563,-0.8046],[130.8653,-0.7947],[130.8445,-0.7805],[130.8515,-0.7655],[130.8677,-0.7663],[130.8674,-0.7796],[130.885,-0.7664],[130.8857,-0.7838],[130.8945,-0.7647],[130.8938,-0.7769],[130.9248,-0.7835],[130.9173,-0.7986],[130.89,-0.7922],[130.8568,-0.8126],[130.8722,-0.8323],[130.8974,-0.833],[130.8715,-0.8486],[130.8641,-0.8343],[130.8577,-0.8547],[130.8441,-0.8407],[130.8499,-0.8595],[130.8352,-0.8659],[130.7985,-0.8614],[130.7832,-0.8759],[130.5799,-0.9164],[130.5468,-0.9069],[130.5082,-0.9221],[130.5267,-0.9081],[130.5183,-0.8982],[130.4678,-0.9009],[130.4688,-0.92],[130.4509,-0.9022],[130.3882,-0.9283],[130.4114,-0.8995],[130.4649,-0.8853],[130.4334,-0.8671],[130.4552,-0.8585],[130.4505,-0.8088],[130.4611,-0.8034],[130.4704,-0.8231],[130.4711,-0.7995],[130.5,-0.8022]]],[[[130.4395,-0.5115],[130.4963,-0.4845],[130.4588,-0.4861],[130.4589,-0.4583],[130.4866,-0.4596],[130.4785,-0.4403],[130.5046,-0.4377],[130.5006,-0.4774],[130.557,-0.4501],[130.5652,-0.4298],[130.615,-0.4252],[130.6119,-0.4005],[130.6909,-0.4495],[130.683,-0.4759],[130.6659,-0.4641],[130.6782,-0.475],[130.6509,-0.5176],[130.576,-0.5436],[130.5585,-0.525],[130.5839,-0.5296],[130.5844,-0.4981],[130.6061,-0.4977],[130.5927,-0.4788],[130.5625,-0.4744],[130.5359,-0.5161],[130.5065,-0.507],[130.4488,-0.5228],[130.4395,-0.5115]]],[[[133.4998,-4.2529],[133.457,-4.2549],[133.4258,-4.2131],[133.392,-4.2091],[133.3687,-4.1836],[133.3344,-4.1873],[133.3524,-4.1713],[133.3287,-4.1548],[133.3221,-4.1025],[133.3655,-4.1119],[133.3756,-4.1401],[133.448,-4.1836],[133.5616,-4.2245],[133.641,-4.3024],[133.6381,-4.3182],[133.5585,-4.2412],[133.4998,-4.2529]]],[[[129.7393,-1.1769],[129.8657,-1.1304],[129.9776,-1.1594],[129.9312,-1.2028],[129.9284,-1.174],[129.8806,-1.216],[129.8274,-1.2369],[129.8299,-1.2188],[129.8633,-1.1994],[129.871,-1.2111],[129.8954,-1.1825],[129.7492,-1.2082],[129.7393,-1.1769]]],[[[134.3594,-2.001],[134.4023,-1.9974],[134.4126,-2.0448],[134.3485,-2.1667],[134.3344,-2.1087],[134.3085,-2.0971],[134.3272,-2.0913],[134.3151,-2.0775],[134.3594,-2.001]]],[[[134.167,-1.95],[134.1524,-1.9066],[134.1363,-1.9073],[134.1479,-1.9004],[134.1483,-1.8264],[134.1803,-1.7962],[134.2019,-1.7373],[134.2281,-1.7347],[134.2391,-1.7535],[134.2149,-1.797],[134.2074,-1.7802],[134.1958,-1.7924],[134.1959,-1.8316],[134.2052,-1.8078],[134.2154,-1.8279],[134.167,-1.95]]],[[[133.8718,-2.3865],[133.8945,-2.4015],[133.892,-2.3909],[133.9227,-2.3946],[133.9122,-2.427],[133.9267,-2.3971],[133.9542,-2.3967],[133.9536,-2.4465],[133.9729,-2.4367],[133.9961,-2.4507],[133.9852,-2.475],[133.9127,-2.4769],[133.8537,-2.4004],[133.8718,-2.3865]]],[[[133.5045,-2.4447],[133.4915,-2.4251],[133.5183,-2.4129],[133.561,-2.4457],[133.557,-2.4726],[133.5791,-2.4699],[133.5575,-2.4688],[133.5729,-2.4483],[133.6071,-2.4679],[133.5968,-2.4869],[133.6104,-2.4609],[133.6275,-2.5044],[133.6019,-2.5246],[133.574,-2.5152],[133.5805,-2.496],[133.5702,-2.5052],[133.5269,-2.4822],[133.5211,-2.4484],[133.5045,-2.4447]]],[[[133.7851,-2.4819],[133.7828,-2.4633],[133.7726,-2.4805],[133.7458,-2.4556],[133.7501,-2.4402],[133.7397,-2.4445],[133.7582,-2.4206],[133.8448,-2.4087],[133.8808,-2.4537],[133.866,-2.4709],[133.8353,-2.444],[133.7851,-2.4819]]],[[[133.7054,-2.555],[133.7052,-2.5389],[133.7395,-2.5595],[133.7337,-2.5799],[133.7459,-2.5777],[133.7424,-2.5609],[133.7662,-2.5633],[133.7749,-2.5851],[133.7538,-2.5935],[133.7773,-2.5873],[133.7704,-2.5716],[133.7845,-2.5838],[133.7888,-2.6043],[133.7752,-2.6136],[133.7929,-2.6111],[133.8015,-2.6542],[133.7535,-2.6671],[133.7659,-2.6248],[133.7025,-2.6126],[133.7089,-2.5837],[133.7257,-2.594],[133.7054,-2.555]]],[[[134.146,-4.0001],[134.0822,-3.9836],[134.0731,-3.9415],[134.0504,-3.9201],[134.101,-3.915],[134.1655,-3.9729],[134.1814,-4.0111],[134.2068,-4.0167],[134.1991,-4.0308],[134.146,-4.0001]]],[[[129.9995,0.1917],[129.9885,0.2237],[130.0081,0.2431],[130.0373,0.2195],[130.0934,0.2382],[130.0935,0.1797],[130.0359,0.1716],[129.9995,0.1917]]],[[[133.8779,-2.3106],[133.946,-2.301],[133.9659,-2.2739],[133.9541,-2.2755],[133.9585,-2.2546],[133.9785,-2.2449],[133.9583,-2.2471],[133.9676,-2.2342],[133.9952,-2.2416],[134.0006,-2.2275],[134.0118,-2.2452],[134.0012,-2.2982],[133.9597,-2.3238],[133.8793,-2.3409],[133.8599,-2.3324],[133.8779,-2.3106]]],[[[129.8829,-0.501],[129.8633,-0.5043],[129.8445,-0.4383],[129.8799,-0.4088],[129.9099,-0.4084],[129.9161,-0.4529],[129.9023,-0.4514],[129.9047,-0.4779],[129.8829,-0.501]]],[[[134.5705,-2.3003],[134.5883,-2.3985],[134.5609,-2.4057],[134.577,-2.4243],[134.562,-2.4438],[134.5324,-2.4323],[134.5615,-2.4177],[134.5118,-2.4022],[134.5078,-2.3877],[134.5216,-2.3856],[134.5019,-2.3681],[134.5592,-2.3704],[134.5678,-2.3414],[134.551,-2.3333],[134.5627,-2.2839],[134.5705,-2.3003]]],[[[133.8823,-2.3667],[133.8754,-2.3569],[133.9254,-2.3338],[133.9453,-2.3598],[133.9323,-2.3357],[133.9565,-2.3303],[133.9995,-2.3826],[133.9312,-2.3859],[133.8823,-2.3667]]],[[[132.7029,-3.4566],[132.723,-3.4971],[132.6938,-3.5123],[132.6752,-3.4919],[132.6817,-3.4535],[132.6362,-3.4329],[132.6296,-3.4066],[132.6615,-3.4065],[132.6815,-3.4467],[132.7029,-3.4566]]],[[[130.1088,0.0006],[130.1163,-0.027],[130.1388,-0.0214],[130.115,-0.0444],[130.1456,-0.0513],[130.1526,-0.0389],[130.163,-0.07],[130.1305,-0.1026],[130.0915,-0.0712],[130.0928,-0.0418],[130.1067,-0.038],[130.0837,0.0003],[130.0873,0.0106],[130.1088,0.0006]]],[[[133.5048,-2.6058],[133.5203,-2.6248],[133.5021,-2.642],[133.4717,-2.6177],[133.4803,-2.5676],[133.4893,-2.591],[133.5109,-2.5771],[133.4783,-2.5624],[133.4712,-2.5278],[133.4876,-2.5106],[133.5224,-2.5853],[133.487,-2.6068],[133.5048,-2.6058]]],[[[131.1405,-1.0002],[131.1466,-1.0169],[131.1265,-1.028],[131.1273,-1.0467],[131.1046,-1.0521],[131.1083,-1.0715],[131.0955,-1.0643],[131.1048,-1.0809],[131.073,-1.0802],[131.0898,-1.0031],[131.1405,-1.0002]]],[[[133.4169,-2.5483],[133.4589,-2.5581],[133.4651,-2.6207],[133.4178,-2.6948],[133.4139,-2.6547],[133.428,-2.6586],[133.4156,-2.6454],[133.4422,-2.623],[133.4295,-2.5816],[133.4495,-2.5789],[133.4307,-2.5784],[133.4169,-2.5483]]],[[[133.8699,-3.7446],[133.8736,-3.7188],[133.8973,-3.7388],[133.9294,-3.849],[133.9245,-3.8783],[133.8699,-3.7446]]],[[[133.7732,-2.5163],[133.7981,-2.5182],[133.8133,-2.5458],[133.8094,-2.6348],[133.7739,-2.5547],[133.7732,-2.5163]]],[[[133.8613,-2.2798],[133.8626,-2.2417],[133.8894,-2.2396],[133.8707,-2.2361],[133.8896,-2.2117],[133.8713,-2.2045],[133.9114,-2.1875],[133.9008,-2.2653],[133.8613,-2.2798]]],[[[133.8125,-2.2802],[133.8201,-2.2532],[133.839,-2.2636],[133.8229,-2.2402],[133.8506,-2.2403],[133.8436,-2.2219],[133.8568,-2.2125],[133.826,-2.23],[133.8145,-2.2196],[133.8598,-2.2027],[133.8777,-2.2121],[133.8549,-2.2875],[133.8125,-2.2802]]],[[[131.0632,-0.5043],[131.0962,-0.5176],[131.0962,-0.5563],[131.081,-0.5674],[131.0479,-0.543],[131.0632,-0.5043]]],[[[131.3303,-1.4025],[131.2731,-1.3808],[131.311,-1.3744],[131.3104,-1.3541],[131.328,-1.3508],[131.3326,-1.3663],[131.3571,-1.3664],[131.3616,-1.394],[131.3303,-1.4025]]],[[[133.8053,-2.1986],[133.7903,-2.185],[133.8228,-2.1568],[133.8717,-2.1511],[133.8488,-2.1614],[133.8489,-2.1937],[133.8053,-2.1986]]],[[[133.7054,-2.5049],[133.7446,-2.5054],[133.7619,-2.5566],[133.7181,-2.5491],[133.7054,-2.5049]]],[[[133.65,-2.2219],[133.6364,-2.2334],[133.6196,-2.2167],[133.5949,-2.2258],[133.5862,-2.1941],[133.6044,-2.2023],[133.6038,-2.1876],[133.6459,-2.1691],[133.6469,-2.1969],[133.6304,-2.199],[133.65,-2.2219]]],[[[133.6847,-2.2262],[133.7189,-2.2103],[133.7331,-2.1766],[133.7781,-2.1798],[133.7014,-2.242],[133.6847,-2.2262]]],[[[134.4124,-4.002],[134.4434,-4.0157],[134.436,-4.0263],[134.3641,-4.0289],[134.388,-4.0195],[134.3761,-3.9802],[134.4124,-4.002]]],[[[133.3652,-2.4437],[133.375,-2.496],[133.3218,-2.4381],[133.3393,-2.4215],[133.3652,-2.4437]]],[[[133.4136,-2.6297],[133.3994,-2.5659],[133.4101,-2.5514],[133.4398,-2.6084],[133.4288,-2.6392],[133.4136,-2.6297]]],[[[133.5287,-2.5783],[133.5457,-2.5486],[133.5758,-2.5535],[133.5687,-2.6058],[133.5463,-2.6071],[133.5287,-2.5783]]],[[[132.5093,-3.1368],[132.4739,-3.1333],[132.4358,-3.0976],[132.497,-3.1115],[132.5442,-3.1382],[132.5413,-3.1516],[132.5093,-3.1368]]],[[[133.7835,-2.2552],[133.7789,-2.2376],[133.8042,-2.2242],[133.8523,-2.2308],[133.8208,-2.2375],[133.8097,-2.276],[133.7835,-2.2552]]],[[[133.7925,-2.1504],[133.7918,-2.1312],[133.8369,-2.0763],[133.8499,-2.1039],[133.8343,-2.1351],[133.8159,-2.1273],[133.8195,-2.1113],[133.8124,-2.1274],[133.8272,-2.1395],[133.7925,-2.1504]]],[[[129.7431,-1.1551],[129.7101,-1.188],[129.6954,-1.166],[129.674,-1.1647],[129.746,-1.1397],[129.7431,-1.1551]]],[[[131.0596,0.0222],[131.0447,0.0394],[131.0778,0.0455],[131.0978,0.0035],[131.0766,-0.0015],[131.0772,0.0211],[131.0596,0.0222]]],[[[133.9019,-2.1754],[133.8861,-2.161],[133.8885,-2.1485],[133.904,-2.1613],[133.8941,-2.1434],[133.9233,-2.1518],[133.921,-2.1403],[133.9514,-2.1349],[133.9465,-2.1608],[133.9019,-2.1754]]],[[[133.459,-2.5322],[133.456,-2.5537],[133.4091,-2.538],[133.441,-2.5028],[133.459,-2.5322]]],[[[132.4576,-2.6372],[132.4699,-2.6224],[132.5095,-2.6468],[132.4638,-2.6658],[132.4576,-2.6372]]],[[[133.6924,-2.2538],[133.7715,-2.2175],[133.7563,-2.2518],[133.6889,-2.2658],[133.6924,-2.2538]]],[[[133.9465,-2.2557],[133.9132,-2.2268],[133.9312,-2.1889],[133.9462,-2.19],[133.936,-2.2229],[133.9465,-2.2557]]],[[[133.8816,-2.2861],[133.9116,-2.2691],[133.9407,-2.2798],[133.9328,-2.3017],[133.8816,-2.2861]]],[[[134.0015,-3.8538],[134.0016,-3.8215],[134.0293,-3.823],[134.0238,-3.8125],[134.0492,-3.8238],[134.0406,-3.843],[134.0015,-3.8538]]],[[[130.2098,-2.1832],[130.2944,-2.1937],[130.2611,-2.1953],[130.2693,-2.2099],[130.2487,-2.2122],[130.2209,-2.1973],[130.2438,-2.1872],[130.2098,-2.1832]]],[[[130.2355,-0.3015],[130.2319,-0.3184],[130.2063,-0.3126],[130.2008,-0.2839],[130.2255,-0.2772],[130.2355,-0.3015]]],[[[133.6519,-2.2215],[133.6335,-2.1968],[133.6485,-2.1974],[133.6517,-2.1604],[133.6831,-2.1328],[133.6503,-2.193],[133.6698,-2.2076],[133.6519,-2.2215]]],[[[133.9349,-2.2721],[133.9031,-2.2549],[133.905,-2.23],[133.9445,-2.2592],[133.9349,-2.2721]]],[[[134.2269,-4.0024],[134.2608,-4.0188],[134.2632,-4.0445],[134.235,-4.0347],[134.2269,-4.0024]]],[[[130.7275,-0.4816],[130.7417,-0.4688],[130.7526,-0.4802],[130.7199,-0.5081],[130.7108,-0.4856],[130.7275,-0.4816]]],[[[133.7963,-3.111],[133.7652,-3.0792],[133.7724,-3.0536],[133.7963,-3.111]]],[[[133.6545,-2.5141],[133.6554,-2.4938],[133.6747,-2.4909],[133.6853,-2.5339],[133.6545,-2.5141]]],[[[133.8771,-2.1404],[133.8506,-2.1289],[133.8528,-2.1158],[133.8644,-2.1227],[133.8591,-2.1011],[133.886,-2.113],[133.8771,-2.1404]]],[[[129.6372,-1.765],[129.6517,-1.8287],[129.6252,-1.7888],[129.6368,-1.7895],[129.6372,-1.765]]],[[[133.7665,-2.168],[133.7298,-2.1562],[133.7426,-2.1589],[133.7476,-2.1259],[133.7798,-2.1461],[133.7665,-2.168]]],[[[133.4002,-2.6404],[133.3988,-2.582],[133.416,-2.6149],[133.4027,-2.6643],[133.4002,-2.6404]]],[[[131.1227,0.0913],[131.1561,0.0658],[131.1066,0.0799],[131.1227,0.0913]]],[[[130.917,0.0111],[130.9304,0.0232],[130.9596,0.0166],[130.9233,-0.0081],[130.917,0.0111]]],[[[130.5184,-0.8302],[130.5088,-0.804],[130.5497,-0.7982],[130.5426,-0.8242],[130.5184,-0.8302]]],[[[131.0995,0.0768],[131.1308,0.0375],[131.098,0.0516],[131.0859,0.0714],[131.0995,0.0768]]],[[[130.2584,-1.4668],[130.2048,-1.476],[130.2627,-1.45],[130.2584,-1.4668]]],[[[134.3817,-2.5295],[134.3956,-2.5401],[134.3888,-2.5788],[134.3702,-2.5507],[134.3817,-2.5295]]],[[[133.5253,-2.5941],[133.5377,-2.6138],[133.5243,-2.6443],[133.5076,-2.6039],[133.5253,-2.5941]]],[[[134.7301,-3.9504],[134.6882,-3.9608],[134.6751,-3.9402],[134.7111,-3.9367],[134.7301,-3.9504]]],[[[133.9356,-2.1162],[133.9396,-2.0909],[133.9599,-2.0837],[133.9496,-2.1239],[133.9145,-2.1359],[133.9356,-2.1162]]],[[[133.7837,-2.1245],[133.7862,-2.1569],[133.7695,-2.1685],[133.7826,-2.1424],[133.7436,-2.1226],[133.766,-2.1128],[133.7837,-2.1245]]],[[[129.6343,-1.2714],[129.6582,-1.2797],[129.6634,-1.2993],[129.6251,-1.2931],[129.6343,-1.2714]]],[[[130.519,-0.309],[130.5148,-0.3283],[130.4839,-0.3218],[130.4921,-0.2994],[130.519,-0.309]]],[[[133.894,-2.1341],[133.893,-2.1115],[133.9249,-2.1113],[133.894,-2.1341]]],[[[129.3302,-1.1453],[129.3555,-1.1527],[129.302,-1.1687],[129.3302,-1.1453]]],[[[134.8335,-3.951],[134.8568,-3.9497],[134.8592,-3.9793],[134.8431,-3.9798],[134.8335,-3.951]]],[[[130.8688,0.0239],[130.8877,0.0311],[130.9009,0.0084],[130.8767,0.0055],[130.8688,0.0239]]],[[[130.7738,-0.8021],[130.7556,-0.7757],[130.7649,-0.7811],[130.765,-0.7625],[130.7831,-0.7538],[130.7718,-0.7783],[130.7893,-0.7825],[130.7738,-0.8021]]],[[[133.6767,-2.1907],[133.6766,-2.1761],[133.7006,-2.1769],[133.7004,-2.1989],[133.671,-2.2029],[133.6547,-2.1946],[133.6656,-2.1806],[133.6767,-2.1907]]],[[[130.2279,-0.3423],[130.1806,-0.3186],[130.2219,-0.3269],[130.2279,-0.3423]]],[[[133.9506,-2.1789],[133.922,-2.1901],[133.9091,-2.1804],[133.9427,-2.1685],[133.9506,-2.1789]]],[[[130.3076,-0.659],[130.2662,-0.668],[130.2972,-0.6475],[130.3076,-0.659]]],[[[133.6032,-3.4366],[133.6138,-3.4216],[133.6313,-3.4266],[133.6232,-3.4549],[133.6032,-3.4366]]],[[[133.8751,-2.1852],[133.88,-2.1709],[133.9041,-2.1843],[133.8709,-2.2022],[133.8751,-2.1852]]],[[[132.7523,-3.448],[132.7492,-3.4786],[132.7387,-3.4475],[132.7523,-3.448]]],[[[131.1506,-1.2228],[131.1408,-1.2179],[131.1818,-1.1891],[131.1506,-1.2228]]],[[[130.2109,-0.186],[130.2054,-0.1773],[130.23,-0.1667],[130.247,-0.182],[130.2109,-0.186]]],[[[129.3561,-1.1592],[129.3754,-1.1565],[129.3803,-1.1744],[129.3571,-1.1739],[129.3561,-1.1592]]],[[[134.739,-2.0536],[134.7252,-2.0267],[134.7386,-2.018],[134.739,-2.0536]]],[[[130.731,-0.7996],[130.7151,-0.7748],[130.7333,-0.7875],[130.7473,-0.7685],[130.731,-0.7996]]],[[[130.2695,-0.1759],[130.2458,-0.1771],[130.258,-0.158],[130.2444,-0.1525],[130.2596,-0.1519],[130.2695,-0.1759]]],[[[132.5697,-3.1614],[132.5493,-3.1446],[132.5554,-3.1319],[132.5697,-3.1614]]],[[[130.5679,-1.9999],[130.5473,-1.994],[130.5607,-1.9863],[130.6004,-1.9973],[130.5679,-1.9999]]],[[[129.4477,-1.1765],[129.4682,-1.1757],[129.4643,-1.1608],[129.4468,-1.1635],[129.4664,-1.1549],[129.4809,-1.1705],[129.4576,-1.1853],[129.4477,-1.1765]]],[[[129.7906,-1.2475],[129.8278,-1.2424],[129.7958,-1.2579],[129.7906,-1.2475]]],[[[133.7351,-2.2715],[133.7329,-2.2533],[133.7612,-2.2565],[133.7351,-2.2715]]],[[[131.1532,-1.0722],[131.1552,-1.0358],[131.1649,-1.0588],[131.1532,-1.0722]]],[[[134.0965,-0.8989],[134.094,-0.8871],[134.1077,-0.8913],[134.1088,-0.9181],[134.0965,-0.8989]]],[[[132.7491,-3.4076],[132.7451,-3.4275],[132.7356,-3.4126],[132.7422,-3.3959],[132.7491,-3.4076]]],[[[130.4374,-1.9799],[130.4181,-1.9851],[130.443,-1.953],[130.4374,-1.9799]]],[[[130.1501,-0.7432],[130.1239,-0.7539],[130.1348,-0.7339],[130.1474,-0.7298],[130.1501,-0.7432]]],[[[131.118,-1.0754],[131.1054,-1.0552],[131.1199,-1.0492],[131.1309,-1.0588],[131.118,-1.0754]]],[[[133.6494,-2.1473],[133.6752,-2.1304],[133.6676,-2.1542],[133.6494,-2.1473]]],[[[133.4369,-2.5001],[133.4315,-2.481],[133.4487,-2.4872],[133.4369,-2.5001]]],[[[133.6711,-2.1886],[133.6611,-2.1745],[133.6826,-2.1589],[133.6711,-2.1886]]],[[[130.4647,-2.1387],[130.4403,-2.1241],[130.486,-2.1334],[130.4647,-2.1387]]],[[[130.6673,-0.3089],[130.6473,-0.3336],[130.6408,-0.3143],[130.6673,-0.3089]]],[[[132.5652,-2.6436],[132.5632,-2.6539],[132.5369,-2.6469],[132.5652,-2.6436]]],[[[131.0429,-1.214],[131.04,-1.1935],[131.0538,-1.203],[131.0429,-1.214]]],[[[130.1456,-0.3279],[130.1304,-0.312],[130.1479,-0.3116],[130.1456,-0.3279]]],[[[130.231,-0.7263],[130.2183,-0.7482],[130.2151,-0.7288],[130.231,-0.7263]]],[[[134.0382,-3.8499],[134.0309,-3.867],[134.0089,-3.8601],[134.0382,-3.8499]]],[[[129.614,-1.7738],[129.6197,-1.7614],[129.6286,-1.7749],[129.614,-1.7738]]],[[[129.9172,-1.6282],[129.9058,-1.6403],[129.9029,-1.618],[129.9172,-1.6282]]],[[[130.0535,-0.0775],[130.0058,-0.0714],[130.055,-0.067],[130.0535,-0.0775]]],[[[133.6116,-2.2384],[133.6135,-2.2197],[133.6314,-2.2358],[133.6116,-2.2384]]],[[[130.4985,-0.0358],[130.5251,-0.0297],[130.5212,-0.041],[130.4985,-0.0358]]],[[[133.8608,-2.1786],[133.8522,-2.1629],[133.8748,-2.1614],[133.8608,-2.1786]]],[[[130.3323,-0.2018],[130.3454,-0.1989],[130.3294,-0.2159],[130.3159,-0.2126],[130.3323,-0.2018]]],[[[130.4495,-1.9725],[130.4562,-1.9604],[130.4643,-1.9809],[130.4495,-1.9725]]],[[[129.7717,-1.1439],[129.769,-1.1339],[129.7835,-1.138],[129.7717,-1.1439]]],[[[134.3531,-4.0348],[134.3424,-4.0267],[134.3548,-4.0235],[134.3531,-4.0348]]],[[[129.3833,-1.1593],[129.4012,-1.1557],[129.3858,-1.1764],[129.3833,-1.1593]]],[[[134.5249,-2.3135],[134.5138,-2.299],[134.5323,-2.3062],[134.5249,-2.3135]]],[[[130.2587,-1.705],[130.2492,-1.6998],[130.2636,-1.6944],[130.2587,-1.705]]],[[[133.4583,-2.6913],[133.4572,-2.7019],[133.4468,-2.6917],[133.4583,-2.6913]]]]},"properties":{"name":"IRIAN JAYA BARAT"}},{"type":"Feature","geometry":{"type":"MultiPolygon","coordinates":[[[[98.2557,4.291],[98.243,4.2702],[98.2516,4.1988],[98.1683,4.1599],[98.1717,4.1086],[98.1924,4.1019],[98.2114,4.1226],[98.2491,4.129],[98.2946,4.1054],[98.309,4.0722],[98.3897,4.0757],[98.4351,4.0394],[98.4832,4.0322],[98.4946,4.0107],[98.5286,4.012],[98.5589,3.9396],[98.5817,3.9224],[98.6806,3.9009],[98.6981,3.8739],[98.7033,3.7848],[98.7151,3.7878],[98.7044,3.7724],[98.757,3.7628],[98.7861,3.7137],[98.9509,3.6743],[99.0577,3.6202],[99.1317,3.5653],[99.2057,3.5357],[99.3728,3.4024],[99.4851,3.3482],[99.4881,3.3193],[99.5489,3.2425],[99.7593,3.1688],[99.7774,3.1248],[99.8621,3.0347],[99.8647,3.0],[99.8872,3.0302],[99.9297,2.9701],[99.9796,2.934],[99.9987,2.9469],[99.9867,2.7087],[100.049,2.7381],[100.0987,2.6764],[100.1294,2.6706],[100.1768,2.7063],[100.2229,2.7039],[100.2414,2.6375],[100.3307,2.5342],[100.3024,2.4269],[100.307,2.3574],[100.3609,2.2079],[100.3249,2.0367],[100.3195,1.9032],[100.2854,1.8133],[100.3281,1.7882],[100.4186,1.7707],[100.4278,1.7311],[100.4114,1.6977],[100.4462,1.6719],[100.4412,1.646],[100.4553,1.6291],[100.4159,1.5371],[100.4339,1.516],[100.4293,1.4968],[100.3867,1.4532],[100.3234,1.4433],[100.3317,1.4795],[100.2955,1.4799],[100.2839,1.4639],[100.3376,1.4312],[100.3159,1.4165],[100.2694,1.4199],[100.2428,1.3927],[100.081,1.3878],[100.0541,1.3653],[100.0656,1.3393],[100.0961,1.3263],[100.1235,1.2549],[100.1305,1.1746],[100.183,1.125],[100.1022,1.0918],[100.1113,1.069],[100.1377,1.0645],[100.1263,1.0404],[100.1614,0.9992],[100.1447,0.9878],[100.1406,0.9511],[100.0814,0.942],[100.104,0.9055],[100.1313,0.9029],[100.1372,0.8423],[100.119,0.8283],[100.1837,0.7619],[100.0737,0.7961],[99.97,0.8506],[99.9448,0.8839],[99.8746,0.9085],[99.8352,0.8897],[99.8463,0.8179],[99.8425,0.7644],[99.8248,0.7443],[99.8325,0.7],[99.8452,0.6863],[99.9182,0.6786],[99.9194,0.6059],[99.9636,0.5599],[99.96,0.5173],[99.8993,0.4724],[99.8231,0.4619],[99.7736,0.4835],[99.7166,0.4541],[99.6755,0.4754],[99.64,0.5472],[99.5875,0.5166],[99.5329,0.5196],[99.503,0.5402],[99.4039,0.4916],[99.3269,0.3565],[99.2355,0.3277],[99.1914,0.2875],[99.162,0.2318],[99.1341,0.2544],[99.1555,0.2726],[99.1484,0.3242],[99.106,0.3475],[99.1302,0.3793],[99.136,0.4291],[99.1158,0.5017],[99.0889,0.512],[99.1037,0.5799],[99.0847,0.6187],[99.0626,0.6316],[99.0475,0.6208],[99.0437,0.6353],[99.0633,0.6587],[99.0432,0.6717],[99.0585,0.6903],[99.0545,0.7412],[99.0175,0.8137],[98.9705,0.8454],[98.9845,0.8507],[98.9692,0.9312],[98.9107,1.1224],[98.842,1.2763],[98.8449,1.3339],[98.7798,1.4259],[98.7668,1.4925],[98.7123,1.5626],[98.7296,1.5684],[98.7677,1.5308],[98.7816,1.5782],[98.8075,1.5672],[98.8013,1.5994],[98.841,1.6287],[98.8206,1.6623],[98.842,1.6596],[98.8136,1.6894],[98.788,1.6913],[98.7823,1.7204],[98.8006,1.724],[98.7432,1.7826],[98.7051,1.7936],[98.6978,1.7744],[98.6793,1.7844],[98.6701,1.7714],[98.7013,1.7717],[98.7188,1.7551],[98.7314,1.7688],[98.7344,1.7202],[98.6789,1.7408],[98.6115,1.8384],[98.4669,1.9875],[98.3782,2.0163],[98.3584,2.0019],[98.3666,2.0224],[98.3422,2.0458],[98.31,2.0335],[98.2857,2.0441],[98.2648,2.0255],[98.2715,2.0472],[98.257,2.0685],[98.1531,2.146],[98.1876,2.3229],[98.1544,2.4149],[98.1093,2.43],[98.0752,2.5755],[98.0851,2.6342],[98.1292,2.6623],[98.1027,2.6868],[98.0864,2.7375],[98.1122,2.7885],[98.0882,2.8219],[98.0445,2.8247],[98.0068,2.8896],[97.9546,2.9003],[97.9569,2.9732],[97.9306,3.0626],[97.9748,3.0699],[97.9806,3.1231],[97.9439,3.1619],[97.9253,3.2264],[97.8727,3.2466],[97.9849,3.2756],[98.0189,3.2993],[98.0298,3.3299],[98.0031,3.3698],[97.9497,3.3915],[97.9319,3.4454],[97.9556,3.4814],[97.9206,3.4975],[97.9042,3.557],[97.867,3.5749],[97.869,3.6117],[97.7995,3.7259],[97.9105,3.8229],[97.9232,3.8477],[97.9043,3.9115],[97.949,3.8909],[97.9582,3.9289],[98.0231,3.9698],[98.0303,4.026],[98.0457,4.0367],[98.0408,4.104],[98.0534,4.1082],[98.0537,4.1429],[98.0736,4.1499],[98.0593,4.1907],[98.0909,4.1967],[98.0948,4.2168],[98.0688,4.2556],[98.1435,4.2642],[98.1466,4.2903],[98.2012,4.3042],[98.2557,4.291]],[[98.9271,2.6621],[98.9239,2.6972],[98.8958,2.701],[98.7919,2.7936],[98.6921,2.8508],[98.6806,2.8733],[98.6423,2.8596],[98.6304,2.8767],[98.6067,2.8699],[98.5573,2.8995],[98.5534,2.8726],[98.5221,2.8901],[98.5281,2.7922],[98.6249,2.6821],[98.616,2.6411],[98.6886,2.6116],[98.6967,2.7283],[98.7291,2.7571],[98.778,2.7394],[98.8304,2.679],[98.8591,2.67],[98.8512,2.6596],[98.9078,2.5582],[98.9903,2.4722],[98.9882,2.4551],[98.9241,2.4288],[98.8627,2.4301],[98.8153,2.4701],[98.8009,2.4613],[98.7793,2.5039],[98.7442,2.5106],[98.6886,2.6024],[98.6726,2.5709],[98.6892,2.562],[98.6627,2.5536],[98.6931,2.529],[98.7144,2.5454],[98.7798,2.4336],[98.8055,2.4236],[98.8069,2.3936],[98.8406,2.3579],[98.8153,2.3414],[98.8287,2.3166],[98.8585,2.3441],[98.9001,2.3283],[98.9365,2.3511],[98.947,2.3297],[98.9872,2.3332],[98.9999,2.3172],[99.0292,2.3577],[99.0576,2.3287],[99.1515,2.3917],[99.1496,2.4285],[99.1342,2.4327],[99.0971,2.4023],[99.0446,2.3942],[99.0604,2.4393],[99.0404,2.5062],[98.9155,2.5945],[98.9095,2.6247],[98.9332,2.6505],[98.9271,2.6621]]],[[[97.5005,0.9161],[97.4714,0.9359],[97.4062,0.9464],[97.396,0.9349],[97.3961,0.9781],[97.3621,1.0677],[97.3106,1.1514],[97.2851,1.1637],[97.2736,1.2005],[97.2442,1.2126],[97.2514,1.2363],[97.209,1.2672],[97.1941,1.2617],[97.1971,1.2776],[97.1367,1.3638],[97.0866,1.4018],[97.06,1.3836],[97.0453,1.409],[97.1229,1.4249],[97.1618,1.3902],[97.1763,1.4122],[97.1925,1.3951],[97.2571,1.4104],[97.3323,1.4756],[97.3269,1.5315],[97.3548,1.5273],[97.3864,1.4933],[97.4038,1.5176],[97.4289,1.4686],[97.4722,1.474],[97.5038,1.424],[97.529,1.4141],[97.521,1.3842],[97.5885,1.3248],[97.6784,1.1771],[97.788,1.1498],[97.8486,1.0594],[97.889,1.0516],[97.9359,0.9588],[97.8938,0.8988],[97.8847,0.8579],[97.9013,0.799],[97.8758,0.7437],[97.892,0.6266],[97.8284,0.5586],[97.8101,0.5669],[97.8149,0.5445],[97.7936,0.5595],[97.7716,0.552],[97.7733,0.5784],[97.736,0.5524],[97.7333,0.578],[97.7018,0.5596],[97.6754,0.5817],[97.6863,0.6137],[97.6531,0.6742],[97.6228,0.7948],[97.5427,0.882],[97.4978,0.9032],[97.5005,0.9161]]],[[[98.4097,-0.5968],[98.3845,-0.5601],[98.2792,-0.5188],[98.3123,-0.5043],[98.3209,-0.5195],[98.3386,-0.5153],[98.3491,-0.4665],[98.3667,-0.4614],[98.3787,-0.3399],[98.4362,-0.2959],[98.4139,-0.2392],[98.4422,-0.2448],[98.5168,-0.3592],[98.5093,-0.394],[98.4931,-0.3941],[98.508,-0.4119],[98.4982,-0.4924],[98.4745,-0.5145],[98.4984,-0.5552],[98.4834,-0.5699],[98.4807,-0.5488],[98.4596,-0.574],[98.4698,-0.5326],[98.4228,-0.539],[98.4097,-0.5968]]],[[[98.3711,0.0059],[98.3868,0.0078],[98.3915,-0.0114],[98.4128,0.0012],[98.4145,-0.0334],[98.4798,-0.1234],[98.4705,-0.1457],[98.4886,-0.208],[98.568,-0.2777],[98.5626,-0.3293],[98.5348,-0.3271],[98.5514,-0.3888],[98.5014,-0.2951],[98.4295,-0.2069],[98.4176,-0.1675],[98.364,-0.1049],[98.3773,-0.1003],[98.3456,-0.0378],[98.29,-0.0177],[98.3439,0.0086],[98.3711,0.0059]]],[[[98.5982,0.095],[98.5323,0.1044],[98.5224,0.1441],[98.5639,0.1756],[98.6089,0.1839],[98.666,0.1711],[98.7075,0.1797],[98.7103,0.1625],[98.7494,0.1576],[98.7921,0.1739],[98.8508,0.117],[98.8482,0.08],[98.7775,0.0981],[98.7456,0.0731],[98.6522,0.0746],[98.5982,0.095]]],[[[98.4607,1.7027],[98.5044,1.6821],[98.4953,1.6551],[98.5349,1.6415],[98.5508,1.6818],[98.574,1.6509],[98.5884,1.6676],[98.6095,1.6159],[98.4526,1.6432],[98.4411,1.6759],[98.4607,1.7027]]],[[[97.8947,-0.0911],[97.8741,-0.0981],[97.8316,-0.0607],[97.8854,-0.0569],[97.8947,-0.0911]]],[[[98.2741,4.1606],[98.2572,4.133],[98.2328,4.1446],[98.2443,4.1744],[98.2741,4.1606]]],[[[98.3028,-0.0749],[98.2929,-0.0565],[98.3277,-0.0574],[98.3522,-0.0867],[98.3379,-0.0939],[98.3028,-0.0749]]],[[[98.4972,-0.6322],[98.4815,-0.6092],[98.4957,-0.5925],[98.5141,-0.6214],[98.5106,-0.6359],[98.4972,-0.6322]]],[[[98.28,-0.056],[98.278,-0.0908],[98.2588,-0.0559],[98.2673,-0.0295],[98.28,-0.056]]],[[[98.3155,-0.118],[98.3288,-0.0899],[98.3419,-0.1396],[98.3155,-0.118]]],[[[98.189,-0.1075],[98.2028,-0.1205],[98.1825,-0.141],[98.189,-0.1075]]],[[[98.4846,-0.0476],[98.483,-0.0314],[98.4963,-0.0329],[98.4971,-0.0688],[98.4846,-0.0476]]],[[[97.0673,1.2151],[97.0795,1.2251],[97.073,1.2074],[97.0838,1.1957],[97.0873,1.2083],[97.0925,1.1807],[97.0673,1.2151]]],[[[97.3242,0.8193],[97.3297,0.8389],[97.3425,0.8184],[97.3242,0.8193]]],[[[98.3042,-0.1135],[98.3006,-0.086],[98.3159,-0.1103],[98.3042,-0.1135]]],[[[98.1931,4.127],[98.203,4.1364],[98.2032,4.1195],[98.1846,4.1148],[98.1931,4.127]]],[[[98.2237,-0.0],[98.2132,-0.0069],[98.2159,0.0087],[98.2302,0.01],[98.2237,-0.0]]],[[[97.3016,0.8423],[97.3027,0.8534],[97.318,0.8471],[97.3016,0.8423]]],[[[97.3239,0.8641],[97.3369,0.8621],[97.3176,0.8506],[97.3239,0.8641]]],[[[98.2505,0.0149],[98.2608,0.0126],[98.2426,0.0019],[98.2505,0.0149]]]]},"properties":{"name":"SUMATERA UTARA"}},{"type":"Feature","geometry":{"type":"MultiPolygon","coordinates":[[[[105.1067,-2.022],[105.1254,-1.9989],[105.1212,-1.9603],[105.1656,-1.9255],[105.2652,-1.8995],[105.3474,-1.8451],[105.396,-1.7544],[105.4214,-1.7763],[105.424,-1.7622],[105.4467,-1.7714],[105.4287,-1.7583],[105.4178,-1.7712],[105.3855,-1.7459],[105.4122,-1.7302],[105.3824,-1.7327],[105.3221,-1.6969],[105.3678,-1.6786],[105.3432,-1.6712],[105.3414,-1.6467],[105.3817,-1.6396],[105.3883,-1.606],[105.4251,-1.6022],[105.4644,-1.5604],[105.5542,-1.5562],[105.5663,-1.5265],[105.6073,-1.5288],[105.6005,-1.5452],[105.6444,-1.6418],[105.6892,-1.6522],[105.7263,-1.6417],[105.6633,-1.711],[105.6124,-1.6979],[105.6547,-1.7167],[105.6586,-1.7489],[105.7021,-1.78],[105.7576,-1.7943],[105.7474,-1.7764],[105.7759,-1.7653],[105.7816,-1.796],[105.8122,-1.8127],[105.8764,-1.7999],[105.8271,-1.8001],[105.7592,-1.7253],[105.7434,-1.6881],[105.7601,-1.6783],[105.7649,-1.6481],[105.7366,-1.6339],[105.7435,-1.6121],[105.7059,-1.5267],[105.8159,-1.5301],[105.8815,-1.5167],[105.8865,-1.4995],[105.9201,-1.5014],[105.9122,-1.5262],[105.9298,-1.5482],[105.9504,-1.558],[105.9741,-1.547],[106.0533,-1.6007],[106.0563,-1.617],[106.0342,-1.6129],[106.0247,-1.6379],[106.0378,-1.6915],[106.0969,-1.7548],[106.1053,-1.7869],[106.132,-1.8005],[106.1242,-1.8227],[106.1391,-1.8522],[106.1914,-1.8928],[106.1638,-1.9267],[106.1594,-2.0816],[106.1295,-2.0903],[106.1428,-2.0701],[106.1316,-2.0519],[106.1147,-2.0556],[106.1214,-2.0287],[106.0681,-2.0074],[106.0889,-2.0291],[106.1203,-2.0316],[106.1133,-2.0591],[106.1388,-2.0726],[106.1271,-2.0933],[106.1504,-2.0822],[106.1807,-2.1273],[106.1741,-2.1453],[106.223,-2.2506],[106.2342,-2.3281],[106.2973,-2.4196],[106.3807,-2.4739],[106.4449,-2.4705],[106.5157,-2.5119],[106.8452,-2.5748],[106.8184,-2.5929],[106.8112,-2.5782],[106.7948,-2.5818],[106.7685,-2.6076],[106.7535,-2.6006],[106.706,-2.6415],[106.6566,-2.7206],[106.589,-2.9021],[106.6076,-2.9652],[106.6742,-2.9768],[106.6894,-3.0001],[106.7439,-3.0058],[106.7281,-3.03],[106.7426,-3.0538],[106.7367,-3.0843],[106.6561,-3.1002],[106.6474,-3.0812],[106.6052,-3.0876],[106.5953,-3.0723],[106.553,-3.0899],[106.5523,-3.11],[106.538,-3.0986],[106.5078,-3.113],[106.4866,-3.0884],[106.4977,-3.0647],[106.4844,-3.0301],[106.4432,-3.0121],[106.4123,-2.9667],[106.3309,-2.9633],[106.322,-2.9369],[106.2762,-2.9026],[106.233,-2.8993],[106.1901,-2.8715],[106.1409,-2.8736],[106.0974,-2.8335],[105.9466,-2.8072],[105.9523,-2.7854],[105.9182,-2.7414],[105.8845,-2.6358],[105.8911,-2.5844],[105.9373,-2.5281],[105.9291,-2.4642],[105.8809,-2.4258],[105.8874,-2.4169],[105.8701,-2.4253],[105.8348,-2.4111],[105.8024,-2.363],[105.8237,-2.3069],[105.7866,-2.249],[105.7912,-2.1809],[105.7588,-2.148],[105.763,-2.1307],[105.7546,-2.1396],[105.6522,-2.1137],[105.5905,-2.1199],[105.559,-2.0819],[105.5696,-2.0591],[105.5416,-2.0438],[105.5414,-2.018],[105.5926,-1.998],[105.5977,-1.9802],[105.5382,-2.0147],[105.5376,-2.047],[105.5631,-2.0678],[105.5036,-2.0805],[105.4372,-2.1333],[105.4149,-2.1175],[105.3837,-2.1295],[105.3583,-2.12],[105.3012,-2.1428],[105.2319,-2.0672],[105.1281,-2.0827],[105.1067,-2.022]]],[[[107.6249,-2.7428],[107.6273,-2.7108],[107.6141,-2.7028],[107.6495,-2.6204],[107.63,-2.5991],[107.6684,-2.5558],[107.7778,-2.5587],[107.8179,-2.5271],[107.8349,-2.5309],[107.8357,-2.5563],[107.8982,-2.5681],[107.9059,-2.5832],[107.9265,-2.562],[107.9948,-2.5747],[108.0099,-2.5969],[108.0001,-2.6179],[108.025,-2.639],[107.9923,-2.6907],[108.0272,-2.6617],[108.0374,-2.5998],[108.0833,-2.6065],[108.1281,-2.6366],[108.1439,-2.665],[108.1258,-2.6757],[108.1837,-2.6768],[108.2641,-2.7532],[108.2902,-2.8491],[108.2774,-2.8692],[108.2924,-2.8679],[108.2868,-2.8818],[108.2643,-2.8828],[108.2373,-2.921],[108.2022,-3.0243],[108.1576,-2.9588],[108.1603,-2.9246],[108.1451,-2.9137],[108.1608,-2.9501],[108.1238,-2.9636],[108.156,-2.9535],[108.196,-3.0065],[108.1889,-3.0247],[108.2081,-3.033],[108.1726,-3.1125],[108.1995,-3.1397],[108.1789,-3.134],[108.1358,-3.1664],[108.0734,-3.1661],[108.0592,-3.1812],[108.0762,-3.2102],[108.0697,-3.2417],[108.0163,-3.2337],[107.9869,-3.2638],[107.9683,-3.2376],[107.9763,-3.1858],[107.9644,-3.1523],[107.9347,-3.1365],[107.9331,-3.1159],[107.889,-3.1049],[107.9004,-3.0918],[107.8902,-3.0716],[107.8515,-3.0532],[107.8101,-3.0797],[107.8487,-3.1079],[107.8376,-3.1497],[107.6136,-3.2361],[107.5897,-3.1942],[107.6312,-3.123],[107.5949,-3.1024],[107.5612,-2.9948],[107.583,-2.9826],[107.606,-2.9292],[107.6115,-2.9521],[107.6174,-2.9104],[107.6553,-2.9043],[107.6306,-2.8938],[107.5652,-2.9318],[107.5302,-2.9277],[107.5481,-2.8998],[107.6008,-2.8725],[107.5721,-2.8914],[107.6001,-2.8585],[107.5844,-2.7924],[107.633,-2.7475],[107.642,-2.7894],[107.6417,-2.745],[107.6249,-2.7428]]],[[[106.8812,-2.9999],[106.8774,-3.0174],[106.8963,-3.0284],[106.8556,-3.0377],[106.7933,-3.0196],[106.7077,-2.9626],[106.7293,-2.9296],[106.8038,-2.8859],[106.9079,-2.943],[106.8812,-2.9999]]],[[[107.488,-2.8536],[107.4721,-2.9084],[107.4311,-2.9313],[107.4169,-2.9182],[107.4163,-2.945],[107.3453,-2.8832],[107.3816,-2.8816],[107.374,-2.8641],[107.4268,-2.8281],[107.4701,-2.8241],[107.47,-2.8497],[107.488,-2.8536]]],[[[107.0943,-2.873],[107.0818,-2.9089],[107.0196,-2.8762],[107.0542,-2.8189],[107.0943,-2.873]]],[[[107.4685,-2.9251],[107.4652,-2.9713],[107.4419,-2.9861],[107.4349,-2.9376],[107.4685,-2.9251]]],[[[107.4379,-2.8179],[107.4038,-2.8317],[107.3761,-2.8198],[107.4057,-2.8153],[107.3899,-2.7985],[107.4214,-2.7908],[107.4379,-2.8179]]],[[[107.55,-3.1987],[107.5457,-3.2279],[107.5189,-3.2504],[107.5169,-3.1948],[107.55,-3.1987]]],[[[108.2647,-3.0479],[108.2317,-3.0692],[108.2351,-3.0445],[108.2647,-3.0479]]],[[[106.7467,-2.8841],[106.7247,-2.9065],[106.7161,-2.8898],[106.734,-2.8673],[106.7467,-2.8841]]],[[[107.4959,-3.0233],[107.5064,-3.0328],[107.4911,-3.05],[107.4959,-3.0233]]],[[[107.5322,-2.9692],[107.5192,-2.9998],[107.518,-2.9757],[107.5322,-2.9692]]],[[[107.4866,-2.8205],[107.5084,-2.8255],[107.4908,-2.8436],[107.4866,-2.8205]]],[[[105.8017,-2.4077],[105.7887,-2.4203],[105.7811,-2.3964],[105.8017,-2.4077]]],[[[106.7108,-2.9818],[106.6935,-2.9916],[106.6921,-2.9762],[106.7108,-2.9818]]],[[[107.5282,-2.9434],[107.5173,-2.9466],[107.5153,-2.9304],[107.5282,-2.9434]]]]},"properties":{"name":"BANGKA BELITUNG"}},{"type":"Feature","geometry":{"type":"MultiPolygon","coordinates":[[[[99.162,0.2318],[99.1914,0.2875],[99.2355,0.3277],[99.3269,0.3565],[99.4039,0.4916],[99.503,0.5402],[99.5329,0.5196],[99.5875,0.5166],[99.64,0.5472],[99.6755,0.4754],[99.7166,0.4541],[99.7736,0.4835],[99.8231,0.4619],[99.8993,0.4724],[99.96,0.5173],[99.9636,0.5599],[99.9194,0.6059],[99.9182,0.6786],[99.8404,0.6882],[99.825,0.737],[99.8457,0.7931],[99.8352,0.8897],[99.8746,0.9085],[99.9448,0.8839],[99.9757,0.8469],[100.0833,0.7919],[100.2053,0.7558],[100.2493,0.7217],[100.2556,0.6854],[100.2158,0.6295],[100.2065,0.5841],[100.2196,0.5249],[100.2773,0.4272],[100.2862,0.3274],[100.3697,0.353],[100.4041,0.3276],[100.4372,0.2479],[100.4641,0.2222],[100.6057,0.1835],[100.7476,0.1895],[100.7824,0.1643],[100.7922,0.1208],[100.7535,0.0649],[100.7712,-0.0217],[100.7484,-0.0652],[100.7616,-0.1145],[100.7509,-0.128],[100.7833,-0.1907],[100.781,-0.2304],[100.8388,-0.2906],[100.833,-0.3203],[100.8465,-0.3394],[100.8605,-0.332],[100.9075,-0.3717],[100.9254,-0.3428],[100.915,-0.3257],[100.9964,-0.3144],[101.0364,-0.3494],[101.0429,-0.3843],[101.0248,-0.3984],[101.0689,-0.5006],[101.1058,-0.5016],[101.1623,-0.5363],[101.2538,-0.6254],[101.308,-0.627],[101.3598,-0.6593],[101.3554,-0.6873],[101.3959,-0.7003],[101.4076,-0.7207],[101.3958,-0.7387],[101.4203,-0.7397],[101.5035,-0.8115],[101.5959,-0.8512],[101.6456,-0.908],[101.6503,-0.9341],[101.7393,-0.9519],[101.7519,-0.9694],[101.8203,-0.9755],[101.8252,-1.094],[101.8597,-1.1135],[101.8728,-1.0945],[101.8861,-1.0997],[101.8818,-1.1216],[101.8154,-1.2098],[101.725,-1.2223],[101.6894,-1.2701],[101.7192,-1.3449],[101.6904,-1.3947],[101.721,-1.4148],[101.6925,-1.4828],[101.5292,-1.6055],[101.4925,-1.681],[101.4322,-1.6971],[101.4129,-1.6713],[101.2634,-1.6917],[101.2215,-1.7148],[101.1876,-1.6772],[101.162,-1.6979],[101.1258,-1.6791],[101.1393,-1.9055],[101.1902,-1.9849],[101.2437,-2.0218],[101.2997,-2.1683],[101.3005,-2.2609],[101.2446,-2.3449],[101.0278,-2.4822],[101.0,-2.4354],[100.8973,-2.3378],[100.8801,-2.2526],[100.8257,-2.1715],[100.8846,-2.0568],[100.8602,-1.9241],[100.6361,-1.6091],[100.6195,-1.4986],[100.5946,-1.4898],[100.558,-1.4376],[100.5805,-1.418],[100.5581,-1.4106],[100.5614,-1.3951],[100.5898,-1.3926],[100.5751,-1.3669],[100.5569,-1.3693],[100.5706,-1.355],[100.5617,-1.3281],[100.5411,-1.3068],[100.4922,-1.3],[100.4558,-1.2583],[100.4238,-1.2779],[100.4027,-1.2713],[100.4088,-1.237],[100.4347,-1.2566],[100.4323,-1.2007],[100.3859,-1.184],[100.382,-1.1465],[100.3518,-1.1709],[100.3656,-1.1257],[100.3898,-1.1251],[100.3667,-1.0765],[100.3815,-1.0658],[100.4108,-1.0749],[100.4149,-1.0608],[100.3988,-1.0304],[100.3779,-1.0399],[100.3926,-1.0112],[100.3853,-0.9931],[100.3629,-1.0043],[100.3311,-0.8577],[100.1287,-0.6484],[100.0807,-0.5497],[100.0444,-0.5093],[99.915,-0.4045],[99.906,-0.3693],[99.8047,-0.2879],[99.803,-0.2336],[99.7495,-0.1506],[99.7558,-0.0914],[99.771,-0.0878],[99.7509,-0.0433],[99.6203,0.0634],[99.4967,0.1226],[99.5387,0.115],[99.3943,0.1524],[99.389,0.1864],[99.3685,0.1928],[99.354,0.2305],[99.3038,0.2372],[99.264,0.224],[99.2602,0.2038],[99.2047,0.218],[99.1867,0.2532],[99.162,0.2318]],[[100.1489,-0.2942],[100.1654,-0.3086],[100.1657,-0.351],[100.1852,-0.3556],[100.1688,-0.358],[100.1666,-0.3907],[100.2134,-0.4023],[100.227,-0.2924],[100.2145,-0.2672],[100.1851,-0.2551],[100.1489,-0.2942]],[[100.5,-0.5345],[100.4829,-0.5488],[100.4992,-0.6029],[100.5408,-0.6667],[100.5592,-0.6711],[100.5626,-0.6935],[100.5942,-0.6951],[100.5517,-0.5617],[100.5,-0.5345]]],[[[99.263,-1.7189],[99.2221,-1.629],[99.2056,-1.6213],[99.1962,-1.6388],[99.2127,-1.6366],[99.233,-1.6609],[99.2336,-1.68],[99.2185,-1.6621],[99.2609,-1.7732],[99.2385,-1.7939],[99.2133,-1.7791],[99.1508,-1.7782],[99.1406,-1.8012],[99.1042,-1.8091],[98.8838,-1.6839],[98.8211,-1.6153],[98.8321,-1.5854],[98.7967,-1.5163],[98.6297,-1.2857],[98.6307,-1.2605],[98.5905,-1.201],[98.646,-1.102],[98.6564,-0.9794],[98.6782,-0.9562],[98.7041,-0.9419],[98.7425,-0.9574],[98.7907,-0.9539],[98.8931,-0.9018],[98.9059,-0.9114],[98.9053,-0.9375],[98.8967,-0.9238],[98.8925,-0.9378],[98.925,-0.9324],[98.9458,-1.0111],[98.9107,-0.9902],[98.9302,-1.058],[98.9424,-1.0805],[98.9537,-1.0739],[98.9974,-1.11],[99.0036,-1.1591],[99.0372,-1.201],[99.022,-1.217],[99.0478,-1.2247],[99.0698,-1.2647],[99.0491,-1.2707],[99.06,-1.2858],[99.0453,-1.2907],[99.0744,-1.2876],[99.0944,-1.3598],[99.1669,-1.4355],[99.1639,-1.4692],[99.1118,-1.4412],[99.181,-1.5169],[99.1976,-1.5127],[99.19,-1.5399],[99.2055,-1.5489],[99.1899,-1.5629],[99.2112,-1.5955],[99.2278,-1.606],[99.2588,-1.5905],[99.2511,-1.5993],[99.2854,-1.6295],[99.2678,-1.6417],[99.2897,-1.6495],[99.2721,-1.6594],[99.3007,-1.7176],[99.284,-1.7246],[99.2815,-1.7485],[99.263,-1.7189]]],[[[100.4325,-3.0001],[100.4734,-3.0183],[100.4678,-3.0343],[100.4477,-3.0208],[100.4527,-3.042],[100.4674,-3.0389],[100.4587,-3.1089],[100.4734,-3.1394],[100.3623,-3.1647],[100.4119,-3.1905],[100.39,-3.1974],[100.3976,-3.2246],[100.4686,-3.3121],[100.4665,-3.3476],[100.4456,-3.3461],[100.4187,-3.3074],[100.3812,-3.2888],[100.3789,-3.2517],[100.3364,-3.2437],[100.3257,-3.2062],[100.3707,-3.2253],[100.3267,-3.1701],[100.3401,-3.1381],[100.2969,-3.0802],[100.2497,-3.081],[100.2623,-3.0669],[100.2489,-3.0599],[100.2549,-3.0469],[100.2323,-3.0556],[100.1786,-2.9581],[100.2013,-2.9285],[100.1749,-2.8],[100.236,-2.7784],[100.2596,-2.7955],[100.2506,-2.8083],[100.2634,-2.8091],[100.2672,-2.8383],[100.3529,-2.8937],[100.4325,-3.0001]]],[[[99.9958,-2.7494],[100.0116,-2.7363],[99.9983,-2.6933],[100.0109,-2.6728],[99.9752,-2.624],[99.9868,-2.6006],[99.9574,-2.5669],[99.9745,-2.5606],[99.9704,-2.5073],[99.9922,-2.4984],[100.0704,-2.5757],[100.174,-2.6433],[100.2214,-2.7404],[100.2164,-2.7699],[100.1407,-2.8041],[100.1458,-2.8329],[100.0922,-2.8224],[100.0742,-2.837],[100.0471,-2.8097],[100.0367,-2.848],[99.999,-2.8302],[100.0161,-2.8075],[99.9903,-2.7875],[99.9933,-2.7706],[99.9762,-2.7783],[99.9958,-2.7494]]],[[[99.8226,-2.3067],[99.8605,-2.375],[99.8508,-2.4001],[99.8335,-2.3609],[99.7954,-2.3691],[99.7815,-2.3404],[99.7355,-2.3416],[99.6661,-2.2834],[99.6297,-2.2874],[99.6248,-2.2699],[99.6132,-2.291],[99.599,-2.282],[99.6085,-2.2456],[99.5903,-2.2505],[99.5898,-2.2197],[99.5732,-2.2428],[99.5276,-2.1567],[99.5348,-2.1425],[99.5718,-2.1455],[99.5445,-2.0744],[99.5647,-2.0621],[99.5597,-2.0418],[99.5864,-2.0224],[99.5819,-2.0378],[99.6219,-2.0263],[99.6134,-2.0374],[99.6359,-2.0337],[99.6354,-2.0482],[99.6507,-2.0446],[99.6998,-2.0822],[99.7193,-2.1793],[99.7783,-2.2526],[99.7796,-2.2896],[99.7985,-2.2862],[99.8226,-2.3067]]],[[[99.2692,-1.792],[99.2891,-1.8042],[99.2929,-1.8294],[99.2392,-1.8473],[99.2674,-1.8083],[99.2531,-1.7863],[99.2692,-1.792]]],[[[100.486,-3.1528],[100.4911,-3.1369],[100.501,-3.1429],[100.5334,-3.1985],[100.5061,-3.1974],[100.486,-3.1528]]],[[[99.7153,-2.3771],[99.7191,-2.3532],[99.7372,-2.3671],[99.7344,-2.3842],[99.7434,-2.3738],[99.7485,-2.3841],[99.735,-2.3918],[99.7153,-2.3771]]],[[[100.4011,-1.2144],[100.3999,-1.2279],[100.3811,-1.2272],[100.3849,-1.1888],[100.4011,-1.2144]]],[[[100.6397,-3.4629],[100.6803,-3.4752],[100.6432,-3.4797],[100.6312,-3.4734],[100.6397,-3.4629]]],[[[99.2923,-1.9011],[99.3049,-1.8979],[99.3127,-1.9266],[99.2935,-1.9241],[99.2923,-1.9011]]],[[[99.58,-1.9818],[99.5822,-1.9667],[99.6058,-1.9933],[99.58,-1.9818]]],[[[100.1748,-3.0653],[100.1751,-3.0525],[100.1972,-3.0664],[100.1854,-3.0779],[100.1748,-3.0653]]],[[[99.5487,-2.0102],[99.5686,-2.0046],[99.575,-2.0206],[99.5487,-2.0102]]],[[[100.1358,-2.8531],[100.1488,-2.8435],[100.1488,-2.8562],[100.1358,-2.8531]]],[[[99.2924,-1.6896],[99.285,-1.6974],[99.28,-1.6772],[99.2924,-1.6896]]],[[[100.407,-3.2047],[100.3996,-3.2132],[100.3938,-3.1979],[100.407,-3.2047]]],[[[99.2899,-1.6639],[99.3021,-1.6819],[99.281,-1.6735],[99.2899,-1.6639]]]]},"properties":{"name":"SUMATERA BARAT"}},{"type":"Feature","geometry":{"type":"MultiPolygon","coordinates":[[[[110.7221,-3.0055],[110.7726,-2.926],[110.8918,-2.8716],[110.968,-2.8563],[111.0107,-2.7947],[111.1384,-2.7492],[111.1719,-2.6904],[111.1647,-2.6728],[111.1185,-2.6532],[111.1362,-2.6118],[111.1031,-2.4246],[111.0702,-2.3013],[111.0318,-2.2439],[111.0788,-2.1616],[111.0493,-2.0695],[111.085,-2.0414],[111.0846,-2.0016],[111.0522,-1.9825],[111.0431,-1.9583],[111.0113,-1.9724],[110.9866,-1.9628],[110.9732,-1.934],[110.9976,-1.8949],[110.9699,-1.8665],[110.971,-1.8152],[111.0095,-1.7897],[111.0185,-1.7605],[111.0051,-1.6985],[110.9769,-1.6672],[110.938,-1.7124],[110.9136,-1.7176],[110.887,-1.6818],[110.8596,-1.6757],[110.8592,-1.6283],[110.9121,-1.5838],[110.9519,-1.5777],[110.9836,-1.537],[111.0135,-1.5624],[111.0585,-1.5356],[111.0774,-1.5623],[111.1187,-1.5521],[111.112,-1.4877],[111.147,-1.4724],[111.168,-1.4764],[111.1746,-1.5075],[111.1916,-1.5137],[111.1926,-1.4529],[111.2123,-1.412],[111.2787,-1.4247],[111.2647,-1.3787],[111.2861,-1.3711],[111.3485,-1.286],[111.3856,-1.2753],[111.4037,-1.25],[111.4888,-1.2806],[111.4961,-1.2197],[111.5736,-1.1998],[111.5559,-1.1683],[111.5711,-1.1391],[111.5538,-1.1105],[111.571,-1.0758],[111.6233,-1.0462],[111.6248,-0.9845],[111.718,-0.945],[111.7306,-0.9242],[111.8541,-0.9046],[111.8728,-0.8638],[111.9193,-0.8713],[111.9023,-0.8321],[111.9066,-0.7753],[111.9646,-0.8161],[112.0005,-0.7825],[111.9998,-0.7266],[112.0154,-0.7299],[112.0463,-0.6975],[112.1053,-0.688],[112.1323,-0.7216],[112.1623,-0.7254],[112.1476,-0.68],[112.1591,-0.6842],[112.1616,-0.6543],[112.1971,-0.6157],[112.244,-0.635],[112.3048,-0.7338],[112.3298,-0.7041],[112.3657,-0.7125],[112.4313,-0.6725],[112.4494,-0.6793],[112.4543,-0.7179],[112.4757,-0.7315],[112.4883,-0.6924],[112.5851,-0.6907],[112.6281,-0.6559],[112.6914,-0.6514],[112.6998,-0.622],[112.7313,-0.6241],[112.7294,-0.5883],[112.7433,-0.5734],[112.8461,-0.5718],[112.8882,-0.5348],[112.9753,-0.5106],[112.9925,-0.4874],[113.0632,-0.4995],[113.1114,-0.486],[113.1459,-0.4455],[113.2171,-0.5047],[113.2663,-0.4242],[113.2622,-0.3893],[113.2219,-0.3353],[113.334,-0.189],[113.4248,0.0185],[113.4099,0.0541],[113.4194,0.1243],[113.3249,0.1798],[113.2708,0.2405],[113.3484,0.2776],[113.4226,0.2627],[113.4575,0.2754],[113.5858,0.4042],[113.6566,0.4381],[113.6723,0.5052],[113.7741,0.5652],[113.8112,0.641],[113.8429,0.6653],[113.8817,0.6607],[113.8906,0.6414],[113.979,0.6677],[114.006,0.6523],[114.0652,0.6916],[114.1111,0.6978],[114.1532,0.6704],[114.1732,0.6217],[114.1489,0.5878],[114.1863,0.5723],[114.1956,0.5414],[114.2259,0.53],[114.3168,0.5415],[114.4103,0.4955],[114.4327,0.5051],[114.4262,0.5415],[114.4585,0.5697],[114.5196,0.5649],[114.5425,0.5969],[114.5405,0.6303],[114.5899,0.6263],[114.6058,0.647],[114.6174,0.6406],[114.6588,0.7043],[114.7025,0.7284],[114.6974,0.7091],[114.7156,0.7054],[114.7635,0.7421],[114.7805,0.7312],[114.8244,0.7519],[114.8467,0.7155],[114.8778,0.6995],[114.8662,0.7392],[114.9067,0.7716],[114.9101,0.7934],[114.9807,0.7446],[115.0121,0.6112],[115.0963,0.4678],[115.1362,0.43],[115.1326,0.3837],[115.0488,0.3007],[115.0209,0.3268],[114.9543,0.3133],[114.9446,0.3309],[114.9029,0.3116],[114.8619,0.2333],[114.833,0.2242],[114.8274,0.1966],[114.8019,0.1761],[114.8121,0.1589],[114.7938,0.0889],[114.8958,0.0389],[114.9345,-0.1887],[114.9879,-0.1727],[114.9927,-0.1857],[115.0444,-0.1903],[115.0821,-0.153],[115.1491,-0.1369],[115.1558,-0.1037],[115.1946,-0.0768],[115.3023,-0.034],[115.3198,-0.0979],[115.2666,-0.1529],[115.2694,-0.1895],[115.2387,-0.2408],[115.253,-0.2935],[115.2279,-0.3058],[115.2388,-0.379],[115.2606,-0.3901],[115.2454,-0.4479],[115.306,-0.5047],[115.3247,-0.5572],[115.3545,-0.5829],[115.3813,-0.8034],[115.4033,-0.8272],[115.5041,-0.8541],[115.5663,-0.9329],[115.6598,-1.0001],[115.6735,-1.0577],[115.6965,-1.0558],[115.7437,-1.0909],[115.7557,-1.1342],[115.7995,-1.1122],[115.8445,-1.1637],[115.7753,-1.2333],[115.7576,-1.3161],[115.7099,-1.3364],[115.6692,-1.3338],[115.5567,-1.3951],[115.4944,-1.403],[115.4466,-1.4286],[115.4138,-1.4246],[115.3501,-1.6377],[115.3245,-1.8094],[115.4023,-1.9542],[115.3713,-2.0171],[115.4085,-2.0584],[115.3452,-2.0825],[115.321,-2.0733],[115.2908,-2.2256],[115.2643,-2.2263],[115.2403,-2.1977],[115.2485,-2.2115],[115.0405,-2.3524],[114.9917,-2.4109],[114.9141,-2.4599],[114.7978,-2.5898],[114.7908,-2.6699],[114.7614,-2.7222],[114.6797,-2.7422],[114.6667,-2.7986],[114.5988,-2.8156],[114.6177,-2.8836],[114.5679,-2.8664],[114.5415,-2.9239],[114.5241,-2.9268],[114.5463,-2.9477],[114.4963,-3.0154],[114.546,-3.068],[114.4297,-3.1743],[114.4501,-3.2104],[114.3834,-3.2676],[114.3709,-3.3221],[114.3462,-3.3517],[114.3592,-3.392],[114.3494,-3.4568],[114.2364,-3.3822],[114.179,-3.3955],[114.0684,-3.3497],[113.9599,-3.361],[113.8419,-3.4356],[113.7747,-3.4585],[113.6418,-3.4671],[113.5807,-3.4497],[113.63,-3.3175],[113.6262,-3.251],[113.5972,-3.1683],[113.5506,-3.1587],[113.4589,-3.1796],[113.4325,-3.2314],[113.3492,-3.2827],[113.1988,-3.1175],[113.1866,-3.0871],[113.0888,-3.036],[113.0403,-2.9802],[112.9418,-3.1146],[112.9651,-3.1462],[113.0137,-3.1588],[112.9102,-3.248],[112.5627,-3.4444],[112.4781,-3.4142],[112.4029,-3.3449],[112.3207,-3.3136],[112.2663,-3.3128],[112.2033,-3.3319],[112.0953,-3.3955],[111.9016,-3.5555],[111.8503,-3.5598],[111.7672,-3.5176],[111.8037,-3.4718],[111.8246,-3.3901],[111.8029,-3.2009],[111.8308,-3.0389],[111.7528,-2.8951],[111.7126,-2.8633],[111.6686,-2.8981],[111.6836,-2.9232],[111.7059,-2.9098],[111.6887,-2.9455],[111.6283,-2.9657],[111.5512,-3.0371],[111.5187,-2.9785],[111.456,-2.9301],[111.4261,-2.9246],[111.4352,-2.8824],[111.3947,-2.9218],[111.3245,-2.9196],[111.1133,-3.0278],[110.9794,-3.07],[110.9129,-3.0466],[110.8092,-2.9802],[110.7632,-2.9816],[110.7221,-3.0055]]],[[[113.389,-3.2561],[113.4015,-3.2491],[113.4081,-3.2697],[113.3724,-3.3051],[113.3679,-3.2782],[113.389,-3.2561]]]]},"properties":{"name":"KALIMANTAN TENGAH"}},{"type":"Feature","geometry":{"type":"MultiPolygon","coordinates":[[[[105.7856,-4.1171],[105.7709,-4.1139],[105.7666,-4.1341],[105.7448,-4.1427],[105.7002,-4.1353],[105.7069,-4.0995],[105.6845,-4.0959],[105.6791,-4.074],[105.6498,-4.0838],[105.6449,-4.0638],[105.661,-4.0471],[105.6236,-4.0384],[105.6158,-4.0559],[105.604,-4.0511],[105.6282,-4.0048],[105.5882,-3.9537],[105.6087,-3.9395],[105.5964,-3.9248],[105.5811,-3.9379],[105.5621,-3.9291],[105.5711,-3.8997],[105.5462,-3.8813],[105.5217,-3.8923],[105.511,-3.873],[105.5234,-3.8411],[105.4911,-3.8406],[105.4783,-3.8217],[105.4311,-3.8264],[105.4351,-3.7878],[105.4147,-3.7768],[105.357,-3.7973],[105.3404,-3.7302],[105.3242,-3.7259],[105.3028,-3.7912],[105.2822,-3.7977],[105.2911,-3.8424],[105.2749,-3.8769],[105.246,-3.9078],[105.2013,-3.892],[105.1639,-3.9398],[105.1406,-3.9366],[105.1338,-3.9915],[105.1051,-4.0141],[105.118,-4.0475],[105.0934,-4.0461],[105.0597,-4.097],[105.0606,-4.126],[105.012,-4.1737],[104.9664,-4.1709],[104.8735,-4.2172],[104.872,-4.2336],[104.8171,-4.2405],[104.7904,-4.2623],[104.7605,-4.245],[104.6234,-4.2428],[104.6199,-4.2151],[104.4703,-4.3108],[104.4362,-4.3035],[104.3823,-4.3475],[104.3292,-4.4271],[104.3278,-4.4913],[104.3116,-4.521],[104.3327,-4.6119],[104.2942,-4.6472],[104.2869,-4.6832],[104.3113,-4.7237],[104.3035,-4.7654],[104.3254,-4.8086],[104.3698,-4.8188],[104.3337,-4.8712],[104.3111,-4.8858],[104.2828,-4.8574],[104.241,-4.882],[104.2169,-4.8598],[104.1923,-4.8624],[104.1738,-4.9064],[104.1438,-4.9272],[104.0941,-4.9181],[104.0552,-4.8916],[103.9647,-4.91],[103.9334,-4.8863],[103.8505,-4.9204],[103.865,-4.8495],[103.8234,-4.8207],[103.8235,-4.8013],[103.777,-4.7963],[103.7629,-4.7421],[103.6722,-4.7314],[103.7038,-4.7],[103.6997,-4.6724],[103.6611,-4.6105],[103.5968,-4.5959],[103.6301,-4.5569],[103.6182,-4.5336],[103.5827,-4.5256],[103.5099,-4.5759],[103.4194,-4.5268],[103.4056,-4.4967],[103.4642,-4.3379],[103.3275,-4.2918],[103.3055,-4.2552],[103.1791,-4.2339],[103.1856,-4.1637],[103.1213,-4.0174],[102.969,-4.0166],[102.9113,-3.971],[102.8615,-3.9929],[102.8454,-3.9772],[102.8167,-3.9815],[102.7758,-3.9174],[102.6885,-3.8605],[102.6587,-3.8153],[102.6185,-3.8015],[102.6563,-3.7717],[102.7305,-3.7484],[102.7434,-3.6781],[102.8098,-3.6094],[102.7955,-3.5833],[102.8109,-3.5294],[102.861,-3.5491],[102.9022,-3.6162],[102.9425,-3.5673],[102.9468,-3.5351],[102.9902,-3.5186],[102.9997,-3.3949],[102.9897,-3.3704],[102.9566,-3.3619],[102.8885,-3.3752],[102.8817,-3.3441],[102.8955,-3.3281],[102.8688,-3.3446],[102.812,-3.3362],[102.7745,-3.2804],[102.7434,-3.3148],[102.6778,-3.3207],[102.6362,-3.3524],[102.5888,-3.3296],[102.4918,-3.2448],[102.5019,-3.2169],[102.4884,-3.205],[102.4921,-3.1324],[102.4655,-3.076],[102.3899,-3.0443],[102.3225,-3.068],[102.289,-3.0401],[102.2529,-3.0333],[102.2245,-2.9298],[102.1328,-2.8765],[102.1292,-2.8353],[102.0736,-2.795],[102.0667,-2.7667],[102.0917,-2.7697],[102.1256,-2.7291],[102.234,-2.6911],[102.25,-2.6312],[102.2749,-2.6144],[102.328,-2.6552],[102.3886,-2.6484],[102.406,-2.6888],[102.4696,-2.7041],[102.4902,-2.7052],[102.5187,-2.6768],[102.5984,-2.6772],[102.6404,-2.6098],[102.7057,-2.5855],[102.7255,-2.5546],[102.7383,-2.5786],[102.7961,-2.5327],[102.7937,-2.5043],[102.8753,-2.4096],[102.8726,-2.3851],[102.8493,-2.3857],[102.8397,-2.3572],[102.8414,-2.337],[102.8774,-2.3049],[102.9918,-2.3405],[103.0345,-2.3389],[103.0329,-2.3211],[103.0543,-2.3123],[103.0676,-2.3322],[103.1423,-2.3612],[103.2114,-2.3182],[103.1955,-2.2553],[103.1607,-2.2338],[103.1843,-2.1902],[103.2191,-2.1717],[103.2235,-2.1372],[103.2727,-2.1481],[103.3016,-2.2368],[103.3811,-2.2852],[103.4098,-2.3337],[103.4468,-2.3564],[103.4656,-2.2598],[103.4416,-2.2132],[103.4532,-2.1775],[103.5001,-2.1787],[103.5613,-2.1387],[103.5176,-2.1313],[103.5041,-2.1113],[103.5213,-2.0678],[103.5521,-2.0481],[103.562,-2.0009],[103.4417,-1.9138],[103.4716,-1.8715],[103.5001,-1.8577],[103.556,-1.8923],[103.6002,-1.8126],[103.8636,-1.8039],[103.9253,-1.7502],[103.9805,-1.8092],[104.0652,-1.807],[104.0826,-1.79],[104.2501,-1.7416],[104.2844,-1.7479],[104.3001,-1.774],[104.3369,-1.7664],[104.3622,-1.6429],[104.4288,-1.6286],[104.4314,-1.6407],[104.4641,-1.6425],[104.494,-1.6835],[104.5201,-1.6786],[104.5449,-1.7257],[104.5355,-1.7979],[104.504,-1.8075],[104.464,-1.8652],[104.4784,-1.8799],[104.4657,-1.91],[104.4917,-1.9201],[104.5002,-1.9601],[104.5523,-1.8548],[104.651,-1.9016],[104.6411,-1.9353],[104.608,-1.9618],[104.6235,-1.9924],[104.6575,-1.964],[104.6844,-2],[104.8361,-2.0036],[104.8762,-2.0373],[104.908,-2.1475],[104.8583,-2.2345],[104.8365,-2.2445],[104.8531,-2.2883],[104.9256,-2.2932],[104.9088,-2.3731],[104.9278,-2.4084],[104.9396,-2.4025],[104.9333,-2.3455],[104.9624,-2.3364],[105.0268,-2.3471],[105.0522,-2.3817],[105.0719,-2.3674],[105.1221,-2.3822],[105.2277,-2.3348],[105.2964,-2.3722],[105.5174,-2.3933],[105.5579,-2.4193],[105.6162,-2.3902],[105.6255,-2.4334],[105.603,-2.5231],[105.6095,-2.5985],[105.6298,-2.6465],[105.6858,-2.6827],[105.7819,-2.686],[105.7844,-2.8511],[105.8145,-2.9208],[105.8789,-2.9621],[105.9377,-2.9585],[105.9581,-2.9422],[106.0415,-2.9882],[106.0565,-3.0663],[106.0478,-3.12],[106.0873,-3.2343],[105.9303,-3.3578],[105.8508,-3.5067],[105.8167,-3.6323],[105.8189,-3.695],[105.8503,-3.75],[105.8762,-3.7479],[105.9278,-3.7769],[105.9586,-3.8212],[105.957,-3.8481],[105.8733,-3.9972],[105.8386,-4.1627],[105.8216,-4.1662],[105.8082,-4.1234],[105.7856,-4.1171]]]]},"properties":{"name":"SUMATERA SELATAN"}},{"type":"Feature","geometry":{"type":"MultiPolygon","coordinates":[[[[101.2942,-2.2802],[101.305,-2.2019],[101.2695,-2.0749],[101.2404,-2.0173],[101.1902,-1.9849],[101.1393,-1.9055],[101.1258,-1.6791],[101.162,-1.6979],[101.1876,-1.6772],[101.2215,-1.7148],[101.2634,-1.6917],[101.4129,-1.6713],[101.4322,-1.6971],[101.4925,-1.681],[101.5292,-1.6055],[101.694,-1.4806],[101.7209,-1.4211],[101.6892,-1.3866],[101.7192,-1.3449],[101.6896,-1.295],[101.7092,-1.2376],[101.725,-1.2223],[101.8154,-1.2098],[101.8818,-1.1216],[101.8861,-1.0997],[101.8728,-1.0945],[101.8597,-1.1135],[101.8252,-1.094],[101.8215,-0.9772],[101.85,-0.9811],[101.8551,-0.9652],[101.9168,-0.9466],[101.9836,-0.8804],[102.042,-0.9003],[102.0624,-0.8895],[102.1166,-0.9212],[102.1393,-0.8994],[102.165,-0.8987],[102.2036,-0.9485],[102.2543,-0.9215],[102.3068,-0.9174],[102.3263,-0.9633],[102.3862,-0.9934],[102.3824,-1.0267],[102.4425,-1.0255],[102.4838,-1.081],[102.6168,-1.0946],[102.6448,-1.1204],[102.6846,-1.0789],[102.7304,-1.072],[102.7549,-1.0242],[102.7794,-1.0266],[102.7698,-1.0083],[102.7895,-0.9769],[102.9134,-0.8864],[103.0089,-0.7552],[103.126,-0.7464],[103.3458,-0.7863],[103.3601,-0.8032],[103.4098,-0.7735],[103.4628,-0.7684],[103.4823,-0.7714],[103.4931,-0.8029],[103.5443,-0.815],[103.5571,-0.8461],[103.5481,-0.8588],[103.5681,-0.8802],[103.5948,-0.8784],[103.6693,-0.9529],[103.7144,-0.9555],[103.7473,-0.982],[103.7482,-1.0001],[103.8719,-1.0011],[103.9094,-0.9812],[104.0516,-1.0099],[104.2097,-1.0714],[104.2643,-1.0465],[104.3362,-1.0496],[104.3633,-1.0201],[104.4016,-1.084],[104.4141,-1.1389],[104.3987,-1.2214],[104.4623,-1.3422],[104.4449,-1.5083],[104.4737,-1.6171],[104.5152,-1.6763],[104.4958,-1.6844],[104.4641,-1.6425],[104.4049,-1.63],[104.3627,-1.6423],[104.3475,-1.6714],[104.3511,-1.7415],[104.3369,-1.7664],[104.3001,-1.774],[104.2844,-1.7479],[104.2501,-1.7416],[104.0826,-1.79],[104.0652,-1.807],[103.9805,-1.8092],[103.9253,-1.7502],[103.8636,-1.8039],[103.6002,-1.8126],[103.556,-1.8923],[103.5001,-1.8577],[103.4716,-1.8715],[103.4417,-1.9138],[103.562,-2.0009],[103.5521,-2.0481],[103.5213,-2.0678],[103.5041,-2.1113],[103.5176,-2.1313],[103.5613,-2.1387],[103.5001,-2.1787],[103.4532,-2.1775],[103.4416,-2.2132],[103.4656,-2.2598],[103.4468,-2.3564],[103.4098,-2.3337],[103.3811,-2.2852],[103.3016,-2.2368],[103.2727,-2.1481],[103.2235,-2.1372],[103.2191,-2.1717],[103.1843,-2.1902],[103.1607,-2.2338],[103.1955,-2.2553],[103.2114,-2.3182],[103.1423,-2.3612],[103.0676,-2.3322],[103.0543,-2.3123],[103.0329,-2.3211],[103.0345,-2.3389],[102.9918,-2.3405],[102.8774,-2.3049],[102.8414,-2.337],[102.8397,-2.3572],[102.8493,-2.3857],[102.8726,-2.3851],[102.8753,-2.4096],[102.7937,-2.5043],[102.7961,-2.5327],[102.7383,-2.5786],[102.7255,-2.5546],[102.7057,-2.5855],[102.6404,-2.6098],[102.5984,-2.6772],[102.5187,-2.6768],[102.4902,-2.7052],[102.4696,-2.7041],[102.406,-2.6888],[102.3886,-2.6484],[102.328,-2.6552],[102.2749,-2.6144],[102.25,-2.6312],[102.234,-2.6911],[102.1256,-2.7291],[102.0858,-2.7702],[102.0344,-2.7597],[101.9897,-2.7231],[101.9121,-2.7391],[101.8679,-2.7282],[101.7333,-2.6079],[101.6704,-2.5287],[101.6289,-2.5462],[101.5687,-2.5447],[101.548,-2.5691],[101.5574,-2.449],[101.2942,-2.2802]],[[101.3849,-1.7007],[101.4138,-1.7123],[101.4218,-1.6862],[101.3849,-1.7007]],[[101.3604,-1.8246],[101.3585,-1.852],[101.4142,-1.8491],[101.4169,-1.8194],[101.3964,-1.7999],[101.3604,-1.8246]],[[101.4663,-2.1632],[101.4853,-2.1818],[101.5287,-2.1738],[101.5248,-2.1285],[101.5088,-2.1203],[101.4471,-2.1391],[101.4663,-2.1632]]],[[[104.2266,-1.0343],[104.2528,-1.0367],[104.2119,-1.0613],[104.2121,-1.0372],[104.2266,-1.0343]]]]},"properties":{"name":"JAMBI"}},{"type":"Feature","geometry":{"type":"MultiPolygon","coordinates":[[[[103.7775,-4.7965],[103.8222,-4.8002],[103.8234,-4.8207],[103.8641,-4.8475],[103.8505,-4.9204],[103.9334,-4.8863],[103.9647,-4.91],[104.0552,-4.8916],[104.0941,-4.9181],[104.1438,-4.9272],[104.1738,-4.9064],[104.192,-4.8627],[104.2131,-4.8587],[104.242,-4.882],[104.2857,-4.8573],[104.3139,-4.885],[104.3698,-4.8188],[104.3254,-4.8086],[104.3035,-4.7654],[104.3113,-4.7237],[104.287,-4.6829],[104.2942,-4.6472],[104.3327,-4.6119],[104.3116,-4.521],[104.3278,-4.4913],[104.3292,-4.4271],[104.3823,-4.3475],[104.4362,-4.3035],[104.4703,-4.3108],[104.6199,-4.2151],[104.6234,-4.2428],[104.7605,-4.245],[104.7904,-4.2623],[104.8171,-4.2405],[104.872,-4.2336],[104.8735,-4.2172],[104.9664,-4.1709],[105.012,-4.1737],[105.0606,-4.126],[105.0597,-4.097],[105.0934,-4.0461],[105.118,-4.0475],[105.1051,-4.0141],[105.1338,-3.9915],[105.1406,-3.9366],[105.1639,-3.9398],[105.2013,-3.892],[105.246,-3.9078],[105.2749,-3.8769],[105.2911,-3.8424],[105.2825,-3.7969],[105.3026,-3.7913],[105.3173,-3.7315],[105.3338,-3.7246],[105.357,-3.7973],[105.4147,-3.7768],[105.4351,-3.7878],[105.4311,-3.8264],[105.4783,-3.8217],[105.4911,-3.8406],[105.5234,-3.8411],[105.511,-3.873],[105.5217,-3.8923],[105.5462,-3.8813],[105.5711,-3.8997],[105.5621,-3.9291],[105.5811,-3.9379],[105.5964,-3.9248],[105.6087,-3.9395],[105.5882,-3.9537],[105.6282,-4.0048],[105.604,-4.0511],[105.6158,-4.0559],[105.6236,-4.0384],[105.661,-4.0471],[105.6449,-4.0638],[105.6498,-4.0838],[105.6791,-4.074],[105.6845,-4.0959],[105.7069,-4.0995],[105.7002,-4.1353],[105.7448,-4.1427],[105.7746,-4.1121],[105.8082,-4.1234],[105.8237,-4.1746],[105.8224,-4.3408],[105.8569,-4.3728],[105.8499,-4.4023],[105.8872,-4.4441],[105.9082,-4.4367],[105.8953,-4.4932],[105.9044,-4.5413],[105.8842,-4.5939],[105.9134,-4.6445],[105.893,-4.6801],[105.8743,-4.6808],[105.8589,-4.7997],[105.8701,-4.8761],[105.9037,-4.9389],[105.874,-4.9605],[105.865,-4.989],[105.8636,-5.2588],[105.8199,-5.3342],[105.8119,-5.5761],[105.8252,-5.5856],[105.7894,-5.7211],[105.7968,-5.7939],[105.7132,-5.9066],[105.7029,-5.8482],[105.6129,-5.8344],[105.5831,-5.8062],[105.5877,-5.7352],[105.5527,-5.6962],[105.5604,-5.6686],[105.5337,-5.6713],[105.5235,-5.695],[105.4693,-5.6476],[105.408,-5.6231],[105.2936,-5.4464],[105.2508,-5.4711],[105.2665,-5.522],[105.2465,-5.522],[105.2496,-5.5462],[105.2619,-5.5452],[105.2452,-5.5887],[105.2051,-5.5768],[105.1689,-5.5865],[105.1901,-5.651],[105.2099,-5.6471],[105.1749,-5.666],[105.192,-5.6807],[105.181,-5.686],[105.2198,-5.7188],[105.18,-5.722],[105.155,-5.7516],[105.1763,-5.7769],[105.2068,-5.7667],[105.2223,-5.7781],[105.1962,-5.8029],[105.1536,-5.8102],[105.1267,-5.7979],[105.1185,-5.7758],[105.0888,-5.795],[105.11,-5.7735],[105.0887,-5.7755],[105.0876,-5.7552],[105.0648,-5.7643],[105.0561,-5.7411],[105.0298,-5.7536],[105.0319,-5.7281],[104.9683,-5.7144],[104.962,-5.6937],[104.9496,-5.7088],[104.9112,-5.6848],[104.9013,-5.6568],[104.8795,-5.6608],[104.7721,-5.6033],[104.7092,-5.5227],[104.599,-5.4963],[104.5294,-5.5447],[104.6431,-5.6948],[104.6527,-5.7259],[104.6417,-5.7392],[104.7095,-5.8327],[104.6951,-5.8757],[104.7296,-5.9289],[104.5809,-5.9417],[104.5525,-5.9237],[104.5728,-5.8867],[104.5381,-5.8392],[104.453,-5.765],[104.4124,-5.7063],[104.2997,-5.641],[104.3184,-5.6132],[104.2979,-5.5738],[104.2137,-5.5243],[104.1766,-5.482],[104.1201,-5.4575],[104.1049,-5.4253],[104.0672,-5.4051],[104.0261,-5.3603],[104.0242,-5.331],[103.993,-5.3168],[104.0056,-5.2921],[103.9954,-5.2666],[103.9042,-5.2301],[103.9005,-5.2116],[103.9336,-5.1792],[103.9206,-5.1383],[103.863,-5.1095],[103.8354,-5.0654],[103.7815,-5.0309],[103.7459,-5.0415],[103.7469,-4.9946],[103.7152,-4.9677],[103.689,-4.9617],[103.6537,-4.9898],[103.6552,-4.9541],[103.637,-4.9324],[103.5982,-4.9224],[103.6054,-4.8908],[103.6249,-4.8912],[103.6385,-4.8686],[103.7078,-4.8309],[103.7204,-4.8009],[103.7775,-4.7965]]],[[[104.8533,-5.8137],[104.8548,-5.844],[104.8118,-5.8256],[104.7793,-5.7611],[104.8533,-5.8137]]],[[[105.5081,-5.9265],[105.5025,-5.9655],[105.4665,-5.9623],[105.4757,-5.9247],[105.5081,-5.9265]]],[[[105.2994,-5.8029],[105.3056,-5.8198],[105.2834,-5.8402],[105.2284,-5.8296],[105.2719,-5.8053],[105.279,-5.8139],[105.2908,-5.7881],[105.2994,-5.8029]]],[[[105.5332,-5.8625],[105.5278,-5.8929],[105.5031,-5.901],[105.4905,-5.8822],[105.5042,-5.8553],[105.5319,-5.8459],[105.5332,-5.8625]]],[[[105.2201,-5.689],[105.2079,-5.6867],[105.2108,-5.6645],[105.2403,-5.6692],[105.2201,-5.689]]],[[[105.2302,-5.6249],[105.2419,-5.6424],[105.2137,-5.6377],[105.2138,-5.6218],[105.2302,-5.6249]]],[[[105.7888,-5.8526],[105.784,-5.8668],[105.7706,-5.8612],[105.7888,-5.8526]]]]},"properties":{"name":"LAMPUNG"}},{"type":"Feature","geometry":{"type":"MultiPolygon","coordinates":[[[[103.7773,-4.7964],[103.7204,-4.8009],[103.7078,-4.8309],[103.6385,-4.8686],[103.6249,-4.8912],[103.6054,-4.8908],[103.5982,-4.9224],[103.5316,-4.9162],[103.5257,-4.8917],[103.5004,-4.8759],[103.4073,-4.8606],[103.41,-4.833],[103.3774,-4.7993],[103.326,-4.8063],[103.309,-4.7818],[103.3191,-4.7623],[103.2862,-4.7114],[103.1531,-4.6033],[103.0162,-4.5268],[102.9001,-4.49],[102.8832,-4.442],[102.7926,-4.3546],[102.2834,-3.9622],[102.2671,-3.9106],[102.2781,-3.9003],[102.2935,-3.921],[102.3132,-3.8726],[102.2503,-3.7916],[102.266,-3.7646],[102.2354,-3.7135],[102.2453,-3.693],[102.2161,-3.6545],[102.0873,-3.5507],[101.9339,-3.4772],[101.9139,-3.4357],[101.7996,-3.3726],[101.6207,-3.2399],[101.5245,-3.1162],[101.4788,-3.0084],[101.4057,-2.9257],[101.3253,-2.7391],[101.1549,-2.6392],[101.0278,-2.4822],[101.2446,-2.3449],[101.2942,-2.2802],[101.5574,-2.449],[101.548,-2.5691],[101.5687,-2.5447],[101.6289,-2.5462],[101.6704,-2.5287],[101.7333,-2.6079],[101.8679,-2.7282],[101.9121,-2.7391],[101.9897,-2.7231],[102.026,-2.7554],[102.0668,-2.7667],[102.0736,-2.795],[102.1292,-2.8353],[102.1328,-2.8765],[102.2245,-2.9298],[102.2529,-3.0333],[102.289,-3.0401],[102.3225,-3.068],[102.3899,-3.0443],[102.4623,-3.0727],[102.4921,-3.1324],[102.4884,-3.205],[102.5019,-3.2169],[102.4918,-3.2448],[102.5888,-3.3296],[102.6362,-3.3524],[102.6778,-3.3207],[102.7434,-3.3148],[102.7745,-3.2804],[102.812,-3.3362],[102.8688,-3.3446],[102.8955,-3.3281],[102.8817,-3.3441],[102.8885,-3.3752],[102.9889,-3.3697],[102.9997,-3.3949],[102.9902,-3.5186],[102.9468,-3.5351],[102.9425,-3.5673],[102.9022,-3.6162],[102.861,-3.5491],[102.8109,-3.5294],[102.7955,-3.5833],[102.8098,-3.6094],[102.7434,-3.6781],[102.7305,-3.7484],[102.6563,-3.7717],[102.6185,-3.8015],[102.6587,-3.8153],[102.6885,-3.8605],[102.7758,-3.9174],[102.8167,-3.9815],[102.8454,-3.9772],[102.8615,-3.9929],[102.9113,-3.971],[102.969,-4.0166],[103.1213,-4.0174],[103.1856,-4.1637],[103.1801,-4.2351],[103.3055,-4.2552],[103.3275,-4.2918],[103.4674,-4.3431],[103.4282,-4.4069],[103.4051,-4.4992],[103.4194,-4.5268],[103.5099,-4.5759],[103.5827,-4.5256],[103.6177,-4.5332],[103.6301,-4.5569],[103.5968,-4.5959],[103.6611,-4.6105],[103.6997,-4.6724],[103.7038,-4.7],[103.6722,-4.7314],[103.7629,-4.7421],[103.7773,-4.7964]]],[[[102.156,-5.2859],[102.1713,-5.2773],[102.2526,-5.3137],[102.3011,-5.3541],[102.4001,-5.39],[102.3793,-5.4564],[102.3509,-5.4546],[102.3873,-5.4886],[102.3688,-5.5034],[102.3339,-5.4934],[102.3271,-5.4754],[102.315,-5.4858],[102.2944,-5.4744],[102.2878,-5.5104],[102.264,-5.4932],[102.2577,-5.4588],[102.2156,-5.4093],[102.1855,-5.406],[102.1025,-5.3473],[102.1117,-5.3196],[102.1495,-5.3088],[102.156,-5.2859]]],[[[101.0222,-3.9999],[101.047,-3.9759],[101.0322,-4.013],[101.0222,-3.9999]]],[[[102.2991,-3.8949],[102.2819,-3.8972],[102.3068,-3.8806],[102.2939,-3.8354],[102.311,-3.8802],[102.2991,-3.8949]]]]},"properties":{"name":"BENGKULU"}},{"type":"Feature","geometry":{"type":"MultiPolygon","coordinates":[[[[98.2557,4.291],[98.2012,4.3042],[98.1466,4.2903],[98.1435,4.2642],[98.0688,4.2556],[98.0948,4.2168],[98.0909,4.1967],[98.0593,4.1907],[98.0736,4.1499],[98.0537,4.1429],[98.0534,4.1082],[98.0408,4.104],[98.0457,4.0367],[98.0303,4.026],[98.0231,3.9698],[97.9582,3.9289],[97.949,3.8909],[97.9043,3.9115],[97.9232,3.8477],[97.9105,3.8229],[97.7995,3.7259],[97.869,3.6117],[97.867,3.5749],[97.9042,3.557],[97.9206,3.4975],[97.9556,3.4814],[97.9319,3.4454],[97.9497,3.3915],[98.0031,3.3698],[98.0298,3.3299],[98.0189,3.2993],[97.9849,3.2756],[97.8723,3.249],[97.9253,3.2264],[97.9439,3.1619],[97.9806,3.1231],[97.9748,3.0699],[97.9306,3.0626],[97.9569,2.9732],[97.9546,2.9003],[98.0068,2.8896],[98.0445,2.8247],[98.0882,2.8219],[98.1122,2.7885],[98.0864,2.7375],[98.1027,2.6868],[98.1292,2.6623],[98.0851,2.6342],[98.0752,2.5755],[98.1093,2.43],[98.1544,2.4149],[98.1876,2.3229],[98.1605,2.1769],[98.1531,2.146],[98.1002,2.1932],[97.9492,2.2684],[97.914,2.2701],[97.875,2.2389],[97.8588,2.2541],[97.8821,2.2525],[97.9006,2.2831],[97.8507,2.2475],[97.8018,2.2674],[97.783,2.2352],[97.6609,2.3989],[97.6505,2.6682],[97.6005,2.8689],[97.5812,2.8902],[97.5409,2.8852],[97.4912,2.9214],[97.429,2.9333],[97.3647,2.995],[97.3112,3.0656],[97.2658,3.2097],[97.2117,3.2506],[97.1693,3.2565],[97.0016,3.5458],[96.9048,3.6011],[96.869,3.6889],[96.748,3.7432],[96.5415,3.7288],[96.4965,3.7485],[96.3919,3.8446],[96.2019,4.095],[96.1439,4.1416],[96.1261,4.1257],[96.0548,4.2065],[96.0221,4.1944],[95.9013,4.3423],[95.7089,4.536],[95.5949,4.6268],[95.5652,4.6285],[95.579,4.6573],[95.5366,4.658],[95.4928,4.75],[95.4526,4.7821],[95.4459,4.8069],[95.4126,4.8195],[95.4257,4.8379],[95.3669,4.9472],[95.3807,4.9644],[95.3557,4.9998],[95.363,5.0331],[95.307,5.082],[95.3163,5.0907],[95.3033,5.1153],[95.2826,5.1082],[95.3086,5.1302],[95.3088,5.1676],[95.2413,5.2238],[95.2534,5.2367],[95.2342,5.2524],[95.2394,5.281],[95.2117,5.2765],[95.2163,5.3242],[95.2363,5.3258],[95.2208,5.3449],[95.2301,5.3622],[95.2435,5.339],[95.252,5.3871],[95.2306,5.432],[95.2412,5.4723],[95.1951,5.5283],[95.2254,5.5758],[95.2641,5.5499],[95.3151,5.5833],[95.3183,5.5548],[95.3686,5.5261],[95.3579,5.5121],[95.3722,5.5],[95.3586,5.5127],[95.3694,5.5264],[95.3189,5.5551],[95.317,5.5853],[95.3473,5.5979],[95.3378,5.5737],[95.3497,5.5935],[95.3565,5.5655],[95.3672,5.5878],[95.3539,5.5915],[95.3846,5.618],[95.393,5.6065],[95.3998,5.6294],[95.4112,5.6158],[95.4012,5.5666],[95.4118,5.6167],[95.4006,5.63],[95.4315,5.6571],[95.5206,5.5955],[95.5301,5.6143],[95.6116,5.6286],[95.6657,5.5933],[95.8843,5.5069],[95.9079,5.4302],[96.0516,5.326],[96.0715,5.2941],[96.1869,5.2603],[96.259,5.2618],[96.392,5.21],[96.4656,5.2369],[96.4882,5.206],[96.5374,5.1959],[96.6389,5.21],[96.8302,5.2724],[96.8645,5.2703],[96.8935,5.2481],[96.9853,5.2621],[97.116,5.2194],[97.1498,5.1905],[97.1467,5.1661],[97.1331,5.1755],[97.146,5.1549],[97.1927,5.1418],[97.5042,5.249],[97.5535,5.213],[97.5945,5.142],[97.6256,5.1181],[97.6553,5.12],[97.6536,5.0727],[97.7977,4.9405],[97.8637,4.8913],[97.9003,4.8863],[97.9538,4.7513],[97.9623,4.6637],[98.0173,4.6068],[97.9705,4.5603],[97.9843,4.5331],[98.0369,4.545],[98.0395,4.5268],[98.0672,4.5481],[98.0921,4.5192],[98.1699,4.5005],[98.2859,4.4182],[98.2715,4.366],[98.2792,4.3321],[98.2557,4.291]]],[[[96.0,2.5872],[95.9923,2.5656],[95.9742,2.5884],[95.943,2.5694],[95.8879,2.6002],[95.8623,2.6374],[95.8356,2.62],[95.8174,2.6456],[95.7962,2.6286],[95.7883,2.6714],[95.7576,2.6948],[95.7452,2.7305],[95.7223,2.7391],[95.7325,2.7554],[95.6979,2.7497],[95.6908,2.7741],[95.7185,2.8219],[95.777,2.8173],[95.7925,2.8359],[95.7628,2.8551],[95.7878,2.9243],[95.8044,2.9279],[95.802,2.9062],[95.8175,2.9122],[95.8388,2.8799],[95.8343,2.9098],[95.8718,2.9086],[95.9155,2.8679],[95.9103,2.8469],[95.8733,2.868],[95.881,2.8239],[95.9024,2.8213],[95.9148,2.843],[95.9733,2.8087],[96.0234,2.7546],[96.1066,2.7501],[96.1153,2.7384],[96.0862,2.7525],[96.0747,2.7359],[96.0877,2.7466],[96.1261,2.7258],[96.1078,2.7254],[96.1099,2.7099],[96.1256,2.6995],[96.1416,2.7101],[96.1457,2.687],[96.1133,2.6909],[96.0886,2.6728],[96.1005,2.6349],[96.1271,2.6351],[96.1193,2.6439],[96.1368,2.6523],[96.1399,2.6354],[96.1499,2.6429],[96.1796,2.6131],[96.1789,2.6484],[96.2004,2.6441],[96.2454,2.5846],[96.3375,2.5535],[96.334,2.521],[96.3695,2.5083],[96.3582,2.5004],[96.3854,2.4722],[96.3774,2.4554],[96.3996,2.4589],[96.3874,2.4913],[96.3994,2.5112],[96.4085,2.4855],[96.4186,2.478],[96.4191,2.4915],[96.4627,2.4553],[96.461,2.4213],[96.468,2.4294],[96.4832,2.4076],[96.4686,2.3997],[96.4902,2.3622],[96.4312,2.328],[96.38,2.3501],[96.3595,2.3368],[96.3172,2.3502],[96.3085,2.3597],[96.3287,2.3864],[96.3073,2.3864],[96.306,2.4194],[96.2215,2.441],[96.0749,2.5645],[96.0,2.5872]]],[[[97.2937,2.0795],[97.2624,2.1023],[97.2562,2.1332],[97.2262,2.1465],[97.2291,2.1655],[97.2159,2.154],[97.2052,2.1771],[97.1685,2.1757],[97.1435,2.1987],[97.1178,2.1973],[97.1079,2.2178],[97.162,2.2356],[97.1732,2.2168],[97.1853,2.2241],[97.1878,2.2009],[97.2197,2.2041],[97.2296,2.2327],[97.2938,2.2273],[97.301,2.2053],[97.2861,2.2027],[97.3293,2.1513],[97.3357,2.1618],[97.3419,2.124],[97.3306,2.1135],[97.3564,2.0919],[97.3376,2.0861],[97.3355,2.0311],[97.3338,2.0574],[97.3091,2.0559],[97.2937,2.0795]]],[[[95.329,5.7717],[95.2815,5.7837],[95.2595,5.8409],[95.2213,5.8742],[95.2172,5.9072],[95.2938,5.8381],[95.3031,5.8733],[95.3164,5.8659],[95.3244,5.8815],[95.3108,5.894],[95.3293,5.8993],[95.3532,5.8803],[95.3753,5.8475],[95.3766,5.806],[95.3463,5.8262],[95.3474,5.7933],[95.329,5.7717]]],[[[95.0761,5.7224],[95.1064,5.7131],[95.1441,5.6663],[95.0743,5.6687],[95.0784,5.6561],[95.0544,5.6486],[95.0691,5.667],[95.0439,5.6719],[95.0569,5.689],[95.0407,5.7083],[95.0618,5.717],[95.0461,5.7345],[95.0095,5.7229],[95.0281,5.7476],[95.0576,5.7529],[95.0761,5.7224]]],[[[97.111,2.1118],[97.155,2.0684],[97.1118,2.0362],[97.1215,2.0107],[97.108,2.0019],[97.068,2.0755],[97.0908,2.0886],[97.092,2.1105],[97.111,2.1118]]],[[[96.6297,2.1198],[96.6594,2.1207],[96.6796,2.0891],[96.6413,2.0577],[96.6065,2.0856],[96.6072,2.1094],[96.6297,2.1198]]],[[[95.1716,5.6314],[95.1946,5.6052],[95.1496,5.5913],[95.1426,5.606],[95.1201,5.6014],[95.1462,5.6367],[95.1409,5.6609],[95.167,5.652],[95.1587,5.6433],[95.1716,5.6314]]],[[[96.624,2.1877],[96.6504,2.1698],[96.647,2.1529],[96.6271,2.1514],[96.6023,2.1767],[96.624,2.1877]]],[[[97.3969,2.3516],[97.4157,2.3063],[97.3899,2.3427],[97.3765,2.3385],[97.3741,2.3622],[97.3969,2.3516]]],[[[96.2351,2.3618],[96.2487,2.3742],[96.2536,2.363],[96.2396,2.3444],[96.2128,2.3568],[96.2351,2.3618]]],[[[95.918,2.5316],[95.9347,2.5458],[95.96,2.525],[95.918,2.5316]]],[[[96.5034,2.4211],[96.4727,2.4249],[96.4839,2.4381],[96.5034,2.4211]]],[[[95.3667,4.8755],[95.3893,4.8695],[95.3813,4.858],[95.3667,4.8755]]],[[[97.4279,2.17],[97.4377,2.1895],[97.4367,2.1601],[97.4279,2.17]]]]},"properties":{"name":"DI. ACEH"}}]}